PECK;ACRED;GEN
TUR;CAR;PRINT
TUR;CAR;PRINT
TUR;CAR;PRINT
TUR;CAR;PRINT
TUR;CAR;PRINT
TUR;CAR;PRINT
TUR;CAR;PRINT
TUR;CAR;PRINT
TUR;CAR;PRINT
TUR;CAR;PRINT
TUR;CAR;PRINT
TUR;CAR;PRINT
TUR;CAR;PRINT
TUR;CAR;PRINT
TUR;CAR;PRINT
TUR;CAR;PRINT
TUR;CAR;PRINT
TUR;CAR;PRINT
TUR;CAR;PRINT
TUR;CAR;PRINT
TUR;CAR;PRINT
TUR;CAR;PRINT
TUR;CAR;PRINT
TUR;CAR;PRINT
TUR;CAR;PRINT
TUR;CAR;PRINT
TUR;CAR;PRINT
TUR;CAR;PRINT
TUR;CAR;PRINT
TUR;CAR;PRINT
TUR;CAR;PRINT
TUR;CAR;PRINT
TUR;CAR;PRINT
TUR;CAR;PRINT
TUR;CAR;PRINT
TUR;CAR;PRINT
TUR;CAR;PRINT
TUR;CAR;PRINT
TUR;CAR;PRINT
TUR;CAR;PRINT
TUR;CAR;PRINT
TUR;CAR;PRINT
TUR;CAR;PRINT
TUR;CAR;PRINT
TUR;CAR;PRINT
TUR;CAR;PRINT
TUR;CAR;PRINT
TUR;CAR;PRINT
TUR;CAR;PRINT
TUR;CAR;PRINT
TUR;CAR;PRINT
TUR;CAR;PRINT
TUR;CAR;PRINT
TUR;CAR;PRINT
TUR;CAR;PRINT
TUR;CAR;PRINT
TUR;CAR;PRINT
TUR;CAR;PRINT
TUR;CAR;PRINT
TUR;CAR;PRINT
TUR;CAR;PRINT
TUR;CAR;PRINT
TUR;CAR;PRINT
TUR;CAR;PRINT
TUR;CAR;PRINT
TUR;CAR;PRINT
TUR;CAR;PRINT
TUR;CAR;PRINT
TUR;CAR;PRINT
TUR;CAR;PRINT
TUR;CAR;PRINT
TUR;CAR;PRINT
TUR;CAR;PRINT
TUR;CAR;PRINT
TUR;CAR;PRINT
TUR;CAR;PRINT
TUR;CAR;PRINT
TUR;CAR;PRINT
TUR;CAR;PRINT
TUR;CAR;PRINT
TUR;CAR;PRINT
TUR;CAR;PRINT
TUR;CAR;PRINT
TUR;CAR;PRINT
TUR;CAR;PRINT
TUR;CAR;PRINT
TUR;CAR;PRINT
TUR;CAR;PRINT
TUR;CAR;PRINT
TUR;CAR;PRINT
TUR;CAR;PRINT
TUR;CAR;PRINT
TUR;CAR;PRINT
TUR;CAR;PRINT
TUR;CAR;PRINT
TUR;CAR;PRINT
TUR;CAR;PRINT
TUR;CAR;PRINT
TUR;CAR;PRINT
TUR;CAR;PRINT
TUR;CAR;PRINT
TUR;CAR;PRINT
TUR;CAR;PRINT
TUR;CAR;PRINT
TUR;CAR;PRINT
TUR;CAR;PRINT
TUR;CAR;PRINT
TUR;CAR;PRINT
TUR;CAR;PRINT
TUR;CAR;PRINT
TUR;CAR;PRINT
TUR;CAR;PRINT
TUR;CAR;PRINT
TUR;CAR;PRINT
TUR;CAR;PRINT
TUR;CAR;PRINT
TUR;CAR;PRINT
TUR;CAR;PRINT
TUR;CAR;PRINT
TUR;CAR;PRINT
TUR;CAR;PRINT
TUR;CAR;PRINT
TUR;CAR;DIG
TUR;CAR;DIG
TUR;CAR;PRINT
TUR;CAR;PRINT
TUR;CAR;PRINT
TUR;CAR;PRINT
TUR;CAR;PRINT
TUR;CAR;PRINT
TUR;CAR;PRINT
TUR;CAR;PRINT
TUR;CAR;PRINT
TUR;CAR;PRINT
TUR;CAR;PRINT
TUR;CAR;PRINT
TUR;CAR;PRINT
TUR;CAR;PRINT
TUR;CAR;PRINT
TUR;CAR;PRINT
TUR;CPROF;DIG
TUR;CPROF;DIG
TUR;CPROF;DIG
TUR;CPROF;DIG
TUR;CPROF;DIG
TUR;CPROF;DIG
TUR;CPROF;DIG
TUR;CPROF;DIG
TUR;CPROF;DIG
TUR;CPROF;DIG
TUR;CPROF;DIG
TUR;CPROF;DIG
TUR;CPROF;DIG
TUR;CPROF;DIG
TUR;CPROF;DIG
TUR;CPROF;DIG
TUR;CPROF;DIG
TUR;CPROF;DIG
TUR;CPROF;DIG
TUR;CPROF;DIG
TUR;CPROF;DIG
TUR;CPROF;DIG
TUR;CPROF;DIG
TUR;CPROF;DIG
TUR;CPROF;DIG
TUR;CPROF;DIG
TUR;CPROF;DIG
TUR;CPROF;DIG
TUR;CPROF;DIG
TUR;CPROF;DIG
TUR;CPROF;DIG
TUR;CPROF;DIG
TUR;CPROF;DIG
TUR;CPROF;DIG
TUR;CAR;PRINT
TUR;CAR;PRINT
TUR;CAR;PRINT
TUR;CAR;PRINT
TUR;CAR;PRINT
TUR;CAR;PRINT
TUR;CAR;PRINT
TUR;CAR;PRINT
TUR;CAR;PRINT
TUR;CAR;PRINT
TUR;CAR;PRINT
TUR;CAR;PRINT
TUR;CAR;PRINT
TUR;CAR;PRINT
TUR;CAR;PRINT
TUR;CAR;PRINT
TUR;CAR;PRINT
TUR;CAR;PRINT
TUR;CAR;PRINT
TUR;CAR;PRINT
TUR;CAR;PRINT
TUR;CAR;PRINT
TUR;CAR;PRINT
TUR;CAR;PRINT
TUR;CAR;PRINT
TUR;CAR;PRINT
TUR;CAR;PRINT
TUR;CAR;PRINT
TUR;CAR;PRINT
TUR;CAR;PRINT
TUR;CAR;PRINT
TUR;CAR;PRINT
TUR;CAR;PRINT
TUR;CAR;PRINT
TUR;CAR;PRINT
TUR;CAR;PRINT
TUR;CAR;PRINT
TUR;CAR;PRINT
TUR;CAR;PRINT
TUR;CAR;PRINT
TUR;CAR;PRINT
TUR;CAR;PRINT
TUR;CPROF;PRINT
TUR;CPROF;PRINT
TUR;CPROF;PRINT
TUR;CPROF;PRINT
TUR;CPROF;PRINT
TUR;CPROF;PRINT
TUR;CPROF;PRINT
TUR;CPROF;PRINT
TUR;CPROF;PRINT
TUR;CPROF;PRINT
TUR;CPROF;PRINT
TUR;CPROF;PRINT
TUR;CPROF;PRINT
TUR;CPROF;PRINT
TUR;CPROF;PRINT
TUR;CPROF;PRINT
TUR;CPROF;PRINT
TUR;CPROF;PRINT
TUR;CPROF;PRINT
TUR;CPROF;PRINT
TUR;CPROF;PRINT
TUR;CPROF;PRINT
TUR;CPROF;PRINT
TUR;CPROF;PRINT
TUR;CPROF;PRINT
TUR;CPROF;PRINT
TUR;CPROF;PRINT
TUR;CPROF;PRINT
TUR;CPROF;PRINT
TUR;CPROF;PRINT
TUR;CPROF;PRINT
TUR;CPROF;PRINT
TUR;CPROF;PRINT
TUR;CPROF;PRINT
TUR;CPROF;PRINT
TUR;CPROF;PRINT
TUR;CPROF;PRINT
TUR;CPROF;PRINT
TUR;CPROF;PRINT
TUR;CPROF;PRINT
TUR;CPROF;PRINT
TUR;CPROF;PRINT
TUR;CPROF;PRINT
TUR;CPROF;PRINT
TUR;CPROF;PRINT
TUR;CPROF;PRINT
TUR;CPROF;PRINT
TUR;CPROF;PRINT
TUR;CPROF;PRINT
TUR;CPROF;PRINT
TUR;CPROF;PRINT
TUR;CPROF;PRINT
TUR;CPROF;PRINT
TUR;CPROF;PRINT
TUR;CPROF;PRINT
TUR;CPROF;PRINT
TUR;CPROF;PRINT
TUR;CPROF;PRINT
TUR;CPROF;PRINT
TUR;CPROF;PRINT
TUR;CPROF;PRINT
TUR;CPROF;PRINT
TUR;CPROF;PRINT
TUR;CPROF;PRINT
TUR;CPROF;PRINT
TUR;CPROF;PRINT
TUR;CPROF;PRINT
TUR;CPROF;PRINT
TUR;CPROF;PRINT
TUR;CPROF;PRINT
TUR;CPROF;PRINT
TUR;CPROF;PRINT
TUR;CPROF;PRINT
TUR;CPROF;PRINT
TUR;CPROF;PRINT
TUR;CPROF;PRINT
TUR;CPROF;PRINT
TUR;CAM;EVE
TUR;CAM;EVE
TUR;CAM;EVE
TUR;CAM;EVE
TUR;CAM;EVE
TUR;CAM;EVE
TUR;CAR;PRINT
TUR;CAM;EVE
TUR;CAM;EVE
TUR;CAM;EVE
TUR;CAM;EVE
TUR;CAM;EVE
TUR;CAM;EVE
TUR;CAM;EVE
TUR;CAM;EVE
TUR;CAM;EVE
TUR;CAM;EVE
TUR;CAM;EVE
TUR;CAM;EVE
TUR;CAM;EVE
TUR;CAM;EVE
TUR;CAM;EVE
TUR;CAM;EVE
TUR;CAM;EVE
TUR;CAM;EVE
TUR;CAM;EVE
TUR;CAM;DIG
TUR;CAM;DIG
TUR;CAM;DIG
TUR;CAM;DIG
TUR;CAM;DIG
TUR;CAM;DIG
TUR;CAM;DIG
TUR;CAM;DIG
TUR;CAM;DIG
TUR;CAM;DIG
TUR;CAM;DIG
TUR;CAM;DIG
TUR;CAM;DIG
TUR;CAM;DIG
TUR;CAM;DIG
TUR;CAM;DIG
TUR;CAM;DIG
TUR;CAM;DIG
TUR;CAM;DIG
TUR;CAM;DIG
TUR;CAM;DIG
TUR;CAM;DIG
TUR;CAM;DIG
TUR;CAM;DIG
TUR;CAM;DIG
TUR;CAM;DIG
TUR;CAM;DIG
TUR;CAM;DIG
TUR;CAM;DIG
TUR;CAM;DIG
TUR;CAM;DIG
TUR;CAM;DIG
TUR;CAM;DIG
TUR;CAM;DIG
TUR;CAM;DIG
TUR;CAM;DIG
TUR;CAM;DIG
TUR;CAM;DIG
TUR;CAM;DIG
TUR;CAM;DIG
TUR;CAM;DIG
TUR;CAM;DIG
TUR;CAM;DIG
TUR;CAM;DIG
TUR;CAM;DIG
TUR;CAM;DIG
TUR;CAM;DIG
TUR;CAM;DIG
TUR;CAM;DIG
TUR;CAM;DIG
TUR;CAM;DIG
TUR;CAM;DIG
TUR;CAM;DIG
TUR;CAM;DIG
TUR;CAM;DIG
TUR;CAM;DIG
TUR;CAM;DIG
TUR;CAM;DIG
TUR;CAM;DIG
TUR;CAM;DIG
TUR;CAM;DIG
TUR;CAM;DIG
TUR;CAM;DIG
TUR;CAM;DIG
TUR;CAM;DIG
TUR;CAM;DIG
TUR;CAM;DIG
TUR;CAM;DIG
TUR;CAM;DIG
TUR;CAM;DIG
TUR;CAM;DIG
TUR;CAM;DIG
TUR;CAM;DIG
TUR;CAM;DIG
TUR;CAM;DIG
TUR;CAM;DIG
TUR;CAM;DIG
TUR;CAM;DIG
TUR;CAM;DIG
TUR;CAM;DIG
TUR;CAM;DIG
TUR;CAM;DIG
TUR;CAM;DIG
TUR;CAM;DIG
TUR;CAM;DIG
TUR;CAM;DIG
TUR;CAM;DIG
TUR;CAM;DIG
TUR;CAM;DIG
TUR;CAM;DIG
TUR;CAM;DIG
TUR;CAM;DIG
TUR;CAM;DIG
TUR;CAM;DIG
TUR;CAM;DIG
TUR;CAM;DIG
TUR;CAM;DIG
TUR;CAM;DIG
TUR;CAM;DIG
TUR;CAM;DIG
TUR;CAM;DIG
TUR;CAM;DIG
TUR;CAM;DIG
TUR;CAM;DIG
TUR;CAM;DIG
TUR;CAM;DIG
TUR;CAM;DIG
TUR;CAM;DIG
TUR;CAM;DIG
TUR;CAM;DIG
TUR;CAM;DIG
TUR;CAM;DIG
TUR;CAM;DIG
TUR;CAM;DIG
TUR;CAM;DIG
TUR;CAM;DIG
TUR;CAM;DIG
TUR;CAM;DIG
TUR;CAM;DIG
TUR;CAM;DIG
TUR;CAM;DIG
TUR;CAM;DIG
TUR;CAM;DIG
TUR;CAM;DIG
TUR;CAM;PRINT
TUR;CAM;PRINT
TUR;CAM;EVE
TUR;CAM;EVE
TUR;CAM;EVE
TUR;CAM;EVE
TUR;CAM;EVE
TUR;CAM;EVE
TUR;CAM;EVE
TUR;CAM;EVE
TUR;CAM;DIG
TUR;CAM;DIG
TUR;CAM;GEN
TUR;CAM;GEN
TUR;CAM;GEN
TUR;CAM;GEN
TUR;CAM;EVE
TUR;CAM;EVE
TUR;CAM;EVE
TUR;CAM;EVE
TUR;CAM;EVE
TUR;CAM;EVE
TUR;CAM;EVE
TUR;CAM;EVE
TUR;CAM;EVE
TUR;CAM;EVE
TUR;CAM;EVE
TUR;CAM;EVE
TUR;CAM;EVE
TUR;CAM;EVE
TUR;CAM;EVE
TUR;CAM;EVE
TUR;CAM;EVE
TUR;CAM;EVE
TUR;CAM;EVE
TUR;CAM;EVE
TUR;CAM;EVE
TUR;CAM;EVE
TUR;CAR;DIG
TUR;CAR;DIG
TUR;CAR;DIG
TUR;CAR;DIG
TUR;CAR;DIG
TUR;CAR;DIG
TUR;CAR;PRINT
TUR;CAR;PRINT
TUR;CAM;DIG
TUR;CAM;DIG
TUR;CAR;DIG
TUR;CAR;DIG
TUR;CAR;DIG
TUR;CAR;DIG
TUR;CAR;DIG
TUR;CAR;DIG
TUR;CAR;DIG
TUR;CAR;DIG
TUR;CAR;DIG
TUR;CAR;DIG
TUR;CAR;DIG
TUR;CAR;DIG
TUR;CAR;DIG
TUR;CAR;DIG
TUR;CAR;DIG
TUR;CAR;DIG
TUR;CAR;DIG
TUR;CAR;DIG
TUR;CAR;DIG
TUR;CAR;DIG
TUR;CAR;DIG
TUR;CAR;DIG
TUR;CAR;DIG
TUR;CAR;DIG
TUR;CAR;DIG
TUR;CAR;DIG
TUR;CAR;DIG
TUR;CAR;DIG
TUR;CAR;DIG
TUR;CAR;DIG
TUR;CAR;DIG
TUR;CAR;DIG
TUR;CAR;DIG
TUR;CAR;DIG
TUR;CAR;DIG
TUR;CAR;DIG
TUR;CAR;DIG
TUR;CAR;DIG
TUR;CAR;DIG
TUR;CAR;DIG
TUR;CAR;DIG
TUR;CAR;DIG
TUR;CAR;DIG
TUR;CAR;DIG
TUR;CAR;DIG
TUR;CAR;DIG
TUR;CAR;DIG
TUR;CAR;DIG
TUR;CAR;DIG
TUR;CAR;DIG
TUR;CAR;DIG
TUR;CAR;DIG
TUR;CAR;DIG
TUR;CAR;DIG
TUR;CAR;DIG
TUR;CAR;DIG
TUR;CAR;DIG
TUR;CAR;DIG
TUR;CAR;DIG
TUR;CAR;DIG
TUR;CAR;DIG
TUR;CAR;DIG
TUR;CAR;DIG
TUR;CAR;DIG
TUR;CAR;DIG
TUR;CAR;DIG
TUR;CAR;DIG
TUR;CAR;DIG
TUR;CAR;DIG
TUR;CAR;DIG
TUR;CAR;DIG
TUR;CAR;DIG
TUR;CAR;DIG
TUR;CAR;DIG
TUR;CAR;DIG
TUR;CAR;DIG
TUR;CAR;DIG
TUR;CAR;DIG
TUR;CAR;DIG
TUR;CAR;DIG
TUR;CAR;DIG
TUR;CAR;DIG
TUR;CAR;DIG
TUR;CAR;DIG
TUR;CAR;DIG
TUR;CAR;DIG
TUR;CAR;DIG
TUR;CAR;DIG
TUR;CAR;DIG
TUR;CAR;DIG
TUR;CAR;DIG
TUR;CAR;DIG
TUR;CAR;DIG
TUR;CAR;EVE
TUR;CAR;EVE
TUR;CAR;DIG
TUR;CAR;DIG
TUR;CAR;DIG
TUR;CAR;DIG
TUR;CAR;DIG
TUR;CAR;DIG
TUR;CAR;DIG
TUR;CAR;DIG
TUR;CAR;DIG
TUR;CAR;DIG
TUR;CAR;DIG
TUR;CAR;DIG
TUR;CAR;DIG
TUR;CAR;DIG
TUR;CAR;DIG
TUR;CAR;DIG
TUR;CAR;DIG
TUR;CAR;DIG
TUR;CAR;DIG
TUR;CAR;DIG
TUR;CAR;DIG
TUR;CAR;DIG
TUR;CAR;DIG
TUR;CAR;DIG
TUR;CAM;DIG
TUR;CAM;DIG
TUR;CAM;DIG
TUR;CAM;DIG
TUR;CAM;DIG
TUR;CAM;DIG
TUR;CAM;DIG
TUR;CAM;DIG
TUR;CAM;DIG
TUR;CAM;DIG
TUR;CAM;DIG
TUR;CAM;DIG
TUR;CAM;DIG
TUR;CAM;DIG
TUR;CAM;DIG
TUR;CAM;DIG
TUR;CAM;DIG
TUR;CAM;DIG
TUR;CAM;DIG
TUR;CAM;DIG
TUR;CAM;DIG
TUR;CAM;DIG
TUR;CAM;DIG
TUR;CAM;DIG
TUR;CAM;DIG
TUR;CAM;DIG
TUR;CAM;DIG
TUR;CAM;DIG
TUR;CAM;DIG
TUR;CAM;DIG
TUR;CAM;DIG
TUR;CAM;DIG
TUR;CAM;DIG
TUR;CAM;DIG
PECK;LIC;GEN
EDU;EDU;PRINT
EDU;EDU;PRINT
EDU;EDU;PRINT
EDU;EDU;PRINT
EDU;EDU;PRINT
EDU;EDU;PRINT
EDU;EDU;PRINT
EDU;EDU;PRINT
EDU;EDU;PRINT
EDU;EDU;PRINT
EDU;EDU;PRINT
EDU;EDU;PRINT
EDU;EDU;PRINT
EDU;EDU;PRINT
EDU;EDU;PRINT
EDU;EDU;PRINT
EDU;EDU;PRINT
EDU;EDU;PRINT
EDU;EDU;PRINT
EDU;EDU;PRINT
EDU;EDU;PRINT
EDU;EDU;PRINT
EDU;EDU;PRINT
EDU;EDU;PRINT
EDU;EDU;PRINT
EDU;EDU;PRINT
EDU;EDU;PRINT
EDU;EDU;PRINT
EDU;EDU;PRINT
EDU;EDU;PRINT
EDU;EDU;PRINT
EDU;EDU;PRINT
EDU;EDU;PRINT
EDU;EDU;PRINT
EDU;EDU;PRINT
EDU;EDU;PRINT
EDU;EDU;PRINT
EDU;EDU;PRINT
EDU;EDU;PRINT
EDU;EDU;PRINT
EDU;EDU;PRINT
EDU;EDU;PRINT
EDU;EDU;PRINT
EDU;EDU;PRINT
EDU;EDU;PRINT
EDU;EDU;PRINT
EDU;EDU;PRINT
EDU;EDU;PRINT
EDU;EDU;PRINT
EDU;EDU;PRINT
EDU;EDU;PRINT
EDU;EDU;PRINT
EDU;EDU;PRINT
EDU;EDU;PRINT
EDU;EDU;PRINT
EDU;EDU;PRINT
EDU;EDU;PRINT
EDU;EDU;PRINT
EDU;EDU;DIG
EDU;EDU;DIG
EDU;EDU;DIG
EDU;EDU;DIG
EDU;EDU;DIG
EDU;EDU;DIG
EDU;EDU;DIG
EDU;EDU;DIG
EDU;EDU;DIG
EDU;EDU;DIG
EDU;EDU;DIG
EDU;EDU;DIG
EDU;EDU;DIG
EDU;EDU;DIG
EDU;EDU;DIG
EDU;EDU;DIG
EDU;EDU;DIG
EDU;EDU;DIG
EDU;EDU;DIG
EDU;EDU;DIG
EDU;EDU;DIG
EDU;EDU;DIG
EDU;EDU;DIG
EDU;EDU;DIG
EDU;EDU;DIG
EDU;EDU;DIG
EDU;EDU;PRINT
EDU;EDU;PRINT
EDU;EDU;PRINT
EDU;EDU;PRINT
EDU;EDU;PRINT
EDU;EDU;PRINT
EDU;EDU;DIG
EDU;EDU;DIG
EDU;EDU;DIG
EDU;EDU;DIG
EDU;EDU;DIG
EDU;EDU;DIG
EDU;EDU;DIG
EDU;EDU;DIG
EDU;EDU;DIG
EDU;EDU;DIG
EDU;EDU;DIG
EDU;EDU;DIG
EDU;EDU;DIG
EDU;EDU;DIG
EDU;EDU;DIG
EDU;EDU;DIG
EDU;EDU;DIG
EDU;EDU;DIG
EDU;EDU;DIG
EDU;EDU;DIG
EDU;EDU;DIG
EDU;EDU;DIG
EDU;EDU;DIG
EDU;EDU;DIG
EDU;EDU;DIG
EDU;EDU;DIG
EDU;EDU;DIG
EDU;EDU;DIG
EDU;EDU;DIG
EDU;EDU;DIG
EDU;EDU;DIG
EDU;EDU;DIG
EDU;EDU;DIG
EDU;EDU;DIG
EDU;EDU;DIG
EDU;EDU;DIG
EDU;EDU;DIG
EDU;EDU;DIG
EDU;EDU;DIG
EDU;EDU;DIG
EDU;EDU;DIG
EDU;EDU;DIG
EDU;EDU;DIG
EDU;EDU;DIG
PECK;LIC;GEN
EDU;EDU;DIG
EDU;EDU;DIG
PECK;PROG;GEN
EDU;EDU;DIG
EDU;EDU;DIG
EDU;EDU;DIG
EDU;EDU;DIG
PECK;PROG;GEN
EDU;EDU;DIG
EDU;EDU;DIG
EDU;EDU;DIG
EDU;EDU;DIG
EDU;EDU;DIG
EDU;EDU;DIG
EDU;EDU;DIG
EDU;EDU;DIG
PEL;SOFT;GEN
PEL;SOFT;GEN
PEL;SOFT;GEN
PEL;SOFT;GEN
PEL;SOFT;GEN
HOS;HOST;PRINT
HOS;HOST;PRINT
HOS;HOST;PRINT
HOS;HOST;PRINT
HOS;HOST;PRINT
HOS;HOST;PRINT
HOS;HOST;PRINT
HOS;HOST;PRINT
HOS;HOST;PRINT
HOS;HOST;PRINT
HOS;HOST;PRINT
HOS;HOST;PRINT
HOS;HOST;PRINT
HOS;HOST;PRINT
HOS;HOST;PRINT
HOS;HOST;PRINT
HOS;HOST;PRINT
HOS;HOST;PRINT
HOS;HOST;PRINT
HOS;HOST;PRINT
HOS;HOST;PRINT
HOS;HOST;PRINT
HOS;HOST;PRINT
HOS;HOST;PRINT
HOS;HOST;PRINT
HOS;HOST;PRINT
HOS;HOST;PRINT
HOS;HOST;PRINT
HOS;HOST;PRINT
HOS;HOST;PRINT
HOS;HOST;PRINT
HOS;HOST;PRINT
HOS;HOST;PRINT
HOS;HOST;PRINT
HOS;HOST;PRINT
HOS;HOST;PRINT
HOS;HOST;PRINT
HOS;HOST;PRINT
HOS;HOST;PRINT
HOS;HOST;PRINT
HOS;HOST;PRINT
HOS;HOST;PRINT
HOS;HOST;PRINT
HOS;HOST;PRINT
HOS;HOST;PRINT
HOS;HOST;PRINT
HOS;HOST;PRINT
HOS;HOST;PRINT
HOS;HOST;PRINT
HOS;HOST;PRINT
HOS;HOST;PRINT
HOS;HOST;PRINT
HOS;HOST;PRINT
HOS;HOST;PRINT
HOS;HOST;PRINT
HOS;HOST;PRINT
HOS;HOST;PRINT
HOS;HOST;PRINT
HOS;HOST;PRINT
HOS;HOST;PRINT
HOS;HOST;PRINT
HOS;HOST;PRINT
HOS;HOST;PRINT
HOS;HOST;PRINT
HOS;HOST;PRINT
HOS;HOST;PRINT
HOS;HOST;PRINT
HOS;HOST;PRINT
HOS;HOST;PRINT
HOS;HOST;PRINT
HOS;HOST;PRINT
HOS;HOST;PRINT
HOS;HOST;PRINT
HOS;HOST;PRINT
HOS;HOST;PRINT
HOS;HOST;PRINT
HOS;HOST;PRINT
HOS;HOST;PRINT
HOS;HOST;PRINT
HOS;HOST;PRINT
HOS;HOST;PRINT
HOS;HOST;PRINT
HOS;HOST;PRINT
HOS;HOST;PRINT
HOS;HOST;PRINT
HOS;HOST;PRINT
HOS;HOST;PRINT
HOS;HOST;PRINT
HOS;HOST;PRINT
HOS;HOST;PRINT
HOS;HOST;PRINT
HOS;HOST;PRINT
HOS;HOST;PRINT
HOS;HOST;PRINT
HOS;HOST;PRINT
HOS;HOST;PRINT
HOS;HOST;PRINT
HOS;HOST;PRINT
HOS;HOST;PRINT
HOS;HOST;PRINT
HOS;HOST;PRINT
HOS;HOST;PRINT
HOS;HOST;PRINT
HOS;HOST;DIG
HOS;HOST;DIG
HOS;HOST;DIG
HOS;HOST;DIG
HOS;HOST;DIG
HOS;HOST;DIG
HOS;HOST;DIG
HOS;HOST;DIG
HOS;MARH;PRINT
HOS;MARH;PRINT
HOS;MARH;PRINT
HOS;MARH;PRINT
HOS;MARH;PRINT
HOS;MARH;PRINT
HOS;MARH;PRINT
HOS;MARH;PRINT
HOS;MARH;PRINT
HOS;MARH;PRINT
HOS;MARH;PRINT
HOS;MARH;PRINT
HOS;MARH;PRINT
HOS;MARH;PRINT
HOS;MARH;PRINT
HOS;MARH;PRINT
HOS;MARH;PRINT
HOS;MARH;PRINT
HOS;MARH;PRINT
HOS;MARH;PRINT
HOS;MARH;PRINT
HOS;MARH;PRINT
HOS;MARH;PRINT
HOS;MARH;PRINT
HOS;MARH;PRINT
HOS;MARH;PRINT
HOS;MARH;PRINT
HOS;MARH;PRINT
HOS;MARH;PRINT
HOS;MARH;PRINT
HOS;MARH;PRINT
HOS;MARH;PRINT
HOS;MARH;PRINT
HOS;MARH;PRINT
HOS;MARH;PRINT
HOS;MARH;PRINT
HOS;MARH;PRINT
HOS;MARH;PRINT
HOS;MARH;PRINT
HOS;MARH;PRINT
HOS;MARH;PRINT
HOS;MARH;PRINT
HOS;MARH;PRINT
HOS;MARH;PRINT
HOS;MARH;PRINT
HOS;MARH;PRINT
HOS;MARH;PRINT
HOS;MARH;PRINT
HOS;MARH;PRINT
HOS;MARH;PRINT
HOS;MARH;PRINT
HOS;MARH;PRINT
HOS;MARH;PRINT
HOS;MARH;PRINT
HOS;MARH;PRINT
HOS;MARH;PRINT
HOS;MARH;PRINT
HOS;MARH;PRINT
HOS;MARH;PRINT
HOS;MARH;PRINT
HOS;MARH;PRINT
HOS;MARH;PRINT
HOS;MARH;PRINT
HOS;MARH;PRINT
HOS;MARH;PRINT
HOS;MARH;PRINT
HOS;MARH;PRINT
HOS;MARH;PRINT
HOS;MARH;PRINT
HOS;MARH;PRINT
HOS;MARH;PRINT
HOS;MARH;PRINT
HOS;MARH;PRINT
HOS;MARH;PRINT
HOS;MARH;PRINT
HOS;MARH;PRINT
HOS;MARH;PRINT
HOS;MARH;PRINT
HOS;MARH;PRINT
HOS;MARH;PRINT
HOS;MARH;PRINT
HOS;HOST;DIG
HOS;HOST;DIG
HOS;HOST;DIG
HOS;HOST;DIG
HOS;HOST;DIG
HOS;HOST;DIG
HOS;HOST;DIG
HOS;HOST;DIG
HOS;HOST;DIG
HOS;HOST;DIG
HOS;HOST;DIG
HOS;HOST;DIG
HOS;HOST;DIG
HOS;HOST;DIG
HOS;HOST;DIG
HOS;HOST;DIG
HOS;HOST;DIG
HOS;HOST;DIG
HOS;HOST;DIG
HOS;HOST;DIG
HOS;HOST;DIG
HOS;HOST;DIG
HOS;HOST;DIG
HOS;HOST;DIG
HOS;HOST;DIG
HOS;HOST;DIG
HOS;HOST;DIG
HOS;HOST;DIG
HOS;HOST;DIG
HOS;HOST;DIG
HOS;HOST;DIG
HOS;HOST;DIG
HOS;HOST;DIG
HOS;HOST;DIG
HOS;HOST;DIG
HOS;HOST;DIG
HOS;HOST;DIG
HOS;HOST;DIG
HOS;HOST;DIG
HOS;HOST;DIG
HOS;HOST;DIG
HOS;HOST;DIG
HOS;HOST;DIG
HOS;HOST;DIG
HOS;HOST;DIG
HOS;HOST;DIG
HOS;HOST;DIG
HOS;HOST;DIG
HOS;HOST;DIG
HOS;HOST;DIG
HOS;HOST;DIG
HOS;HOST;DIG
HOS;HOST;DIG
HOS;HOST;DIG
HOS;HOST;DIG
HOS;HOST;DIG
HOS;HOST;DIG
HOS;HOST;DIG
HOS;HOST;DIG
HOS;HOST;DIG
HOS;HOST;DIG
HOS;HOST;DIG
HOS;HOST;DIG
HOS;HOST;DIG
HOS;HOST;DIG
HOS;HOST;DIG
HOS;HOST;DIG
HOS;HOST;DIG
HOS;HOST;DIG
HOS;HOST;DIG
HOS;HOST;DIG
HOS;HOST;DIG
HOS;HOST;DIG
HOS;HOST;DIG
HOS;HOST;DIG
HOS;HOST;DIG
HOS;MARH;DIG
HOS;MARH;DIG
HOS;MARH;DIG
HOS;MARH;DIG
HOS;MARH;DIG
HOS;MARH;DIG
HOS;MARH;DIG
HOS;MARH;DIG
HOS;MARH;DIG
HOS;MARH;DIG
HOS;MARH;DIG
HOS;MARH;DIG
HOS;MARH;DIG
HOS;MARH;DIG
HOS;MARH;DIG
HOS;MARH;DIG
HOS;MARH;DIG
HOS;MARH;DIG
HOS;MARH;DIG
HOS;MARH;DIG
HOS;MARH;DIG
HOS;MARH;DIG
HOS;MARH;DIG
HOS;MARH;DIG
HOS;MARH;DIG
HOS;MARH;DIG
HOS;MARH;DIG
HOS;MARH;DIG
HOS;MARH;DIG
HOS;MARH;DIG
HOS;MARH;DIG
HOS;MARH;DIG
HOS;MARH;DIG
HOS;MARH;DIG
HOS;MARH;DIG
HOS;MARH;DIG
HOS;MARH;DIG
HOS;MARH;DIG
HOS;MARH;DIG
HOS;MARH;DIG
HOS;MARH;DIG
HOS;MARH;DIG
HOS;MARH;DIG
HOS;MARH;DIG
HOS;MARH;DIG
HOS;MARH;DIG
HOS;MARH;DIG
HOS;MARH;DIG
HOS;MARH;DIG
HOS;MARH;DIG
HOS;MARH;DIG
HOS;MARH;DIG
HOS;MARH;DIG
HOS;MARH;DIG
HOS;MARH;DIG
HOS;MARH;DIG
HOS;MARH;DIG
HOS;MARH;DIG
HOS;MARH;DIG
HOS;MARH;DIG
HOS;MARH;DIG
HOS;MARH;DIG
HOS;MARH;DIG
HOS;MARH;DIG
HOS;MARH;DIG
HOS;MARH;DIG
HOS;MARH;DIG
HOS;MARH;DIG
HOS;MARH;DIG
HOS;MARH;DIG
HOS;MARH;DIG
HOS;MARH;DIG
HOS;MARH;DIG
HOS;MARH;DIG
HOS;MARH;DIG
HOS;MARH;DIG
HOS;MARH;DIG
HOS;MARH;DIG
HOS;MARH;DIG
HOS;MARH;DIG
HOS;MARH;DIG
HOS;MARH;DIG
HOS;MARH;DIG
HOS;MARH;DIG
HOS;MARH;DIG
HOS;MARH;DIG
HOS;MARH;DIG
HOS;MARH;DIG
HOS;MARH;DIG
HOS;MARH;DIG
HOS;MARH;DIG
HOS;MARH;DIG
HOS;MARH;DIG
HOS;MARH;DIG
HOS;MARH;DIG
HOS;MARH;DIG
HOS;MARH;DIG
HOS;MARH;DIG
HOS;MARH;DIG
HOS;MARH;DIG
HOS;MARH;DIG
HOS;MARH;DIG
HOS;MARH;DIG
HOS;MARH;DIG
HOS;MARH;DIG
HOS;MARH;DIG
HOS;MARH;DIG
HOS;MARH;DIG
HOS;MARH;DIG
HOS;MARH;DIG
HOS;MARH;DIG
HOS;MARH;DIG
HOS;MARH;DIG
HOS;MARH;DIG
HOS;MARH;DIG
HOS;MARH;DIG
HOS;MARH;DIG
HOS;MARH;DIG
HOS;MARH;DIG
HOS;MARH;DIG
HOS;MARH;DIG
HOS;MARH;DIG
HOS;MARH;DIG
HOS;MARH;DIG
HOS;MARH;DIG
HOS;MARH;DIG
HOS;MARH;DIG
HOS;MARH;DIG
HOS;MARH;DIG
HOS;MARH;DIG
HOS;MARH;DIG
HOS;MARH;DIG
HOS;MARH;PRINT
HOS;MARH;PRINT
HOS;MARH;DIG
HOS;MARH;DIG
HOS;MARH;EVE
HOS;MARH;EVE
HOS;MARH;EVE
HOS;MARH;EVE
HOS;MARH;GEN
HOS;MARH;GEN
HOS;MARH;EVE
HOS;MARH;EVE
HOS;MARH;DIG
HOS;MARH;DIG
HOS;MARH;DIG
HOS;MARH;DIG
HOS;MARH;DIG
HOS;MARH;DIG
HOS;MARH;PRINT
HOS;MARH;PRINT
HOS;MARH;EVE
HOS;MARH;EVE
HOS;MARH;EVE
HOS;MARH;EVE
HOS;RES;PRINT
HOS;RES;PRINT
HOS;RES;PRINT
HOS;RES;PRINT
HOS;MARH;DIG
HOS;MARH;DIG
HOS;MARH;DIG
HOS;MARH;DIG
HOS;MARH;DIG
HOS;MARH;DIG
HOS;MARH;EVE
HOS;MARH;EVE
HOS;MARH;EVE
HOS;MARH;EVE
HOS;MARH;EVE
HOS;MARH;EVE
HOS;MARH;EVE
HOS;MARH;EVE
HOS;MARH;EVE
HOS;MARH;EVE
HOS;MARH;EVE
HOS;MARH;EVE
HOS;MARH;EVE
HOS;MARH;EVE
HOS;MARH;EVE
HOS;MARH;EVE
HOS;MARH;EVE
HOS;MARH;EVE
HOS;MARH;EVE
HOS;MARH;EVE
HOS;MARH;EVE
HOS;MARH;EVE
HOS;MARH;EVE
HOS;MARH;EVE
HOS;MARH;EVE
HOS;MARH;EVE
HOS;MARH;EVE
HOS;MARH;EVE
HOS;MARH;EVE
HOS;MARH;EVE
HOS;MARH;EVE
HOS;MARH;EVE
HOS;MARH;EVE
HOS;MARH;EVE
HOS;MARH;EVE
HOS;MARH;EVE
HOS;MARH;EVE
HOS;MARH;EVE
HOS;MARH;EVE
HOS;MARH;EVE
HOS;MARH;EVE
HOS;MARH;EVE
HOS;MARH;EVE
HOS;MARH;EVE
HOS;MARH;EVE
HOS;MARH;EVE
HOS;MARH;EVE
HOS;MARH;EVE
HOS;MARH;EVE
HOS;MARH;EVE
HOS;MARH;EVE
HOS;MARH;EVE
HOS;MARH;EVE
HOS;MARH;EVE
HOS;MARH;EVE
HOS;MARH;EVE
HOS;MARH;EVE
HOS;MARH;EVE
HOS;MARH;EVE
HOS;MARH;EVE
HOS;MARH;EVE
HOS;MARH;EVE
HOS;MARH;EVE
HOS;MARH;EVE
HOS;MARH;EVE
HOS;MARH;EVE
HOS;MARH;EVE
HOS;MARH;EVE
HOS;MARH;EVE
HOS;MARH;EVE
HOS;MARH;EVE
HOS;MARH;EVE
HOS;MARH;EVE
HOS;MARH;EVE
HOS;MARH;EVE
HOS;MARH;EVE
HOS;MARH;EVE
HOS;MARH;EVE
HOS;RES;PRINT
HOS;RES;PRINT
HOS;RES;PRINT
HOS;RES;PRINT
HOS;RES;PRINT
HOS;RES;PRINT
HOS;RES;PRINT
HOS;RES;PRINT
HOS;RES;PRINT
HOS;RES;PRINT
HOS;RES;PRINT
HOS;RES;PRINT
HOS;RES;PRINT
HOS;RES;PRINT
HOS;RES;PRINT
HOS;RES;PRINT
HOS;RES;PRINT
HOS;RES;PRINT
HOS;RES;PRINT
HOS;RES;PRINT
HOS;RES;PRINT
HOS;RES;PRINT
HOS;RES;PRINT
HOS;RES;PRINT
HOS;RES;PRINT
HOS;RES;PRINT
HOS;RES;EVE
HOS;RES;EVE
HOS;RES;PRINT
HOS;RES;PRINT
HOS;RES;PRINT
HOS;RES;PRINT
HOS;RES;PRINT
HOS;RES;PRINT
HOS;RES;PRINT
HOS;RES;PRINT
HOS;RES;PRINT
HOS;RES;PRINT
HOS;RES;PRINT
HOS;RES;PRINT
HOS;RES;PRINT
HOS;RES;PRINT
HOS;RES;PRINT
HOS;RES;PRINT
HOS;RES;PRINT
HOS;RES;PRINT
HOS;RES;PRINT
HOS;RES;PRINT
HOS;RES;PRINT
HOS;RES;PRINT
HOS;RES;PRINT
HOS;RES;PRINT
HOS;RES;PRINT
HOS;RES;PRINT
HOS;RES;PRINT
HOS;RES;PRINT
HOS;RES;PRINT
HOS;RES;PRINT
HOS;RES;PRINT
HOS;RES;PRINT
HOS;RES;PRINT
HOS;RES;PRINT
HOS;RES;PRINT
HOS;RES;PRINT
HOS;RES;PRINT
HOS;RES;PRINT
HOS;RES;PRINT
HOS;RES;PRINT
HOS;RES;PRINT
HOS;RES;PRINT
HOS;RES;PRINT
HOS;RES;PRINT
HOS;RES;PRINT
HOS;RES;PRINT
HOS;RES;PRINT
HOS;RES;PRINT
HOS;RES;PRINT
HOS;RES;PRINT
HOS;RES;PRINT
HOS;RES;PRINT
HOS;RES;PRINT
HOS;RES;PRINT
HOS;RES;PRINT
HOS;RES;PRINT
HOS;RES;PRINT
HOS;RES;PRINT
HOS;RES;PRINT
HOS;RES;PRINT
HOS;RES;PRINT
HOS;RES;PRINT
HOS;RES;PRINT
HOS;RES;PRINT
HOS;RES;PRINT
HOS;RES;PRINT
HOS;RES;PRINT
HOS;RES;PRINT
HOS;RES;PRINT
HOS;RES;PRINT
HOS;RES;DIG
HOS;RES;DIG
HOS;RES;DIG
HOS;RES;DIG
HOS;RES;DIG
HOS;RES;DIG
HOS;RES;DIG
HOS;RES;DIG
HOS;RES;DIG
HOS;RES;DIG
HOS;RES;DIG
HOS;RES;DIG
HOS;RES;DIG
HOS;RES;DIG
HOS;RES;DIG
HOS;RES;DIG
HOS;RES;DIG
HOS;RES;DIG
HOS;RES;DIG
HOS;RES;DIG
HOS;RES;DIG
HOS;RES;DIG
HOS;RES;DIG
HOS;RES;DIG
HOS;RES;DIG
HOS;RES;DIG
HOS;RES;DIG
HOS;RES;DIG
HOS;RES;DIG
HOS;RES;DIG
HOS;RES;DIG
HOS;RES;DIG
HOS;RES;DIG
HOS;RES;DIG
HOS;RES;DIG
HOS;RES;DIG
HOS;RES;DIG
HOS;RES;DIG
HOS;RES;DIG
HOS;RES;DIG
HOS;RES;DIG
HOS;RES;DIG
HOS;RES;DIG
HOS;RES;DIG
HOS;RES;DIG
HOS;RES;DIG
HOS;RES;DIG
HOS;RES;DIG
HOS;RES;DIG
HOS;RES;DIG
HOS;RES;DIG
HOS;RES;DIG
HOS;RES;DIG
HOS;RES;DIG
HOS;RES;DIG
HOS;RES;DIG
HOS;RES;DIG
HOS;RES;DIG
HOS;RES;DIG
HOS;RES;DIG
HOS;RES;DIG
HOS;RES;DIG
HOS;RES;DIG
HOS;RES;DIG
HOS;RES;DIG
HOS;RES;DIG
HOS;RES;DIG
HOS;RES;DIG
HOS;RES;DIG
HOS;RES;DIG
HOS;RES;DIG
HOS;RES;DIG
HOS;RES;DIG
HOS;RES;DIG
HOS;RES;DIG
HOS;RES;DIG
HOS;RES;DIG
HOS;RES;DIG
HOS;RES;DIG
HOS;RES;DIG
HOS;RES;DIG
HOS;RES;DIG
HOS;RES;DIG
HOS;RES;DIG
HOS;RES;DIG
HOS;RES;DIG
HOS;RES;DIG
HOS;RES;DIG
HOS;RES;DIG
HOS;RES;DIG
HOS;RES;DIG
HOS;RES;DIG
HOS;RES;DIG
HOS;RES;DIG
HOS;RES;DIG
HOS;RES;DIG
HOS;RES;DIG
HOS;RES;DIG
HOS;RES;DIG
HOS;RES;DIG
HOS;RES;DIG
HOS;RES;DIG
HOS;RES;DIG
HOS;RES;DIG
HOS;RES;DIG
HOS;RES;DIG
HOS;RES;DIG
HOS;RES;DIG
HOS;RES;DIG
HOS;RES;DIG
HOS;RES;DIG
HOS;RES;DIG
HOS;RES;DIG
HOS;RES;DIG
HOS;RES;DIG
HOS;RES;DIG
HOS;RES;DIG
HOS;RES;DIG
HOS;RES;EVE
HOS;RES;EVE
HOS;RES;EVE
HOS;RES;EVE
HOS;RES;EVE
HOS;RES;EVE
HOS;RES;EVE
HOS;RES;EVE
HOS;RES;EVE
HOS;RES;EVE
HOS;RES;EVE
HOS;RES;EVE
HOS;RES;EVE
HOS;RES;EVE
HOS;RES;EVE
HOS;RES;EVE
HOS;RES;EVE
HOS;RES;EVE
HOS;RES;EVE
HOS;RES;EVE
HOS;RES;EVE
HOS;RES;EVE
HOS;RES;EVE
HOS;RES;EVE
HOS;RES;EVE
HOS;RES;EVE
HOS;RES;EVE
HOS;RES;EVE
HOS;RES;EVE
HOS;RES;EVE
HOS;RES;EVE
HOS;RES;EVE
HOS;RES;EVE
HOS;RES;EVE
HOS;RES;EVE
HOS;RES;EVE
HOS;RES;EVE
HOS;RES;EVE
HOS;RES;EVE
HOS;RES;EVE
HOS;RES;EVE
HOS;RES;EVE
HOS;RES;EVE
HOS;RES;EVE
HOS;RES;EVE
HOS;RES;EVE
HOS;RES;EVE
HOS;RES;EVE
HOS;RES;EVE
HOS;RES;EVE
HOS;RES;EVE
HOS;RES;EVE
HOS;RES;EVE
HOS;RES;EVE
HOS;RES;EVE
HOS;RES;EVE
HOS;RES;EVE
HOS;RES;EVE
HOS;RES;EVE
HOS;RES;EVE
HOS;RES;EVE
HOS;RES;EVE
HOS;RES;DIG
HOS;RES;DIG
HOS;RES;DIG
HOS;RES;DIG
HOS;RES;DIG
HOS;RES;DIG
HOS;RES;DIG
HOS;RES;DIG
HOS;RES;DIG
HOS;RES;DIG
HOS;MARH;PRINT
HOS;MARH;PRINT
HOS;MARH;PRINT
HOS;MARH;PRINT
HOS;MARH;PRINT
HOS;MARH;PRINT
HOS;MARH;PRINT
HOS;MARH;PRINT
HOS;MARH;DIG
HOS;MARH;DIG
HOS;MARH;DIG
HOS;MARH;DIG
HOS;MARH;DIG
HOS;MARH;DIG
HOS;MARH;DIG
HOS;MARH;DIG
HOS;RES;EVE
HOS;RES;EVE
HOS;RES;EVE
HOS;RES;EVE
HOS;RES;EVE
HOS;RES;EVE
HOS;RES;EVE
HOS;RES;EVE
HOS;RES;EVE
HOS;RES;EVE
HOS;RES;EVE
HOS;RES;EVE
HOS;RES;EVE
HOS;RES;EVE
HOS;RES;EVE
HOS;RES;EVE
HOS;RES;EVE
HOS;RES;EVE
HOS;RES;EVE
HOS;RES;EVE
HOS;RES;EVE
HOS;RES;EVE
HOS;RES;EVE
HOS;MARH;PRINT
HOS;MARH;PRINT
HOS;MARH;PRINT
HOS;MARH;PRINT
HOS;MARH;PRINT
HOS;MARH;PRINT
HOS;MARH;PRINT
HOS;MARH;PRINT
HOS;MARH;PRINT
HOS;MARH;PRINT
HOS;MARH;PRINT
HOS;MARH;PRINT
HOS;MARH;PRINT
HOS;MARH;PRINT
HOS;MARH;PRINT
HOS;MARH;PRINT
HOS;MARH;PRINT
HOS;MARH;PRINT
HOS;MARH;PRINT
HOS;MARH;PRINT
HOS;MARH;PRINT
HOS;MARH;PRINT
HOS;MARH;PRINT
HOS;MARH;PRINT
HOS;MARH;PRINT
HOS;MARH;PRINT
HOS;MARH;DIG
HOS;MARH;DIG
HOS;MARH;DIG
HOS;MARH;DIG
HOS;MARH;DIG
HOS;MARH;DIG
HOS;MARH;DIG
HOS;MARH;DIG
HOS;MARH;DIG
HOS;MARH;DIG
HOS;MARH;DIG
HOS;MARH;DIG
HOS;MARH;DIG
HOS;MARH;DIG
HOS;MARH;DIG
HOS;MARH;DIG
HOS;MARH;DIG
HOS;MARH;DIG
HOS;MARH;DIG
HOS;MARH;DIG
HOS;MARH;DIG
HOS;MARH;DIG
HOS;MARH;DIG
HOS;MARH;DIG
HOS;MARH;DIG
HOS;MARH;DIG
HOS;MARH;DIG
HOS;MARH;DIG
HOS;MARH;DIG
HOS;MARH;DIG
HOS;MARH;DIG
HOS;MARH;DIG
HOS;MARH;DIG
HOS;MARH;DIG
HOS;MARH;DIG
HOS;MARH;DIG
HOS;MARH;DIG
HOS;MARH;DIG
HOS;MARH;DIG
HOS;MARH;DIG
HOS;MARH;DIG
HOS;MARH;DIG
HOS;MARH;DIG
HOS;MARH;DIG
HOS;MARH;DIG
HOS;MARH;DIG
HOS;RES;DIG
HOS;RES;DIG
HOS;RES;DIG
HOS;RES;DIG
HOS;RES;DIG
HOS;RES;DIG
HOS;MARH;DIG
HOS;MARH;DIG
HOS;MARH;DIG
HOS;MARH;DIG
HOS;RES;DIG
HOS;RES;DIG
HOS;RES;DIG
HOS;RES;DIG
HOS;RES;DIG
HOS;RES;DIG
HOS;RES;DIG
HOS;RES;DIG
HOS;RES;EVE
HOS;RES;EVE
HOS;RES;EVE
HOS;RES;EVE
HOS;RES;EVE
HOS;RES;EVE
HOS;RES;EVE
HOS;RES;EVE
HOS;RES;EVE
HOS;RES;EVE
HOS;RES;EVE
HOS;RES;EVE
HOS;RES;EVE
HOS;RES;EVE
HOST;RES;EVE
HOS;RES;EVE
HOS;RES;EVE
HOS;RES;EVE
HOS;RES;EVE
HOS;RES;EVE
HOS;RES;EVE
HOS;RES;EVE
HOS;RES;EVE
HOS;RES;EVE
HOST;RES;EVE
HOS;RES;EVE
HOST;RES;EVE
HOS;RES;EVE
HOS;RES;EVE
HOS;RES;EVE
HOS;RES;EVE
HOS;RES;EVE
HOS;RES;EVE
HOS;RES;EVE
HOS;RES;EVE
HOS;RES;EVE
HOS;RES;EVE
HOS;RES;EVE
SEG;SEG;PRINT
SEG;SEG;PRINT
SEG;SEG;PRINT
SEG;SEG;PRINT
SEG;SEG;PRINT
SEG;SEG;PRINT
SEG;SEG;PRINT
SEG;SEG;PRINT
SEG;SEG;PRINT
SEG;SEG;PRINT
SEG;SEG;PRINT
SEG;SEG;PRINT
SEG;SEG;PRINT
SEG;SEG;PRINT
SEG;SEG;PRINT
SEG;SEG;PRINT
SEG;SEG;PRINT
SEG;SEG;PRINT
SEG;SEG;PRINT
SEG;SEG;PRINT
SEG;SEG;PRINT
SEG;SEG;PRINT
SEG;SEG;PRINT
SEG;SEG;PRINT
SEG;SEG;PRINT
SEG;SEG;PRINT
SEG;SEG;PRINT
SEG;SEG;PRINT
SEG;SEG;PRINT
SEG;SEG;PRINT
SEG;SEG;PRINT
SEG;SEG;PRINT
SEG;SEG;PRINT
SEG;SEG;PRINT
SEG;SEG;PRINT
SEG;SEG;PRINT
SEG;SEG;PRINT
SEG;SEG;PRINT
SEG;SEG;PRINT
SEG;SEG;PRINT
SEG;SEG;PRINT
SEG;SEG;PRINT
SEG;SEG;PRINT
SEG;SEG;PRINT
SEG;SEG;PRINT
SEG;SEG;PRINT
SEG;SEG;PRINT
SEG;SEG;PRINT
SEG;SEG;PRINT
SEG;SEG;PRINT
SEG;SEG;PRINT
SEG;SEG;PRINT
SEG;SEG;DIG
SEG;SEG;DIG
SEG;SEG;PRINT
SEG;SEG;PRINT
SEG;SEG;PRINT
SEG;SEG;PRINT
SEG;SEG;PRINT
SEG;SEG;PRINT
SEG;SEG;PRINT
SEG;SEG;PRINT
SEG;SEG;PRINT
SEG;SEG;PRINT
SEG;SEG;PRINT
SEG;SEG;PRINT
SEG;SEG;PRINT
SEG;SEG;PRINT
SEG;SEG;PRINT
SEG;SEG;PRINT
SEG;SEG;PRINT
SEG;SEG;PRINT
SEG;SEG;PRINT
SEG;SEG;PRINT
SEG;SEG;PRINT
SEG;SEG;PRINT
SEG;SEG;DIG
SEG;SEG;DIG
SEG;SEG;DIG
SEG;SEG;DIG
SEG;SEG;DIG
SEG;SEG;DIG
SEG;SEG;DIG
SEG;SEG;DIG
SEG;SEG;DIG
SEG;SEG;DIG
SEG;SEG;DIG
SEG;SEG;DIG
SEG;SEG;DIG
SEG;SEG;DIG
SEG;SEG;DIG
SEG;SEG;DIG
SEG;SEG;PRINT
SEG;SEG;PRINT
SEG;SEG;PRINT
SEG;SEG;PRINT
SEG;SEG;PRINT
SEG;SEG;PRINT
SEG;SEG;PRINT
SEG;SEG;PRINT
SEG;SEG;PRINT
SEG;SEG;PRINT
SEG;SEG;PRINT
SEG;SEG;PRINT
SEG;SEG;PRINT
SEG;SEG;PRINT
SEG;SEG;PRINT
SEG;SEG;PRINT
SEG;SEG;PRINT
SEG;SEG;PRINT
SEG;SEG;PRINT
SEG;SEG;PRINT
SEG;SEG;PRINT
SEG;SEG;PRINT
SEG;SEG;PRINT
SEG;SEG;PRINT
SEG;SEG;PRINT
SEG;SEG;PRINT
SEG;SEG;PRINT
SEG;SEG;PRINT
SEG;SEG;PRINT
SEG;SEG;PRINT
SEG;SEG;PRINT
SEG;SEG;PRINT
SEG;SEG;PRINT
SEG;SEG;PRINT
SEG;SEG;PRINT
SEG;SEG;PRINT
SEG;SEG;PRINT
SEG;SEG;PRINT
SEG;SEG;PRINT
SEG;SEG;PRINT
SEG;SEG;PRINT
SEG;SEG;PRINT
SEG;SEG;EVE
SEG;SEG;EVE
SEG;SEG;EVE
SEG;SEG;EVE
SEG;SEG;EVE
SEG;SEG;EVE
SEG;SEG;EVE
SEG;SEG;EVE
SEG;SEG;EVE
SEG;SEG;EVE
SEG;SEG;EVE
SEG;SEG;EVE
SEG;SEG;EVE
SEG;SEG;EVE
SEG;SEG;EVE
SEG;SEG;EVE
SEG;SEG;EVE
SEG;SEG;EVE
SEG;SEG;EVE
SEG;SEG;EVE
SEG;SEG;EVE
SEG;SEG;EVE
SEG;SEG;EVE
SEG;SEG;EVE
SEG;SEG;EVE
SEG;SEG;EVE
SEG;SEG;EVE
SEG;SEG;EVE
SEG;SEG;EVE
SEG;SEG;EVE
SEG;SEG;EVE
SEG;SEG;EVE
SEG;SEG;EVE
SEG;SEG;EVE
SEG;SEG;EVE
SEG;SEG;EVE
SEG;SEG;EVE
SEG;SEG;EVE
SEG;SEG;EVE
SEG;SEG;EVE
SEG;SEG;EVE
SEG;SEG;EVE
SEG;SEG;EVE
SEG;SEG;EVE
SEG;SEG;EVE
SEG;SEG;EVE
SEG;SEG;EVE
SEG;SEG;EVE
SEG;SEG;EVE
SEG;SEG;EVE
SEG;SEG;EVE
SEG;SEG;EVE
SEG;SEG;EVE
SEG;SEG;EVE
SEG;SEG;EVE
SEG;SEG;EVE
SEG;SEG;EVE
SEG;SEG;EVE
SEG;SEG;EVE
SEG;SEG;EVE
SEG;SEG;EVE
SEG;SEG;EVE
SEG;SEG;EVE
SEG;SEG;EVE
SEG;SEG;EVE
SEG;SEG;EVE
SEG;SEG;EVE
SEG;SEG;EVE
SEG;SEG;EVE
SEG;SEG;EVE
SEG;SEG;EVE
SEG;SEG;EVE
SEG;SEG;EVE
SEG;SEG;EVE
SEG;SEG;EVE
SEG;SEG;EVE
SEG;SEG;EVE
SEG;SEG;EVE
SEG;SEG;EVE
SEG;SEG;EVE
SEG;SEG;EVE
SEG;SEG;EVE
SEG;SEG;EVE
SEG;SEG;EVE
SEG;SEG;EVE
SEG;SEG;EVE
SEG;SEG;EVE
SEG;SEG;EVE
SEG;SEG;EVE
SEG;SEG;EVE
SEG;SEG;EVE
SEG;SEG;EVE
SEG;SEG;EVE
SEG;SEG;EVE
SEG;SEG;DIG
SEG;SEG;DIG
SEG;SEG;DIG
SEG;SEG;DIG
SEG;SEG;DIG
SEG;SEG;DIG
SEG;SEG;DIG
SEG;SEG;DIG
SEG;SEG;DIG
SEG;SEG;DIG
SEG;SEG;DIG
SEG;SEG;DIG
SEG;SEG;DIG
SEG;SEG;DIG
SEG;SEG;DIG
SEG;SEG;DIG
SEG;SEG;DIG
SEG;SEG;DIG
SEG;SEG;DIG
SEG;SEG;DIG
SEG;SEG;DIG
SEG;SEG;DIG
SEG;SEG;DIG
SEG;SEG;DIG
SEG;SEG;DIG
SEG;SEG;DIG
SEG;SEG;DIG
SEG;SEG;DIG
SEG;SEG;DIG
SEG;SEG;DIG
SEG;SEG;DIG
SEG;SEG;DIG
SEG;SEG;DIG
SEG;SEG;DIG
SEG;SEG;DIG
SEG;SEG;DIG
SEG;SEG;DIG
SEG;SEG;DIG
SEG;SEG;DIG
SEG;SEG;DIG
SEG;SEG;DIG
SEG;SEG;DIG
SEG;SEG;DIG
SEG;SEG;DIG
SEG;SEG;DIG
SEG;SEG;DIG
SEG;SEG;DIG
SEG;SEG;DIG
SEG;SEG;DIG
SEG;SEG;DIG
SEG;SEG;DIG
SEG;SEG;DIG
SEG;SEG;DIG
SEG;SEG;DIG
SEG;SEG;DIG
SEG;SEG;DIG
SEG;SEG;DIG
SEG;SEG;DIG
SEG;SEG;DIG
SEG;SEG;DIG
SEG;SEG;DIG
SEG;SEG;DIG
SEG;SEG;DIG
SEG;SEG;DIG
SEG;SEG;DIG
SEG;SEG;DIG
SEG;SEG;DIG
SEG;SEG;DIG
SEG;SEG;DIG
SEG;SEG;DIG
SEG;SEG;DIG
SEG;SEG;DIG
SEG;SEG;DIG
SEG;SEG;DIG
SEG;SEG;DIG
SEG;SEG;DIG
SEG;SEG;DIG
SEG;SEG;DIG
SEG;SEG;DIG
SEG;SEG;DIG
SEG;SEG;DIG
SEG;SEG;DIG
SEG;SEG;DIG
SEG;SEG;DIG
SEG;SEG;DIG
SEG;SEG;DIG
SEG;SEG;DIG
SEG;SEG;DIG
SEG;SEG;DIG
SEG;SEG;DIG
SEG;SEG;DIG
SEG;SEG;DIG
SEG;SEG;DIG
SEG;SEG;DIG
SEG;SEG;DIG
SEG;SEG;DIG
SEG;SEG;DIG
SEG;SEG;DIG
SEG;SEG;DIG
SEG;SEG;PRINT
SEG;SEG;PRINT
SEG;SEG;DIG
SEG;SEG;DIG
SEG;SEG;EVE
SEG;SEG;EVE
SEG;SEG;EVE
SEG;SEG;EVE
SEG;SEG;EVE
SEG;SEG;EVE
SEG;SEG;EVE
SEG;SEG;EVE
SEG;SEG;EVE
SEG;SEG;EVE
SEG;SEG;EVE
SEG;SEG;EVE
SEG;SEG;EVE
SEG;SEG;EVE
SEG;SEG;EVE
SEG;SEG;EVE
SEG;SEG;EVE
SEG;SEG;EVE
SEG;SEG;EVE
SEG;SEG;DIG
SEG;SEG;DIG
SEG;SEG;DIG
SEG;SEG;PRINT
SEG;SEG;PRINT
SEG;SEG;EVE
SEG;SEG;EVE
SEG;SEG;EVE
SEG;SEG;EVE
SEG;SEG;EVE
SEG;SEG;EVE
SEG;SEG;EVE
SEG;SEG;EVE
SEG;SEG;EVE
SEG;SEG;EVE
SEG;SEG;EVE
SEG;SEG;EVE
SEG;SEG;EVE
SEG;SEG;EVE
SEG;SEG;EVE
SEG;SEG;EVE
SEG;SEG;DIG
SEG;SEG;DIG
SEG;SEG;DIG
SEG;SEG;DIG
SEG;SEG;DIG
SEG;SEG;DIG
SEG;SEG;DIG
SEG;SEG;DIG
SEG;SEG;DIG
SEG;SEG;DIG
SEG;SEG;DIG
SEG;SEG;DIG
SEG;SEG;DIG
SEG;SEG;DIG
SEG;SEG;DIG
SEG;SEG;DIG
SEG;SEG;GEN
SEG;SEG;GEN
SEG;SEG;GEN
SEG;SEG;GEN
PEL;GEN;GEN
PEL;GEN;GEN
PEL;GEN;PRINT
PEL;GEN;PRINT
INT;GEN;GEN
INT;GEN;GEN
INT;GEN;GEN
INT;GEN;GEN
INT;GEN;GEN
INT;GEN;GEN
INT;GEN;GEN
INT;GEN;GEN
PEL;GEN;GEN
PEL;GEN;GEN
PEL;GEN;GEN
SEG;SEG;PRINT
SEG;SEG;PRINT
SEG;SEG;PRINT
SEG;SEG;PRINT
SEG;SEG;PRINT
SEG;SEG;PRINT
TUR;CAM;PRINT
TUR;CAM;PRINT
TUR;CAM;PRINT
TUR;CAM;PRINT
KAU;PECK;DIG
KAU;PECK;DIG
KAU;PECK;DIG
KAU;PECK;DIG
KAU;PECK;DIG
KAU;PECK;DIG
KAU;PECK;DIG
KAU;PECK;DIG
PEL;GEN;DIG
PEL;GEN;DIG
EVE;EVE;EVE
EVE;EVE;EVE
EVE;EVE;EVE
EVE;EVE;EVE
EVE;EVE;EVE
EVE;EVE;EVE
EVE;EVE;EVE
EVE;EVE;EVE
EVE;EVE;EVE
EVE;EVE;EVE
EVE;EVE;EVE
EVE;EVE;EVE
EVE;EVE;EVE
EVE;EVE;EVE
EVE;EVE;EVE
EVE;EVE;EVE
EVE;EVE;EVE
EVE;EVE;EVE
EVE;EVE;EVE
EVE;EVE;EVE
EVE;EVE;EVE
EVE;EVE;EVE
EVE;EVE;EVE
EVE;EVE;EVE
EVE;EVE;EVE
EVE;EVE;EVE
EVE;EVE;EVE
EVE;EVE;EVE
ARQ;ARQ;PRINT
ARQ;ARQ;PRINT
ARQ;ARQ;PRINT
ARQ;ARQ;PRINT
ARQ;ARQ;PRINT
ARQ;ARQ;PRINT
ARQ;ARQ;PRINT
ARQ;ARQ;PRINT
ARQ;ARQ;PRINT
ARQ;ARQ;PRINT
ARQ;ARQ;PRINT
ARQ;ARQ;PRINT
ARQ;ARQ;PRINT
ARQ;ARQ;PRINT
ARQ;ARQ;PRINT
ARQ;ARQ;PRINT
ARQ;ARQ;PRINT
ARQ;ARQ;PRINT
ARQ;ARQ;PRINT
ARQ;ARQ;PRINT
ARQ;ARQ;PRINT
ARQ;ARQ;PRINT
ARQ;ARQ;PRINT
ARQ;ARQ;PRINT
ARQ;ARQ;PRINT
ARQ;ARQ;PRINT
ARQ;ARQ;PRINT
ARQ;ARQ;DIG
ARQ;ARQ;DIG
ARQ;ARQ;DIG
ARQ;ARQ;DIG
ARQ;ARQ;DIG
ARQ;ARQ;DIG
ARQ;ARQ;DIG
ARQ;ARQ;DIG
ARQ;ARQ;DIG
ARQ;ARQ;DIG
ARQ;ARQ;DIG
ARQ;ARQ;DIG
ARQ;ARQ;DIG
ARQ;ARQ;DIG
ARQ;ARQ;DIG
ARQ;ARQ;DIG
ARQ;ARQ;DIG
ARQ;ARQ;DIG
ARQ;ARQ;DIG
ARQ;ARQ;DIG
ARQ;ARQ;DIG
ARQ;ARQ;DIG
ARQ;ARQ;DIG
ARQ;ARQ;DIG
ARQ;ARQ;DIG
ARQ;ARQ;DIG
ARQ;ARQ;DIG
ARQ;ARQ;DIG
ARQ;ARQ;DIG
ARQ;ARQ;DIG
ARQ;ARQ;DIG
ARQ;ARQ;DIG
ARQ;ARQ;DIG
ARQ;ARQ;DIG
ARQ;ARQ;DIG
ARQ;ARQ;DIG
ARQ;ARQ;DIG
ARQ;ARQ;DIG
ARQ;ARQ;DIG
ARQ;ARQ;EVE
ARQ;ARQ;EVE
ARQ;ARQ;EVE
ARQ;ARQ;EVE
ARQ;ARQ;EVE
ARQ;ARQ;DIG
ARQ;ARQ;DIG
ARQ;ARQ;DIG
ARQ;ARQ;DIG
ARQ;ARQ;DIG
ARQ;ARQ;DIG
ARQ;ARQ;DIG
ARQ;ARQ;EVE
ARQ;ARQ;EVE
ARQ;ARQ;EVE
ARQ;ARQ;EVE
ARQ;ARQ;EVE
ARQ;ARQ;EVE
DEN;DEN;PRINT
DEN;DEN;PRINT
DEN;DEN;PRINT
DEN;DEN;PRINT
DEN;DEN;PRINT
DEN;DEN;PRINT
DEN;DEN;PRINT
DEN;DEN;PRINT
DEN;DEN;PRINT
DEN;DEN;PRINT
DEN;DEN;PRINT
DEN;DEN;PRINT
DEN;DEN;PRINT
DEN;DEN;PRINT
DEN;DEN;PRINT
DEN;DEN;PRINT
DEN;DEN;PRINT
DEN;DEN;PRINT
DEN;DEN;PRINT
DEN;DEN;PRINT
DEN;DEN;PRINT
DEN;DEN;PRINT
DEN;DEN;PRINT
DEN;DEN;PRINT
DEN;DEN;PRINT
DEN;DEN;PRINT
DEN;DEN;PRINT
DEN;DEN;PRINT
DEN;DEN;PRINT
DEN;DEN;PRINT
DEN;DEN;PRINT
DEN;DEN;PRINT
DEN;DEN;PRINT
DEN;DEN;PRINT
DEN;DEN;PRINT
DEN;DEN;PRINT
DEN;DEN;PRINT
DEN;DEN;PRINT
DEN;DEN;PRINT
DEN;DEN;PRINT
DEN;DEN;PRINT
DEN;DEN;PRINT
DEN;DEN;PRINT
DEN;DEN;PRINT
DEN;DEN;PRINT
DEN;DEN;PRINT
DEN;DEN;PRINT
DEN;DEN;PRINT
DEN;DEN;PRINT
DEN;DEN;PRINT
DEN;DEN;PRINT
DEN;DEN;PRINT
DEN;DEN;PRINT
DEN;DEN;PRINT
DEN;DEN;PRINT
DEN;DEN;PRINT
DEN;DEN;PRINT
DEN;DEN;PRINT
DEN;DEN;PRINT
DEN;DEN;PRINT
DEN;DEN;PRINT
DEN;DEN;PRINT
DEN;DEN;PRINT
DEN;DEN;PRINT
DEN;DEN;PRINT
DEN;DEN;PRINT
DEN;DEN;PRINT
DEN;DEN;PRINT
DEN;DEN;PRINT
DEN;DEN;PRINT
DEN;DEN;PRINT
DEN;DEN;PRINT
DEN;DEN;PRINT
DEN;DEN;PRINT
DEN;DEN;PRINT
DEN;DEN;PRINT
DEN;DEN;PRINT
DEN;DEN;PRINT
DEN;DEN;PRINT
DEN;DEN;PRINT
DEN;DEN;PRINT
DEN;DEN;PRINT
DEN;DEN;PRINT
DEN;DEN;PRINT
DEN;DEN;PRINT
DEN;DEN;PRINT
DEN;DEN;PRINT
DEN;DEN;PRINT
DEN;DEN;PRINT
DEN;DEN;PRINT
DEN;DEN;PRINT
DEN;DEN;PRINT
DEN;DEN;PRINT
DEN;DEN;PRINT
DEN;DEN;PRINT
DEN;DEN;PRINT
DEN;DEN;PRINT
DEN;DEN;PRINT
DEN;DEN;PRINT
DEN;DEN;PRINT
DEN;DEN;PRINT
DEN;DEN;PRINT
DEN;DEN;PRINT
DEN;DEN;PRINT
DEN;DEN;PRINT
DEN;DEN;PRINT
DEN;DEN;PRINT
DEN;DEN;PRINT
DEN;DEN;PRINT
DEN;DEN;PRINT
DEN;DEN;PRINT
DEN;DEN;PRINT
DEN;DEN;PRINT
DEN;DEN;PRINT
DEN;DEN;PRINT
DEN;DEN;PRINT
DEN;DEN;PRINT
DEN;DEN;PRINT
DEN;DEN;PRINT
DEN;DEN;PRINT
DEN;DEN;PRINT
DEN;DEN;PRINT
DEN;DEN;PRINT
DEN;DEN;PRINT
DEN;DEN;DIG
DEN;DEN;DIG
DEN;DEN;DIG
DEN;DEN;DIG
DEN;DEN;DIG
DEN;DEN;DIG
DEN;DEN;DIG
DEN;DEN;DIG
DEN;DEN;DIG
DEN;DEN;DIG
DEN;DEN;DIG
DEN;DEN;DIG
DEN;DEN;DIG
DEN;DEN;DIG
DEN;DEN;DIG
DEN;DEN;DIG
DEN;DEN;DIG
DEN;DEN;DIG
DEN;DEN;DIG
DEN;DEN;DIG
DEN;DEN;DIG
DEN;DEN;DIG
DEN;DEN;DIG
DEN;DEN;DIG
DEN;DEN;DIG
DEN;DEN;DIG
DEN;DEN;DIG
DEN;DEN;DIG
DEN;DEN;DIG
DEN;DEN;DIG
DEN;DEN;DIG
DEN;DEN;DIG
DEN;DEN;DIG
DEN;DEN;DIG
DEN;DEN;DIG
DEN;DEN;DIG
DEN;DEN;DIG
DEN;DEN;DIG
DEN;DEN;DIG
DEN;DEN;DIG
DEN;DEN;DIG
DEN;DEN;DIG
DEN;DEN;PRINT
DEN;DEN;PRINT
DEN;DEN;PRINT
DEN;DEN;PRINT
DEN;DEN;PRINT
DEN;DEN;PRINT
DEN;DEN;PRINT
DEN;DEN;PRINT
DEN;DEN;PRINT
DEN;DEN;PRINT
DEN;DEN;PRINT
DEN;DEN;PRINT
DEN;DEN;PRINT
DEN;DEN;PRINT
DEN;DEN;PRINT
DEN;DEN;PRINT
DEN;DEN;PRINT
DEN;DEN;PRINT
DEN;DEN;PRINT
DEN;DEN;PRINT
DEN;DEN;PRINT
DEN;DEN;PRINT
DEN;DEN;PRINT
DEN;DEN;PRINT
DEN;DEN;PRINT
DEN;DEN;PRINT
DEN;DEN;PRINT
DEN;DEN;PRINT
DEN;DEN;EVE
DEN;DEN;EVE
DEN;DEN;EVE
DEN;DEN;EVE
DEN;DEN;EVE
DEN;DEN;EVE
DEN;DEN;EVE
DEN;DEN;EVE
DEN;DEN;EVE
DEN;DEN;EVE
DEN;DEN;PRINT
DEN;DEN;PRINT
DEN;DEN;PRINT
DEN;DEN;PRINT
DEN;DEN;PRINT
DEN;DEN;PRINT
DEN;DEN;PRINT
DEN;DEN;PRINT
DEN;DEN;PRINT
DEN;DEN;PRINT
DEN;DEN;PRINT
DEN;DEN;PRINT
DEN;DEN;PRINT
DEN;DEN;PRINT
DEN;DEN;PRINT
DEN;DEN;PRINT
DEN;DEN;PRINT
DEN;DEN;PRINT
DEN;DEN;PRINT
DEN;DEN;PRINT
DEN;DEN;DIG
DEN;DEN;DIG
DEN;DEN;DIG
DEN;DEN;DIG
DEN;DEN;DIG
DEN;DEN;DIG
DEN;DEN;DIG
DEN;DEN;DIG
DEN;DEN;DIG
DEN;DEN;DIG
DEN;DEN;DIG
DEN;DEN;DIG
DEN;DEN;DIG
DEN;DEN;DIG
DEN;DEN;DIG
DEN;DEN;DIG
DEN;DEN;DIG
DEN;DEN;DIG
DEN;DEN;DIG
DEN;DEN;DIG
DEN;DEN;DIG
DEN;DEN;DIG
DEN;DEN;DIG
DEN;DEN;DIG
DEN;DEN;DIG
DEN;DEN;DIG
DEN;DEN;DIG
DEN;DEN;DIG
DEN;DEN;DIG
DEN;DEN;DIG
DEN;DEN;DIG
DEN;DEN;DIG
DEN;DEN;DIG
DEN;DEN;DIG
DEN;DEN;DIG
DEN;DEN;DIG
DEN;DEN;DIG
DEN;DEN;DIG
DEN;DEN;DIG
DEN;DEN;DIG
DEN;DEN;DIG
DEN;DEN;DIG
DEN;DEN;DIG
DEN;DEN;DIG
DEN;DEN;DIG
DEN;DEN;DIG
DEN;DEN;DIG
DEN;DEN;DIG
DEN;DEN;DIG
DEN;DEN;DIG
DEN;DEN;DIG
DEN;DEN;DIG
DEN;DEN;DIG
DEN;DEN;DIG
DEN;DEN;DIG
DEN;DEN;DIG
DEN;DEN;DIG
DEN;DEN;DIG
DEN;DEN;DIG
DEN;DEN;DIG
DEN;DEN;DIG
DEN;DEN;DIG
DEN;DEN;DIG
DEN;DEN;DIG
DEN;DEN;DIG
DEN;DEN;DIG
DEN;DEN;DIG
DEN;DEN;DIG
DEN;DEN;DIG
DEN;DEN;DIG
DEN;DEN;DIG
DEN;DEN;DIG
DEN;DEN;DIG
DEN;DEN;DIG
DEN;DEN;DIG
DEN;DEN;DIG
DEN;DEN;DIG
DEN;DEN;DIG
DEN;DEN;DIG
DEN;DEN;DIG
DEN;DEN;DIG
DEN;DEN;DIG
DEN;DEN;DIG
DEN;DEN;DIG
DEN;DEN;DIG
DEN;DEN;DIG
DEN;DEN;DIG
DEN;DEN;DIG
DEN;DEN;DIG
DEN;DEN;DIG
DEN;DEN;DIG
DEN;DEN;DIG
DEN;DEN;DIG
DEN;DEN;DIG
DEN;DEN;DIG
DEN;DEN;DIG
DEN;DEN;DIG
DEN;DEN;DIG
DEN;DEN;DIG
DEN;DEN;DIG
DEN;DEN;DIG
DEN;DEN;DIG
DEN;DEN;DIG
DEN;DEN;DIG
DEN;DEN;DIG
DEN;DEN;DIG
DEN;DEN;DIG
DEN;DEN;DIG
DEN;DEN;DIG
DEN;DEN;DIG
DEN;DEN;DIG
DEN;DEN;DIG
DEN;DEN;DIG
DEN;DEN;DIG
DEN;DEN;DIG
DEN;DEN;DIG
DEN;DEN;DIG
DEN;DEN;DIG
DEN;DEN;DIG
DEN;DEN;DIG
DEN;DEN;DIG
DEN;DEN;DIG
DEN;DEN;DIG
DEN;DEN;DIG
DEN;DEN;DIG
DEN;DEN;DIG
DEN;DEN;DIG
DEN;DEN;DIG
DEN;DEN;DIG
DEN;DEN;DIG
DEN;DEN;DIG
DEN;DEN;DIG
DEN;DEN;DIG
DEN;DEN;DIG
DEN;DEN;DIG
DEN;DEN;DIG
DEN;DEN;DIG
DEN;DEN;DIG
DEN;DEN;DIG
DEN;DEN;DIG
DEN;DEN;DIG
DEN;DEN;DIG
DEN;DEN;DIG
DEN;DEN;DIG
DEN;DEN;DIG
DEN;DEN;DIG
DEN;DEN;DIG
DEN;DEN;DIG
DEN;DEN;DIG
DEN;DEN;DIG
DEN;DEN;DIG
DEN;DEN;DIG
DEN;DEN;DIG
DEN;DEN;DIG
DEN;DEN;DIG
DEN;DEN;DIG
DEN;DEN;DIG
DEN;DEN;DIG
DEN;DEN;DIG
DEN;DEN;DIG
DEN;DEN;DIG
DEN;DEN;DIG
DEN;DEN;DIG
DEN;DEN;DIG
DEN;DEN;DIG
DEN;DEN;DIG
DEN;DEN;DIG
DEN;DEN;DIG
DEN;DEN;DIG
DEN;DEN;DIG
DEN;DEN;DIG
DEN;DEN;DIG
DEN;DEN;DIG
DEN;DEN;DIG
DEN;DEN;DIG
DEN;DEN;DIG
DEN;DEN;DIG
DEN;DEN;DIG
DEN;DEN;DIG
DEN;DEN;DIG
DEN;DEN;DIG
DEN;DEN;DIG
DEN;DEN;DIG
DEN;DEN;PRINT
DEN;DEN;PRINT
DEN;DEN;DIG
DEN;DEN;DIG
DEN;DEN;DIG
DEN;DEN;DIG
DEN;DEN;DIG
DEN;DEN;DIG
DEN;DEN;PRINT
DEN;DEN;PRINT
DEN;DEN;EVE
DEN;DEN;EVE
DEN;DEN;EVE
DEN;DEN;EVE
DEN;DEN;EVE
DEN;DEN;EVE
DEN;DEN;DIG
DEN;DEN;DIG
DEN;DEN;PRINT
DEN;DEN;EVE
DEN;DEN;EVE
DEN;DEN;EVE
DEN;DEN;PRINT
DEN;DEN;EVE
DEN;DEN;PRINT
DEN;DEN;EVE
DEN;DEN;EVE
DEN;DEN;EVE
DEN;DEN;EVE
DEN;DEN;EVE
DEN;DEN;PRINT
DEN;DEN;EVE
DEN;DEN;EVE
DEN;DEN;EVE
DEN;DEN;PRINT
DEN;DEN;PRINT
DEN;DEN;PRINT
DEN;DEN;PRINT
DEN;DEN;PRINT
DEN;DEN;PRINT
DEN;DEN;PRINT
DEN;DEN;PRINT
DEN;DEN;PRINT
DEN;DEN;PRINT
DEN;DEN;PRINT
DEN;DEN;PRINT
DEN;DEN;PRINT
DEN;DEN;PRINT
DEN;DEN;PRINT
DEN;DEN;PRINT
DEN;DEN;PRINT
DEN;DEN;PRINT
DEN;DEN;PRINT
DEN;DEN;PRINT
DEN;DEN;DIG
DEN;DEN;DIG
DEN;DEN;DIG
DEN;DEN;DIG
DEN;DEN;DIG
DEN;DEN;DIG
DEN;DEN;DIG
DEN;DEN;DIG
DEN;DEN;DIG
DEN;DEN;DIG
DEN;DEN;DIG
DEN;DEN;DIG
DEN;DEN;DIG
DEN;DEN;PRINT
DEN;DEN;PRINT
DEN;DEN;PRINT
DEN;DEN;PRINT
DEN;DEN;EVE
DEN;DEN;EVE
DEN;DEN;EVE
DEN;DEN;EVE
DEN;DEN;EVE
DEN;DEN;EVE
DEN;DEN;EVE
DEN;DEN;EVE
DEN;DEN;EVE
DEN;DEN;EVE
DEN;DEN;EVE
DEN;DEN;EVE
DEN;DEN;EVE
DEN;DEN;DIG
DEN;DEN;DIG
DEN;DEN;DIG
DEN;DEN;DIG
DEN;DEN;DIG
DEN;DEN;DIG
DEN;DEN;DIG
DEN;DEN;DIG
DEN;DEN;DIG
DEN;DEN;DIG
DEN;DEN;DIG
DEN;DEN;DIG
DEN;DEN;DIG
DEN;DEN;DIG
DEN;DEN;DIG
DEN;DEN;DIG
DEN;DEN;PRINT
DEN;DEN;PRINT
DEN;DEN;PRINT
DEN;DEN;PRINT
DEP;DEP;PRINT
DEP;DEP;PRINT
DEP;DEP;PRINT
DEP;DEP;PRINT
DEP;DEP;PRINT
DEP;DEP;PRINT
DEP;DEP;PRINT
DEP;DEP;PRINT
DEP;DEP;PRINT
DEP;DEP;PRINT
DEP;DEP;PRINT
DEP;DEP;PRINT
DEP;DEP;PRINT
DEP;DEP;PRINT
DEP;DEP;PRINT
DEP;DEP;PRINT
DEP;DEP;PRINT
DEP;DEP;PRINT
DEP;DEP;PRINT
DEP;DEP;PRINT
DEP;DEP;PRINT
DEP;DEP;PRINT
DEP;DEP;PRINT
DEP;DEP;PRINT
DEP;DEP;PRINT
DEP;DEP;PRINT
DEP;DEP;PRINT
DEP;DEP;PRINT
DEP;DEP;PRINT
DEP;DEP;PRINT
DEP;DEP;PRINT
DEP;DEP;PRINT
DEP;DEP;PRINT
DEP;DEP;PRINT
DEP;DEP;PRINT
DEP;DEP;PRINT
DEP;DEP;PRINT
DEP;DEP;PRINT
DEP;DEP;PRINT
DEP;DEP;PRINT
DEP;DEP;PRINT
DEP;DEP;PRINT
DEP;DEP;PRINT
DEP;DEP;PRINT
DEP;DEP;PRINT
DEP;DEP;PRINT
DEP;DEP;PRINT
DEP;DEP;PRINT
DEP;DEP;PRINT
DEP;DEP;PRINT
DEP;DEP;PRINT
DEP;DEP;PRINT
DEP;DEP;PRINT
DEP;DEP;PRINT
DEP;DEP;PRINT
DEP;DEP;PRINT
DEP;DEP;PRINT
DEP;DEP;PRINT
DEP;DEP;PRINT
DEP;DEP;PRINT
DEP;DEP;PRINT
DEP;DEP;PRINT
DEP;DEP;PRINT
DEP;DEP;PRINT
DEP;DEP;PRINT
DEP;DEP;PRINT
DEP;DEP;PRINT
DEP;DEP;PRINT
DEP;DEP;PRINT
DEP;DEP;PRINT
DEP;DEP;PRINT
DEP;DEP;PRINT
DEP;DEP;PRINT
DEP;DEP;PRINT
DEP;DEP;PRINT
DEP;DEP;PRINT
DEP;DEP;PRINT
DEP;DEP;PRINT
DEP;DEP;PRINT
DEP;DEP;PRINT
DEP;DEP;PRINT
DEP;DEP;PRINT
DEP;DEP;PRINT
DEP;DEP;PRINT
DEP;DEP;PRINT
DEP;DEP;PRINT
DEP;DEP;PRINT
DEP;DEP;PRINT
DEP;DEP;PRINT
DEP;DEP;PRINT
DEP;DEP;PRINT
DEP;DEP;PRINT
DEP;DEP;PRINT
DEP;DEP;PRINT
DEP;DEP;PRINT
DEP;DEP;PRINT
DEP;DEP;PRINT
DEP;DEP;PRINT
DEP;DEP;PRINT
DEP;DEP;PRINT
DEP;DEP;PRINT
DEP;DEP;PRINT
DEP;DEP;PRINT
DEP;DEP;PRINT
DEP;DEP;PRINT
DEP;DEP;PRINT
DEP;DEP;PRINT
DEP;DEP;PRINT
DEP;DEP;PRINT
DEP;DEP;PRINT
DEP;DEP;PRINT
DEP;DEP;PRINT
DEP;DEP;PRINT
DEP;DEP;PRINT
DEP;DEP;PRINT
DEP;DEP;PRINT
DEP;DEP;DIG
DEP;DEP;DIG
DEP;DEP;DIG
DEP;DEP;DIG
DEP;DEP;DIG
DEP;DEP;DIG
DEP;DEP;DIG
DEP;DEP;DIG
DEP;DEP;DIG
DEP;DEP;DIG
DEP;DEP;DIG
DEP;DEP;DIG
DEP;DEP;DIG
DEP;DEP;DIG
DEP;DEP;DIG
DEP;DEP;DIG
DEP;DEP;DIG
DEP;DEP;DIG
DEP;DEP;DIG
DEP;DEP;DIG
DEP;DEP;DIG
DEP;DEP;DIG
DEP;DEP;DIG
DEP;DEP;DIG
DEP;DEP;DIG
DEP;DEP;DIG
DEP;DEP;DIG
DEP;DEP;DIG
DEP;DEP;DIG
DEP;DEP;DIG
DEP;DEP;DIG
DEP;DEP;DIG
DEP;DEP;DIG
DEP;DEP;DIG
DEP;DEP;DIG
DEP;DEP;DIG
DEP;DEP;DIG
DEP;DEP;DIG
DEP;DEP;DIG
DEP;DEP;DIG
DEP;DEP;DIG
DEP;DEP;DIG
DEP;DEP;DIG
DEP;DEP;DIG
DEP;DEP;DIG
DEP;DEP;DIG
DEP;DEP;DIG
DEP;DEP;DIG
DEP;DEP;DIG
DEP;DEP;DIG
DEP;DEP;DIG
DEP;DEP;DIG
DEP;DEP;DIG
DEP;DEP;DIG
DEP;DEP;DIG
DEP;DEP;DIG
DEP;DEP;DIG
DEP;DEP;DIG
DEP;DEP;DIG
DEP;DEP;DIG
DEP;DEP;DIG
DEP;DEP;DIG
DEP;DEP;DIG
DEP;DEP;DIG
DEP;DEP;DIG
DEP;DEP;DIG
DEP;DEP;DIG
DEP;DEP;DIG
DEP;DEP;DIG
DEP;DEP;PRINT
DEP;DEP;PRINT
DEP;DEP;EVE
DEP;DEP;EVE
DEP;DEP;GEN
DEP;DEP;GEN
DEP;DEP;GEN
DEP;DEP;GEN
DEP;DEP;GEN
DEP;DEP;GEN
DEP;DEP;DIG
DEP;DEP;DIG
DEP;DEP;DIG
DEP;DEP;DIG
DEP;DEP;DIG
DEP;DEP;DIG
DEP;DEP;DIG
DEP;DEP;DIG
DEP;DEP;DIG
DEP;DEP;PRINT
DEP;DEP;PRINT
DEP;DEP;EVE
DEP;DEP;EVE
DEP;DEP;EVE
DEP;DEP;EVE
DEP;DEP;EVE
DEP;DEP;EVE
DEP;DEP;EVE
DEP;DEP;EVE
DEP;DEP;EVE
DEP;DEP;EVE
DEP;DEP;EVE
DEP;DEP;EVE
DEP;DEP;EVE
DEP;DEP;EVE
DEP;DEP;DIG
DEP;DEP;DIG
DEP;DEP;DIG
DEP;DEP;DIG
DEP;DEP;DIG
DEP;DEP;DIG
DEP;DEP;DIG
DEP;DEP;DIG
DEP;DEP;DIG
DEP;DEP;DIG
DEP;DEP;DIG
DEP;DEP;DIG
DEP;DEP;DIG
DEP;DEP;DIG
DEP;DEP;DIG
DEP;DEP;DIG
DEP;DEP;EVE
DEP;DEP;EVE
DEP;DEP;EVE
DEP;DEP;EVE
CON;CON;PRINT
CON;CON;PRINT
CON;CON;PRINT
CON;CON;PRINT
CON;CON;PRINT
CON;CON;PRINT
CON;CON;PRINT
CON;CON;PRINT
CON;CON;PRINT
CON;CON;PRINT
CON;CON;PRINT
CON;CON;PRINT
CON;CON;PRINT
CON;CON;PRINT
CON;CON;PRINT
CON;CON;PRINT
CON;CON;PRINT
CON;CON;PRINT
CON;CON;PRINT
CON;CON;PRINT
CON;CON;PRINT
CON;CON;PRINT
CON;CON;PRINT
CON;CON;PRINT
CON;CON;PRINT
CON;CON;PRINT
CON;CON;PRINT
CON;CON;PRINT
CON;CON;PRINT
CON;CON;PRINT
CON;CON;PRINT
CON;CON;PRINT
CON;CON;PRINT
CON;CON;PRINT
CON;CON;PRINT
CON;CON;PRINT
CON;CON;PRINT
CON;CON;PRINT
CON;CON;PRINT
CON;CON;PRINT
CON;CON;PRINT
CON;CON;PRINT
CON;CON;PRINT
CON;CON;PRINT
CON;CON;PRINT
CON;CON;PRINT
CON;CON;PRINT
CON;CON;PRINT
CON;CON;PRINT
CON;CON;PRINT
CON;CON;PRINT
CON;CON;PRINT
CON;CON;PRINT
CON;CON;PRINT
CON;CON;PRINT
CON;CON;PRINT
CON;CON;PRINT
CON;CON;PRINT
CON;CON;PRINT
CON;CON;PRINT
CON;CON;PRINT
CON;CON;PRINT
CON;CON;PRINT
CON;CON;PRINT
CON;CON;PRINT
CON;CON;DIG
CON;CON;DIG
CON;CON;DIG
CON;CON;DIG
CON;CON;DIG
CON;CON;DIG
CON;CON;DIG
CON;CON;DIG
CON;CON;DIG
CON;CON;DIG
CON;CON;DIG
CON;CON;DIG
CON;CON;DIG
CON;CON;DIG
CON;CON;PRINT
CON;CON;PRINT
CON;CON;PRINT
CON;CON;PRINT
CON;CON;EVE
CON;CON;EVE
CON;CON;EVE
CON;CON;EVE
CON;CON;EVE
CON;CON;EVE
CON;CON;EVE
CON;CON;EVE
CON;CON;EVE
CON;CON;EVE
CON;CON;EVE
CON;CON;EVE
CON;CON;EVE
CON;CON;EVE
CON;CON;EVE
CON;CON;EVE
CON;CON;EVE
CON;CON;EVE
CON;CON;EVE
CON;CON;EVE
CON;CON;EVE
CON;CON;EVE
CON;CON;EVE
CON;CON;EVE
CON;CON;EVE
CON;CON;EVE
CON;CON;EVE
CON;CON;EVE
CON;CON;EVE
CON;CON;EVE
CON;CON;EVE
CON;CON;EVE
CON;CON;EVE
CON;CON;EVE
CON;CON;EVE
CON;CON;EVE
CON;CON;EVE
CON;CON;EVE
CON;CON;EVE
CON;CON;EVE
CON;CON;EVE
CON;CON;EVE
CON;CON;EVE
CON;CON;EVE
CON;CON;EVE
CON;CON;EVE
CON;CON;EVE
CON;CON;EVE
CON;CON;EVE
CON;CON;EVE
CON;CON;EVE
CON;CON;EVE
CON;CON;EVE
CON;CON;EVE
CON;CON;EVE
CON;CON;EVE
CON;CON;EVE
CON;CON;EVE
CON;CON;EVE
CON;CON;EVE
CON;CON;EVE
CON;CON;EVE
CON;CON;EVE
CON;CON;EVE
CON;CON;EVE
CON;CON;EVE
CON;CON;EVE
CON;CON;EVE
CON;CON;EVE
CON;CON;EVE
CON;CON;EVE
CON;CON;EVE
CON;CON;EVE
CON;CON;EVE
CON;CON;EVE
CON;CON;EVE
CON;CON;EVE
CON;CON;EVE
CON;CON;EVE
CON;CON;EVE
CON;CON;EVE
CON;CON;EVE
CON;CON;EVE
CON;CON;EVE
CON;CON;EVE
CON;CON;EVE
CON;CON;EVE
CON;CON;EVE
CON;CON;DIG
CON;CON;DIG
CON;CON;PRINT
CON;CON;PRINT
CON;CON;PRINT
CON;CON;PRINT
CON;CON;PRINT
CON;CON;PRINT
CON;CON;PRINT
CON;CON;PRINT
CON;CON;DIG
CON;CON;DIG
CON;CON;DIG
CON;CON;DIG
CON;CON;DIG
CON;CON;DIG
CON;CON;DIG
CON;CON;DIG
CON;CON;DIG
CON;CON;DIG
CON;CON;DIG
CON;CON;DIG
CON;CON;DIG
CON;CON;DIG
CON;CON;DIG
CON;CON;DIG
CON;CON;DIG
CON;CON;DIG
CON;CON;DIG
CON;CON;DIG
CON;CON;DIG
CON;CON;DIG
CON;CON;DIG
CON;CON;DIG
CON;CON;DIG
CON;CON;DIG
CON;CON;DIG
CON;CON;DIG
CON;CON;DIG
CON;CON;DIG
CON;CON;DIG
CON;CON;DIG
CON;CON;DIG
CON;CON;DIG
CON;CON;DIG
CON;CON;DIG
CON;CON;DIG
CON;CON;DIG
CON;CON;DIG
CON;CON;DIG
CON;CON;DIG
CON;CON;DIG
CON;CON;DIG
CON;CON;DIG
CON;CON;DIG
CON;CON;DIG
CON;CON;DIG
CON;CON;DIG
CON;CON;DIG
CON;CON;DIG
CON;CON;DIG
CON;CON;DIG
CON;CON;DIG
CON;CON;DIG
CON;CON;DIG
CON;CON;DIG
CON;CON;DIG
CON;CON;DIG
CON;CON;DIG
CON;CON;DIG
CON;CON;DIG
CON;CON;DIG
CON;CON;DIG
CON;CON;DIG
CON;CON;DIG
CON;CON;DIG
CON;CON;DIG
CON;CON;DIG
CON;CON;DIG
CON;CON;DIG
CON;CON;DIG
CON;CON;DIG
CON;CON;DIG
CON;CON;DIG
CON;CON;DIG
CON;CON;DIG
CON;CON;DIG
CON;CON;DIG
CON;CON;DIG
CON;CON;DIG
CON;CON;DIG
CON;CON;DIG
CON;CON;DIG
CON;CON;DIG
CON;CON;EVE
CON;CON;EVE
CON;CON;EVE
CON;CON;EVE
CON;CON;EVE
CON;CON;EVE
CON;CON;EVE
CON;CON;EVE
CON;CON;EVE
CON;CON;EVE
CON;CON;EVE
CON;CON;EVE
CON;CON;EVE
CON;CON;EVE
CON;CON;EVE
CON;CON;EVE
CON;CON;EVE
CON;CON;EVE
CON;CON;EVE
CON;CON;EVE
CON;CON;EVE
CON;CON;EVE
CON;CON;EVE
CON;CON;EVE
CON;CON;EVE
CON;CON;EVE
CON;CON;EVE
CON;CON;EVE
CON;CON;EVE
CON;CON;EVE
CON;CON;EVE
CON;CON;EVE
CON;CON;EVE
CON;CON;EVE
CON;CON;EVE
CON;CON;EVE
CON;CON;EVE
CON;CON;EVE
CON;CON;EVE
CON;CON;EVE
CON;CON;EVE
CON;CON;EVE
CON;CON;EVE
CON;CON;EVE
CON;CON;EVE
CON;CON;EVE
CON;CON;EVE
CON;CON;EVE
CON;CON;EVE
CON;CON;EVE
CON;CON;EVE
CON;CON;EVE
CON;CON;EVE
CON;CON;EVE
CON;CON;EVE
CON;CON;EVE
CON;CON;EVE
CON;CON;EVE
CON;CON;DIG
CON;CON;DIG
CON;CON;DIG
CON;CON;DIG
CON;CON;DIG
CON;CON;DIG
CON;CON;DIG
CON;CON;DIG
DEN;DEN;PRINT
DEN;DEN;PRINT
DEN;DEN;PRINT
DEN;DEN;PRINT
DEN;DEN;PRINT
DEN;DEN;PRINT
DEN;DEN;PRINT
DEN;DEN;PRINT
DEN;DEN;PRINT
DEN;DEN;PRINT
DEN;DEN;PRINT
DEN;DEN;PRINT
DEN;DEN;PRINT
DEN;DEN;PRINT
DEN;DEN;PRINT
DEN;DEN;PRINT
DEN;DEN;PRINT
DEN;DEN;PRINT
DEN;DEN;PRINT
DEN;DEN;PRINT
DEN;DEN;PRINT
DEN;DEN;PRINT
DEN;DEN;PRINT
DEN;DEN;PRINT
DEN;DEN;PRINT
DEN;DEN;PRINT
DEN;DEN;PRINT
DEN;DEN;PRINT
DEN;DEN;PRINT
DEN;DEN;PRINT
DEN;DEN;PRINT
DEN;DEN;PRINT
DEN;DEN;PRINT
DEN;DEN;PRINT
DEN;DEN;PRINT
DEN;DEN;PRINT
DEN;DEN;PRINT
DEN;DEN;PRINT
DEN;DEN;PRINT
DEN;DEN;PRINT
DEN;DEN;PRINT
DEN;DEN;PRINT
DEN;DEN;PRINT
DEN;DEN;PRINT
DEN;DEN;PRINT
DEN;DEN;PRINT
DEN;DEN;PRINT
DEN;DEN;PRINT
DEN;DEN;PRINT
DEN;DEN;PRINT
DEN;DEN;PRINT
DEN;DEN;PRINT
DEN;DEN;PRINT
DEN;DEN;PRINT
DEN;DEN;PRINT
DEN;DEN;PRINT
DEN;DEN;PRINT
DEN;DEN;PRINT
DEN;DEN;PRINT
DEN;DEN;PRINT
DEN;DEN;PRINT
DEN;DEN;PRINT
DEN;DEN;PRINT
DEN;DEN;PRINT
DEN;DEN;PRINT
DEN;DEN;PRINT
DEN;DEN;PRINT
DEN;DEN;PRINT
DEN;DEN;PRINT
DEN;DEN;PRINT
DEN;DEN;PRINT
DEN;DEN;PRINT
DEN;DEN;PRINT
DEN;DEN;PRINT
DEN;DEN;PRINT
DEN;DEN;PRINT
DEN;DEN;PRINT
DEN;DEN;PRINT
DEN;DEN;PRINT
DEN;DEN;PRINT
DEN;DEN;PRINT
DEN;DEN;PRINT
DEN;DEN;PRINT
DEN;DEN;PRINT
DEN;DEN;PRINT
DEN;DEN;PRINT
DEN;DEN;PRINT
DEN;DEN;PRINT
DEN;DEN;PRINT
DEN;DEN;PRINT
DEN;DEN;PRINT
DEN;DEN;PRINT
DEN;DEN;PRINT
DEN;DEN;PRINT
DEN;DEN;PRINT
DEN;DEN;PRINT
DEN;DEN;PRINT
DEN;DEN;PRINT
DEN;DEN;PRINT
DEN;DEN;PRINT
DEN;DEN;PRINT
DEN;DEN;PRINT
DEN;DEN;PRINT
DEN;DEN;PRINT
DEN;DEN;PRINT
DEN;DEN;PRINT
DEN;DEN;PRINT
DEN;DEN;PRINT
DEN;DEN;PRINT
DEN;DEN;PRINT
DEN;DEN;PRINT
DEN;DEN;PRINT
DEN;DEN;PRINT
DEN;DEN;PRINT
DEN;DEN;PRINT
DEN;DEN;PRINT
DEN;DEN;PRINT
DEN;DEN;PRINT
DEN;DEN;PRINT
DEN;DEN;PRINT
DEN;DEN;PRINT
DEN;DEN;PRINT
DEN;DEN;PRINT
DEN;DEN;PRINT
DEN;DEN;PRINT
DEN;DEN;PRINT
DEN;DEN;PRINT
DEN;DEN;PRINT
DEN;DEN;PRINT
DEN;DEN;PRINT
DEN;DEN;PRINT
DEN;DEN;PRINT
DEN;DEN;PRINT
DEN;DEN;PRINT
DEN;DEN;PRINT
DEN;DEN;PRINT
DEN;DEN;PRINT
DEN;DEN;PRINT
DEN;DEN;PRINT
DEN;DEN;PRINT
DEN;DEN;PRINT
DEN;DEN;PRINT
DEN;DEN;PRINT
DEN;DEN;PRINT
DEN;DEN;PRINT
DEN;DEN;PRINT
DEN;DEN;PRINT
DEN;DEN;PRINT
DEN;DEN;PRINT
DEN;DEN;PRINT
DEN;DEN;PRINT
DEN;DEN;PRINT
DEN;DEN;PRINT
DEN;DEN;PRINT
DEN;DEN;PRINT
DEN;DEN;PRINT
DEN;DEN;PRINT
DEN;DEN;PRINT
DEN;DEN;PRINT
DEN;DEN;PRINT
DEN;DEN;PRINT
DEN;DEN;PRINT
DEN;DEN;PRINT
DEN;DEN;PRINT
DEN;DEN;PRINT
DEN;DEN;PRINT
DEN;DEN;PRINT
DEN;DEN;PRINT
DEN;DEN;PRINT
DEN;DEN;PRINT
DEN;DEN;PRINT
DEN;DEN;PRINT
DEN;DEN;PRINT
DEN;DEN;PRINT
DEN;DEN;PRINT
DEN;DEN;PRINT
DEN;DEN;PRINT
DEN;DEN;PRINT
DEN;DEN;PRINT
DEN;DEN;PRINT
DEN;DEN;PRINT
DEN;DEN;PRINT
DEN;DEN;PRINT
DEN;DEN;PRINT
DEN;DEN;PRINT
DEN;DEN;PRINT
DEN;DEN;PRINT
DEN;DEN;PRINT
DEN;DEN;PRINT
DEN;DEN;PRINT
DEN;DEN;PRINT
DEN;DEN;PRINT
DEN;DEN;PRINT
DEN;DEN;PRINT
DEN;DEN;PRINT
DEN;DEN;PRINT
DEN;DEN;PRINT
DEN;DEN;PRINT
DEN;DEN;PRINT
DEN;DEN;PRINT
DEN;DEN;PRINT
DEN;DEN;PRINT
DEN;DEN;PRINT
DEN;DEN;PRINT
DEN;DEN;PRINT
DEN;DEN;PRINT
DEN;DEN;PRINT
DEN;DEN;PRINT
DEN;DEN;PRINT
DEN;DEN;PRINT
DEN;DEN;PRINT
DEN;DEN;PRINT
DEN;DEN;PRINT
DEN;DEN;PRINT
DEN;DEN;PRINT
DEN;DEN;PRINT
DEN;DEN;PRINT
DEN;DEN;PRINT
DEN;DEN;PRINT
DEN;DEN;PRINT
DEN;DEN;PRINT
DEN;DEN;PRINT
DEN;DEN;PRINT
DEN;DEN;PRINT
DEN;DEN;PRINT
DEN;DEN;PRINT
DEN;DEN;PRINT
DEN;DEN;PRINT
DEN;DEN;PRINT
DEN;DEN;PRINT
DEN;DEN;PRINT
DEN;DEN;PRINT
DEN;DEN;PRINT
DEN;DEN;PRINT
DEN;DEN;PRINT
DEN;DEN;PRINT
DEN;DEN;PRINT
DEN;DEN;PRINT
DEN;DEN;PRINT
DEN;DEN;PRINT
DEN;DEN;PRINT
DEN;DEN;PRINT
DEN;DEN;PRINT
DEN;DEN;PRINT
DEN;DEN;PRINT
DEN;DEN;PRINT
DEN;DEN;PRINT
DEN;DEN;PRINT
DEN;DEN;PRINT
DEN;DEN;PRINT
DEN;DEN;PRINT
DEN;DEN;PRINT
DEN;DEN;PRINT
DEN;DEN;PRINT
DEN;DEN;PRINT
DEN;DEN;PRINT
DEN;DEN;PRINT
DEN;DEN;PRINT
DEN;DEN;PRINT
DEN;DEN;PRINT
DEN;DEN;PRINT
DEN;DEN;PRINT
DEN;DEN;PRINT
DEN;DEN;PRINT
DEN;DEN;PRINT
DEN;DEN;PRINT
DEN;DEN;PRINT
DEN;DEN;PRINT
DEN;DEN;PRINT
DEN;DEN;PRINT
DEN;DEN;PRINT
DEN;DEN;PRINT
DEN;DEN;PRINT
DEN;DEN;PRINT
DEN;DEN;PRINT
DEN;DEN;PRINT
DEN;DEN;PRINT
DEN;DEN;PRINT
DEN;DEN;PRINT
DEN;DEN;PRINT
DEN;DEN;PRINT
DEN;DEN;PRINT
DEN;DEN;PRINT
DEN;DEN;PRINT
DEN;DEN;PRINT
DEN;DEN;PRINT
DEN;DEN;PRINT
DEN;DEN;PRINT
DEN;DEN;PRINT
DEN;DEN;PRINT
DEN;DEN;PRINT
DEN;DEN;PRINT
DEN;DEN;PRINT
DEN;DEN;PRINT
DEN;DEN;PRINT
DEN;DEN;PRINT
DEN;DEN;PRINT
DEN;DEN;PRINT
DEN;DEN;PRINT
DEN;DEN;PRINT
DEN;DEN;PRINT
DEN;DEN;PRINT
DEN;DEN;PRINT
DEN;DEN;PRINT
DEN;DEN;PRINT
DEN;DEN;PRINT
DEN;DEN;PRINT
DEN;DEN;PRINT
DEN;DEN;PRINT
DEN;DEN;PRINT
DEN;DEN;PRINT
DEN;DEN;PRINT
DEN;DEN;PRINT
DEN;DEN;PRINT
DEN;DEN;PRINT
DEN;DEN;PRINT
DEN;DEN;PRINT
DEN;DEN;PRINT
DEN;DEN;PRINT
DEN;DEN;PRINT
DEN;DEN;PRINT
DEN;DEN;PRINT
DEN;DEN;PRINT
DEN;DEN;PRINT
DEN;DEN;PRINT
DEN;DEN;PRINT
DEN;DEN;PRINT
DEN;DEN;PRINT
DEN;DEN;PRINT
DEN;DEN;PRINT
DEN;DEN;PRINT
DEN;DEN;PRINT
DEN;DEN;PRINT
DEN;DEN;PRINT
DEN;DEN;PRINT
DEN;DEN;PRINT
DEN;DEN;PRINT
DEN;DEN;PRINT
DEN;DEN;PRINT
DEN;DEN;PRINT
DEN;DEN;PRINT
DEN;DEN;PRINT
DEN;DEN;PRINT
DEN;DEN;PRINT
DEN;DEN;PRINT
DEN;DEN;PRINT
DEN;DEN;PRINT
DEN;DEN;PRINT
DEN;DEN;PRINT
DEN;DEN;PRINT
DEN;DEN;PRINT
DEN;DEN;PRINT
DEN;DEN;PRINT
DEN;DEN;PRINT
DEN;DEN;PRINT
DEN;DEN;PRINT
DEN;DEN;PRINT
DEN;DEN;PRINT
DEN;DEN;PRINT
DEN;DEN;PRINT
DEN;DEN;PRINT
DEN;DEN;PRINT
DEN;DEN;PRINT
DEN;DEN;PRINT
DEN;DEN;PRINT
DEN;DEN;PRINT
DEN;DEN;PRINT
DEN;DEN;PRINT
DEN;DEN;PRINT
DEN;DEN;PRINT
DEN;DEN;PRINT
DEN;DEN;PRINT
DEN;DEN;PRINT
DEN;DEN;PRINT
DEN;DEN;PRINT
DEN;DEN;PRINT
DEN;DEN;PRINT
DEN;DEN;PRINT
DEN;DEN;PRINT
DEN;DEN;PRINT
DEN;DEN;PRINT
DEN;DEN;PRINT
DEN;DEN;PRINT
DEN;DEN;PRINT
DEN;DEN;PRINT
DEN;DEN;PRINT
DEN;DEN;PRINT
DEN;DEN;PRINT
DEN;DEN;PRINT
DEN;DEN;PRINT
DEN;DEN;PRINT
DEN;DEN;PRINT
DEN;DEN;PRINT
DEN;DEN;PRINT
DEN;DEN;PRINT
DEN;DEN;PRINT
DEN;DEN;PRINT
DEN;DEN;PRINT
DEN;DEN;PRINT
DEN;DEN;PRINT
DEN;DEN;PRINT
DEN;DEN;PRINT
DEN;DEN;PRINT
DEN;DEN;PRINT
DEN;DEN;PRINT
DEN;DEN;PRINT
DEN;DEN;PRINT
DEN;DEN;PRINT
DEN;DEN;PRINT
DEN;DEN;PRINT
DEN;DEN;PRINT
DEN;DEN;PRINT
DEN;DEN;PRINT
DEN;DEN;PRINT
DEN;DEN;PRINT
DEN;DEN;PRINT
DEN;DEN;PRINT
DEN;DEN;PRINT
DEN;DEN;PRINT
DEN;DEN;PRINT
DEN;DEN;PRINT
DEN;DEN;PRINT
DEN;DEN;PRINT
DEN;DEN;PRINT
DEN;DEN;PRINT
DEN;DEN;PRINT
DEN;DEN;PRINT
DEN;DEN;PRINT
DEN;DEN;PRINT
DEN;DEN;PRINT
DEN;DEN;PRINT
DEN;DEN;PRINT
DEN;DEN;PRINT
DEN;DEN;PRINT
DEN;DEN;PRINT
DEN;DEN;PRINT
DEN;DEN;PRINT
DEN;DEN;PRINT
DEN;DEN;PRINT
DEN;DEN;PRINT
DEN;DEN;PRINT
DEN;DEN;PRINT
DEN;DEN;PRINT
DEN;DEN;PRINT
DEN;DEN;PRINT
DEN;DEN;PRINT
DEN;DEN;PRINT
DEN;DEN;PRINT
DEN;DEN;PRINT
DEN;DEN;PRINT
DEN;DEN;PRINT
DEN;DEN;PRINT
DEN;DEN;PRINT
DEN;DEN;PRINT
DEN;DEN;PRINT
DEN;DEN;PRINT
DEN;DEN;PRINT
DEN;DEN;PRINT
DEN;DEN;PRINT
DEN;DEN;PRINT
DEN;DEN;PRINT
DEN;DEN;PRINT
DEN;DEN;PRINT
DEN;DEN;PRINT
DEN;DEN;PRINT
DEN;DEN;PRINT
DEN;DEN;PRINT
DEN;DEN;PRINT
DEN;DEN;PRINT
DEN;DEN;PRINT
DEN;DEN;PRINT
DEN;DEN;PRINT
DEN;DEN;PRINT
DEN;DEN;PRINT
DEN;DEN;PRINT
DEN;DEN;PRINT
DEN;DEN;PRINT
DEN;DEN;PRINT
DEN;DEN;PRINT
DEN;DEN;PRINT
DEN;DEN;PRINT
DEN;DEN;PRINT
DEN;DEN;PRINT
DEN;DEN;PRINT
DEN;DEN;PRINT
DEN;DEN;PRINT
DEN;DEN;PRINT
DEN;DEN;PRINT
DEN;DEN;PRINT
DEN;DEN;PRINT
DEN;DEN;PRINT
DEN;DEN;PRINT
DEN;DEN;PRINT
DEN;DEN;PRINT
DEN;DEN;PRINT
DEN;DEN;PRINT
DEN;DEN;PRINT
DEN;DEN;PRINT
DEN;DEN;PRINT
DEN;DEN;PRINT
DEN;DEN;PRINT
DEN;DEN;PRINT
DEN;DEN;PRINT
DEN;DEN;PRINT
DEN;DEN;PRINT
DEN;DEN;PRINT
DEN;DEN;PRINT
DEN;DEN;PRINT
DEN;DEN;PRINT
DEN;DEN;PRINT
DEN;DEN;PRINT
DEN;DEN;PRINT
DEN;DEN;PRINT
DEN;DEN;PRINT
DEN;DEN;PRINT
DEN;DEN;PRINT
DEN;DEN;PRINT
DEN;DEN;PRINT
DEN;DEN;PRINT
DEN;DEN;PRINT
DEN;DEN;PRINT
DEN;DEN;PRINT