PECK;ACRED;GEN;GEN;GEN
TUR;CAR;PRINT;AUTOC;PUBPAP
TUR;CAR;PRINT;AUTOC;PUBPAP
TUR;CAR;PRINT;AUTOC;PUBPAP
TUR;CAR;PRINT;AUTOC;PUBPAP
TUR;CAR;PRINT;AUTOC;PUBPAP
TUR;CAR;PRINT;AUTOC;PUBPAP
TUR;CAR;PRINT;AUTOC;PUBPAP
TUR;CAR;PRINT;AUTOC;PUBPAP
TUR;CAR;PRINT;AUTOC;PUBPAP
TUR;CAR;PRINT;AUTOC;PUBPAP
TUR;CAR;PRINT;AUTOC;PUBPAP
TUR;CAR;PRINT;AUTOC;PUBPAP
TUR;CAR;PRINT;AUTOC;PUBPAP
TUR;CAR;PRINT;AUTOC;PUBPAP
TUR;CAR;PRINT;AUTOC;PUBPAP
TUR;CAR;PRINT;AUTOC;PUBPAP
TUR;CAR;PRINT;AUTOC;PUBPAP
TUR;CAR;PRINT;AUTOC;PUBPAP
TUR;CAR;PRINT;AUTOC;PUBPAP
TUR;CAR;PRINT;AUTOC;PUBPAP
TUR;CAR;PRINT;AUTOC;PUBPAP
TUR;CAR;PRINT;AUTOC;PUBPAP
TUR;CAR;PRINT;AUTOC;PUBPAP
TUR;CAR;PRINT;AUTOC;PUBPAP
TUR;CAR;PRINT;AUTOC;PUBPAP
TUR;CAR;PRINT;AUTOC;PUBPAP
TUR;CAR;PRINT;AUTOC;PUBPAP
TUR;CAR;PRINT;AUTOC;PUBPAP
TUR;CAR;PRINT;AUTOC;PUBPAP
TUR;CAR;PRINT;AUTOC;PUBPAP
TUR;CAR;PRINT;AUTOC;PUBPAP
TUR;CAR;PRINT;AUTOC;PUBPAP
TUR;CAR;PRINT;AUTOC;PUBPAP
TUR;CAR;PRINT;AUTOC;PUBPAP
TUR;CAR;PRINT;AUTOC;PUBPAP
TUR;CAR;PRINT;AUTOC;PUBPAP
TUR;CAR;PRINT;AUTOC;PUBPAP
TUR;CAR;PRINT;AUTOC;PUBPAP
TUR;CAR;PRINT;AUTOC;PUBPAP
TUR;CAR;PRINT;AUTOC;PUBPAP
TUR;CAR;PRINT;AUTOC;PUBPAP
TUR;CAR;PRINT;AUTOC;PUBPAP
TUR;CAR;PRINT;AUTOC;PUBPAP
TUR;CAR;PRINT;AUTOC;PUBPAP
TUR;CAR;PRINT;AUTOC;PUBPAP
TUR;CAR;PRINT;AUTOC;PUBPAP
TUR;CAR;PRINT;AUTOC;PUBPAP
TUR;CAR;PRINT;AUTOC;PUBPAP
TUR;CAR;PRINT;AUTOC;PUBPAP
TUR;CAR;PRINT;AUTOC;PUBPAP
TUR;CAR;PRINT;AUTOC;PUBPAP
TUR;CAR;PRINT;AUTOC;PUBPAP
TUR;CAR;PRINT;AUTOC;PUBPAP
TUR;CAR;PRINT;AUTOC;PUBPAP
TUR;CAR;PRINT;AUTOC;PUBPAP
TUR;CAR;PRINT;AUTOC;PUBPAP
TUR;CAR;PRINT;AUTOC;PUBPAP
TUR;CAR;PRINT;AUTOC;PUBPAP
TUR;CAR;PRINT;AUTOC;PUBPAP
TUR;CAR;PRINT;AUTOC;PUBPAP
TUR;CAR;PRINT;AUTOC;PUBPAP
TUR;CAR;PRINT;AUTOC;PUBPAP
TUR;CAR;PRINT;AUTOC;PUBPAP
TUR;CAR;PRINT;AUTOC;PUBPAP
TUR;CAR;PRINT;AUTOC;PUBPAP
TUR;CAR;PRINT;AUTOC;PUBPAP
TUR;CAR;PRINT;AUTOC;PUBPAP
TUR;CAR;PRINT;AUTOC;PUBPAP
TUR;CAR;PRINT;AUTOC;PUBPAP
TUR;CAR;PRINT;AUTOC;PUBPAP
TUR;CAR;PRINT;AUTOC;PUBPAP
TUR;CAR;PRINT;AUTOC;PUBPAP
TUR;CAR;PRINT;AUTOC;PUBPAP
TUR;CAR;PRINT;AUTOC;PUBPAP
TUR;CAR;PRINT;AUTOC;PUBPAP
TUR;CAR;PRINT;AUTOC;PUBPAP
TUR;CAR;PRINT;AUTOC;ENCAR
TUR;CAR;PRINT;AUTOC;ENCAR
TUR;CAR;PRINT;AUTOC;PUBPAP
TUR;CAR;PRINT;AUTOC;PUBPAP
TUR;CAR;PRINT;AUTOC;PUBPAP
TUR;CAR;PRINT;AUTOC;PUBPAP
TUR;CAR;PRINT;AUTOC;PUBPAP
TUR;CAR;PRINT;AUTOC;PUBPAP
TUR;CAR;PRINT;AUTOC;PUBPAP
TUR;CAR;PRINT;AUTOC;PUBPAP
TUR;CAR;PRINT;AUTOC;PUBPAP
TUR;CAR;PRINT;AUTOC;PUBPAP
TUR;CAR;PRINT;AUTOC;PUBPAP
TUR;CAR;PRINT;AUTOC;PUBPAP
TUR;CAR;PRINT;AUTOC;PUBPAP
TUR;CAR;PRINT;AUTOC;PUBPAP
TUR;CAR;PRINT;AUTOC;PUBPAP
TUR;CAR;PRINT;AUTOC;PUBPAP
TUR;CAR;PRINT;AUTOC;PUBPAP
TUR;CAR;PRINT;AUTOC;PUBPAP
TUR;CAR;PRINT;AUTOC;PUBPAP
TUR;CAR;PRINT;AUTOC;PUBPAP
TUR;CAR;PRINT;AUTOC;PUBPAP
TUR;CAR;PRINT;AUTOC;PUBPAP
TUR;CAR;PRINT;AUTOC;PUBPAP
TUR;CAR;PRINT;AUTOC;PUBPAP
TUR;CAR;PRINT;AUTOC;PUBPAP
TUR;CAR;PRINT;AUTOC;PUBPAP
TUR;CAR;PRINT;AUTOC;PUBPAP
TUR;CAR;PRINT;AUTOC;PUBPAP
TUR;CAR;PRINT;AUTOC;PUBPAP
TUR;CAR;PRINT;AUTOC;PUBPAP
TUR;CAR;PRINT;AUTOC;PUBPAP
TUR;CAR;PRINT;AUTOC;PUBPAP
TUR;CAR;PRINT;AUTOC;PUBPAP
TUR;CAR;PRINT;AUTOC;PUBPAP
TUR;CAR;PRINT;AUTOC;PUBPAP
TUR;CAR;PRINT;AUTOC;PUBPAP
TUR;CAR;PRINT;AUTOC;PUBPAP
TUR;CAR;PRINT;AUTOC;PUBPAP
TUR;CAR;PRINT;AUTOC;PUBPAP
TUR;CAR;PRINT;AUTOC;PUBPAP
TUR;CAR;PRINT;AUTOC;SUSCR
TUR;CAR;PRINT;AUTOC;SUSCR
TUR;CAR;PRINT;AUTOC;VTAEJE
TUR;CAR;PRINT;AUTOC;VTAEJE
TUR;CAR;DIG;AUTOC;VTAEJE
TUR;CAR;DIG;AUTOC;VTAEJE
TUR;CAR;PRINT;AUTOC;PUBPAP
TUR;CAR;PRINT;AUTOC;PUBPAP
TUR;CAR;PRINT;AUTOC;PUBPAP
TUR;CAR;PRINT;AUTOC;PUBPAP
TUR;CAR;PRINT;AUTOC;PUBPAP
TUR;CAR;PRINT;AUTOC;PUBPAP
TUR;CAR;PRINT;AUTOC;PUBPAP
TUR;CAR;PRINT;AUTOC;PUBPAP
TUR;CAR;PRINT;AUTOC;PUBPAP
TUR;CAR;PRINT;AUTOC;PUBPAP
TUR;CAR;PRINT;AUTOC;PUBPAP
TUR;CAR;PRINT;AUTOC;PUBPAP
TUR;CAR;PRINT;AUTOC;PUBPAP
TUR;CAR;PRINT;AUTOC;PUBPAP
TUR;CAR;PRINT;AUTOC;PUBPAP
TUR;CAR;PRINT;AUTOC;PUBPAP
TUR;CPROF;DIG;CPROF;RRSS
TUR;CPROF;DIG;CPROF;RRSS
TUR;CPROF;DIG;CPROF;WEB
TUR;CPROF;DIG;CPROF;WEB
TUR;CPROF;DIG;CPROF;WEB
TUR;CPROF;DIG;CPROF;WEB
TUR;CPROF;DIG;CPROF;WEB
TUR;CPROF;DIG;CPROF;WEB
TUR;CPROF;DIG;CPROF;WEB
TUR;CPROF;DIG;CPROF;WEB
TUR;CPROF;DIG;CPROF;WEB
TUR;CPROF;DIG;CPROF;WEB
TUR;CPROF;DIG;CPROF;WEB
TUR;CPROF;DIG;CPROF;WEB
TUR;CPROF;DIG;CPROF;WEB
TUR;CPROF;DIG;CPROF;WEB
TUR;CPROF;DIG;CPROF;WEB
TUR;CPROF;DIG;CPROF;WEB
TUR;CPROF;DIG;CPROF;WEB
TUR;CPROF;DIG;CPROF;WEB
TUR;CPROF;DIG;CPROF;NEWSL
TUR;CPROF;DIG;CPROF;NEWSL
TUR;CPROF;DIG;CPROF;NEWSL
TUR;CPROF;DIG;CPROF;NEWSL
TUR;CPROF;DIG;CPROF;NEWSL
TUR;CPROF;DIG;CPROF;NEWSL
TUR;CPROF;DIG;CPROF;NEWSL
TUR;CPROF;DIG;CPROF;NEWSL
TUR;CPROF;DIG;CPROF;NEWSL
TUR;CPROF;DIG;CPROF;NEWSL
TUR;CPROF;DIG;CPROF;NEWSL
TUR;CPROF;DIG;CPROF;NEWSL
TUR;CPROF;DIG;CPROF;WEB
TUR;CPROF;DIG;CPROF;WEB
TUR;CAR;PRINT;GAS;PUBPAP
TUR;CAR;PRINT;GAS;PUBPAP
TUR;CAR;PRINT;GAS;PUBPAP
TUR;CAR;PRINT;GAS;PUBPAP
TUR;CAR;PRINT;GAS;PUBPAP
TUR;CAR;PRINT;GAS;PUBPAP
TUR;CAR;PRINT;GAS;PUBPAP
TUR;CAR;PRINT;GAS;PUBPAP
TUR;CAR;PRINT;GAS;PUBPAP
TUR;CAR;PRINT;GAS;PUBPAP
TUR;CAR;PRINT;GAS;PUBPAP
TUR;CAR;PRINT;GAS;PUBPAP
TUR;CAR;PRINT;GAS;PUBPAP
TUR;CAR;PRINT;GAS;PUBPAP
TUR;CAR;PRINT;GAS;PUBPAP
TUR;CAR;PRINT;GAS;PUBPAP
TUR;CAR;PRINT;GAS;PUBPAP
TUR;CAR;PRINT;GAS;PUBPAP
TUR;CAR;PRINT;GAS;PUBPAP
TUR;CAR;PRINT;GAS;PUBPAP
TUR;CAR;PRINT;GAS;VTAEJE
TUR;CAR;PRINT;GAS;EJEMPL
TUR;CAR;PRINT;GAS;VTAEJE
TUR;CAR;PRINT;GAS;VTAEJE
TUR;CAR;PRINT;GAS;VTAEJE
TUR;CAR;PRINT;GAS;VTAEJE
TUR;CAR;PRINT;GAS;VTAEJE
TUR;CAR;PRINT;GAS;VTAEJE
TUR;CAR;PRINT;GAS;VTAEJE
TUR;CAR;PRINT;GAS;VTAEJE
TUR;CAR;PRINT;GAS;PUBPAP
TUR;CAR;PRINT;GAS;PUBPAP
TUR;CAR;PRINT;GAS;PUBPAP
TUR;CAR;PRINT;GAS;PUBPAP
TUR;CAR;PRINT;GAS;PUBPAP
TUR;CAR;PRINT;GAS;PUBPAP
TUR;CAR;PRINT;GAS;PUBPAP
TUR;CAR;PRINT;GAS;PUBPAP
TUR;CAR;PRINT;GAS;VTAEJE
TUR;CAR;PRINT;GAS;VTAEJE
TUR;CAR;PRINT;GAS;VTAEJE
TUR;CAR;PRINT;GAS;VTAEJE
TUR;CPROF;PRINT;CPROF;PUBPAP
TUR;CPROF;PRINT;CPROF;PUBPAP
TUR;CPROF;PRINT;CPROF;PUBPAP
TUR;CPROF;PRINT;CPROF;PUBPAP
TUR;CPROF;PRINT;CPROF;PUBPAP
TUR;CPROF;PRINT;CPROF;PUBPAP
TUR;CPROF;PRINT;CPROF;PUBPAP
TUR;CPROF;PRINT;CPROF;PUBPAP
TUR;CPROF;PRINT;CPROF;PUBPAP
TUR;CPROF;PRINT;CPROF;PUBPAP
TUR;CPROF;PRINT;CPROF;PUBPAP
TUR;CPROF;PRINT;CPROF;PUBPAP
TUR;CPROF;PRINT;CPROF;PUBPAP
TUR;CPROF;PRINT;CPROF;PUBPAP
TUR;CPROF;PRINT;CPROF;PUBPAP
TUR;CPROF;PRINT;CPROF;PUBPAP
TUR;CPROF;PRINT;CPROF;PUBPAP
TUR;CPROF;PRINT;CPROF;PUBPAP
TUR;CPROF;PRINT;CPROF;PUBPAP
TUR;CPROF;PRINT;CPROF;PUBPAP
TUR;CPROF;PRINT;CPROF;PUBPAP
TUR;CPROF;PRINT;CPROF;PUBPAP
TUR;CPROF;PRINT;CPROF;PUBPAP
TUR;CPROF;PRINT;CPROF;PUBPAP
TUR;CPROF;PRINT;CPROF;PUBPAP
TUR;CPROF;PRINT;CPROF;PUBPAP
TUR;CPROF;PRINT;CPROF;PUBPAP
TUR;CPROF;PRINT;CPROF;PUBPAP
TUR;CPROF;PRINT;CPROF;PUBPAP
TUR;CPROF;PRINT;CPROF;PUBPAP
TUR;CPROF;PRINT;CPROF;PUBPAP
TUR;CPROF;PRINT;CPROF;PUBPAP
TUR;CPROF;PRINT;CPROF;PUBPAP
TUR;CPROF;PRINT;CPROF;PUBPAP
TUR;CPROF;PRINT;CPROF;PUBPAP
TUR;CPROF;PRINT;CPROF;PUBPAP
TUR;CPROF;PRINT;CPROF;PUBPAP
TUR;CPROF;PRINT;CPROF;PUBPAP
TUR;CPROF;PRINT;CPROF;PUBPAP
TUR;CPROF;PRINT;CPROF;PUBPAP
TUR;CPROF;PRINT;CPROF;PUBPAP
TUR;CPROF;PRINT;CPROF;PUBPAP
TUR;CPROF;PRINT;CPROF;PUBPAP
TUR;CPROF;PRINT;CPROF;PUBPAP
TUR;CPROF;PRINT;CPROF;PUBPAP
TUR;CPROF;PRINT;CPROF;PUBPAP
TUR;CPROF;PRINT;CPROF;ENCAR
TUR;CPROF;PRINT;CPROF;ENCAR
TUR;CPROF;PRINT;CPROF;PUBPAP
TUR;CPROF;PRINT;CPROF;PUBPAP
TUR;CPROF;PRINT;CPROF;PUBPAP
TUR;CPROF;PRINT;CPROF;PUBPAP
TUR;CPROF;PRINT;CPROF;VTAEJE
TUR;CPROF;PRINT;CPROF;PUBPAP
TUR;CPROF;PRINT;CPROF;PUBPAP
TUR;CPROF;PRINT;CPROF;PUBPAP
TUR;CPROF;PRINT;CPROF;PUBPAP
TUR;CPROF;PRINT;CPROF;PUBPAP
TUR;CPROF;PRINT;CPROF;PUBPAP
TUR;CPROF;PRINT;CPROF;PUBPAP
TUR;CPROF;PRINT;CPROF;PUBPAP
TUR;CPROF;PRINT;CPROF;PUBPAP
TUR;CPROF;PRINT;CPROF;PUBPAP
TUR;CPROF;PRINT;CPROF;SUSCR
TUR;CPROF;PRINT;CPROF;SUSCR
TUR;CPROF;PRINT;CPROF;SUSCR
TUR;CPROF;PRINT;CPROF;SUSCR
TUR;CPROF;PRINT;CPROF;VTAEJE
TUR;CPROF;PRINT;CPROF;VTAEJE
TUR;CPROF;PRINT;CPROF;PUBPAP
TUR;CPROF;PRINT;CPROF;PUBPAP
TUR;CPROF;PRINT;CPROF;PUBPAP
TUR;CPROF;PRINT;CPROF;PUBPAP
TUR;CPROF;PRINT;CPROF;PUBPAP
TUR;CPROF;PRINT;CPROF;PUBPAP
TUR;CPROF;PRINT;CPROF;PUBPAP
TUR;CPROF;PRINT;CPROF;PUBPAP
TUR;CAM;EVE;SIC;GVISIT
TUR;CAM;EVE;SIC;GVISIT
TUR;CAM;EVE;SIC;GVISIT
TUR;CAM;EVE;SIC;GVISIT
TUR;CAM;EVE;SIC;GVISIT
TUR;CAM;EVE;SIC;GVISIT
TUR;CAR;PRINT;SIC;GVISIT
TUR;CAM;EVE;SIC;GVISIT
TUR;CAM;EVE;SIC;GVISIT
TUR;CAM;EVE;SIC;GVISIT
TUR;CAM;EVE;SIC;GVISIT
TUR;CAM;EVE;SIC;GVISIT
TUR;CAM;EVE;SIC;GVISIT
TUR;CAM;EVE;SIC;GVISIT
TUR;CAM;EVE;SIC;GVISIT
TUR;CAM;EVE;SIC;GVISIT
TUR;CAM;EVE;SIC;GVISIT
TUR;CAM;EVE;SIC;GVISIT
TUR;CAM;EVE;SIC;GVISIT
TUR;CAM;EVE;SIC;GVISIT
TUR;CAM;EVE;SIC;GVISIT
TUR;CAM;EVE;SIC;GVISIT
TUR;CAM;EVE;SIC;GVISIT
TUR;CAM;EVE;SIC;GVISIT
TUR;CAM;EVE;SIC;GVISIT
TUR;CAM;EVE;SIC;GVISIT
TUR;CAM;DIG;CSALON;WEB
TUR;CAM;DIG;CSALON;WEB
TUR;CAM;DIG;CSALON;WEB
TUR;CAM;DIG;CSALON;WEB
TUR;CAM;DIG;CSALON;WEB
TUR;CAM;DIG;CSALON;WEB
TUR;CAM;DIG;CSALON;WEB
TUR;CAM;DIG;CSALON;WEB
TUR;CAM;DIG;CSALON;WEB
TUR;CAM;DIG;CSALON;WEB
TUR;CAM;DIG;CSALON;WEB
TUR;CAM;DIG;CSALON;WEB
TUR;CAM;DIG;CSALON;WEB
TUR;CAM;DIG;CSALON;WEB
TUR;CAM;DIG;CSALON;WEB
TUR;CAM;DIG;CSALON;WEB
TUR;CAM;DIG;CSALON;WEB
TUR;CAM;DIG;CSALON;WEB
TUR;CAM;DIG;CSALON;WEB
TUR;CAM;DIG;CSALON;WEB
TUR;CAM;DIG;CSALON;WEB
TUR;CAM;DIG;CSALON;WEB
TUR;CAM;DIG;CSALON;COLAB
TUR;CAM;DIG;CSALON;COLAB
TUR;CAM;DIG;CSALON;WEB
TUR;CAM;DIG;CSALON;WEB
TUR;CAM;DIG;CSALON;WEB
TUR;CAM;DIG;CSALON;WEB
TUR;CAM;DIG;CSALON;WEB
TUR;CAM;DIG;CSALON;WEB
TUR;CAM;DIG;CSALON;WEB
TUR;CAM;DIG;CSALON;WEB
TUR;CAM;DIG;CSALON;WEB
TUR;CAM;DIG;CSALON;WEB
TUR;CAM;DIG;CSALON;WEB
TUR;CAM;DIG;CSALON;WEB
TUR;CAM;DIG;CSALON;WEB
TUR;CAM;DIG;CSALON;WEB
TUR;CAM;DIG;CSALON;WEB
TUR;CAM;DIG;CSALON;WEB
TUR;CAM;DIG;CSALON;WEB
TUR;CAM;DIG;CSALON;WEB
TUR;CAM;DIG;CSALON;WEB
TUR;CAM;DIG;CSALON;WEB
TUR;CAM;DIG;CSALON;WEB
TUR;CAM;DIG;CSALON;WEB
TUR;CAM;DIG;CSALON;WEB
TUR;CAM;DIG;CSALON;WEB
TUR;CAM;DIG;CSALON;WEB
TUR;CAM;DIG;CSALON;WEB
TUR;CAM;DIG;CSALON;WEB
TUR;CAM;DIG;CSALON;WEB
TUR;CAM;DIG;CSALON;WEB
TUR;CAM;DIG;CSALON;WEB
TUR;CAM;DIG;CSALON;WEB
TUR;CAM;DIG;CSALON;WEB
TUR;CAM;DIG;CSALON;WEB
TUR;CAM;DIG;CSALON;WEB
TUR;CAM;DIG;CSALON;WEB
TUR;CAM;DIG;CSALON;WEB
TUR;CAM;DIG;CSALON;WEB
TUR;CAM;DIG;CSALON;WEB
TUR;CAM;DIG;CSALON;WEB
TUR;CAM;DIG;CSALON;WEB
TUR;CAM;DIG;CSALON;WEB
TUR;CAM;DIG;CSALON;WEB
TUR;CAM;DIG;CSALON;WEB
TUR;CAM;DIG;CSALON;WEB
TUR;CAM;DIG;CSALON;WEB
TUR;CAM;DIG;CSALON;WEB
TUR;CAM;DIG;CSALON;RRSS
TUR;CAM;DIG;CSALON;RRSS
TUR;CAM;DIG;CSALON;WEB
TUR;CAM;DIG;CSALON;WEB
TUR;CAM;DIG;CSALON;WEB
TUR;CAM;DIG;CSALON;WEB
TUR;CAM;DIG;CSALON;WEB
TUR;CAM;DIG;CSALON;WEB
TUR;CAM;DIG;CSALON;WEB
TUR;CAM;DIG;CSALON;WEB
TUR;CAM;DIG;CSALON;WEB
TUR;CAM;DIG;CSALON;WEB
TUR;CAM;DIG;CSALON;WEB
TUR;CAM;DIG;CSALON;WEB
TUR;CAM;DIG;CSALON;WEB
TUR;CAM;DIG;CSALON;WEB
TUR;CAM;DIG;CSALON;WEB
TUR;CAM;DIG;CSALON;WEB
TUR;CAM;DIG;CSALON;WEB
TUR;CAM;DIG;CSALON;WEB
TUR;CAM;DIG;CSALON;WEB
TUR;CAM;DIG;CSALON;WEB
TUR;CAM;DIG;CSALON;WEB
TUR;CAM;DIG;CSALON;WEB
TUR;CAM;DIG;CSALON;NEWSL
TUR;CAM;DIG;CSALON;NEWSL
TUR;CAM;DIG;CSALON;WEB
TUR;CAM;DIG;CSALON;WEB
TUR;CAM;DIG;CSALON;NEWSL
TUR;CAM;DIG;CSALON;NEWSL
TUR;CAM;DIG;CSALON;NEWSL
TUR;CAM;DIG;CSALON;NEWSL
TUR;CAM;DIG;CSALON;NEWSL
TUR;CAM;DIG;CSALON;NEWSL
TUR;CAM;DIG;CSALON;NEWSL
TUR;CAM;DIG;CSALON;NEWSL
TUR;CAM;DIG;CSALON;NEWSL
TUR;CAM;DIG;CSALON;NEWSL
TUR;CAM;DIG;CSALON;RRSS
TUR;CAM;DIG;CSALON;RRSS
TUR;CAM;DIG;CSALON;WEB
TUR;CAM;DIG;CSALON;WEB
TUR;CAM;DIG;CSALON;APP
TUR;CAM;DIG;CSALON;APP
TUR;CAM;DIG;CSALON;WEB
TUR;CAM;DIG;CSALON;WEB
TUR;CAM;DIG;CSALON;WEB
TUR;CAM;DIG;CSALON;WEB
TUR;CAM;DIG;CSALON;WEB
TUR;CAM;DIG;CSALON;WEB
TUR;CAM;DIG;CSALON;APP
TUR;CAM;DIG;CSALON;APP
TUR;CAM;DIG;CSALON;APP
TUR;CAM;DIG;CSALON;APP
TUR;CAM;PRINT;LIBRO;VTAEJE
TUR;CAM;PRINT;LIBRO;VTAEJE
TUR;CAM;EVE;CSALON;EVEVAR
TUR;CAM;EVE;CSALON;EVEVAR
TUR;CAM;EVE;CSALON;EVEVAR
TUR;CAM;EVE;CSALON;EVEVAR
TUR;CAM;EVE;CSALON;EVEVAR
TUR;CAM;EVE;CSALON;EVEVAR
TUR;CAM;EVE;CSALON;EVEVAR
TUR;CAM;EVE;CSALON;EVEVAR
TUR;CAM;DIG;CSALON;COLAB
TUR;CAM;DIG;CSALON;COLAB
TUR;CAM;GEN;CSALON;COLAB
TUR;CAM;GEN;CSALON;COLAB
TUR;CAM;GEN;CSALON;COLAB
TUR;CAM;GEN;CSALON;COLAB
TUR;CAM;EVE;SIC;SEGURO
TUR;CAM;EVE;SIC;SEGURO
TUR;CAM;EVE;SIC;STAND
TUR;CAM;EVE;SIC;STAND
TUR;CAM;EVE;SIC;DCHINS
TUR;CAM;EVE;SIC;DCHINS
TUR;CAM;EVE;SIC;ESPAC
TUR;CAM;EVE;SIC;ESPAC
TUR;CAM;EVE;SIC;STAND
TUR;CAM;EVE;SIC;STAND
TUR;CAM;EVE;SIC;STAND
TUR;CAM;EVE;SIC;STAND
TUR;CAM;EVE;SIC;STAND
TUR;CAM;EVE;SIC;STAND
TUR;CAM;EVE;SIC;DCHINS
TUR;CAM;EVE;SIC;DCHINS
TUR;CAM;EVE;SIC;STAND
TUR;CAM;EVE;SIC;STAND
TUR;CAM;EVE;SIC;STAND
TUR;CAM;EVE;SIC;STAND
TUR;CAM;EVE;SIC;STAND
TUR;CAM;EVE;SIC;STAND
TUR;CAR;DIG;AUTOC;EMAIL
TUR;CAR;DIG;AUTOC;EMAIL
TUR;CAR;DIG;AUTOC;EMAIL
TUR;CAR;DIG;AUTOC;EMAIL
TUR;CAR;DIG;AUTOC;EMAIL
TUR;CAR;DIG;AUTOC;EMAIL
TUR;CAR;PRINT;AUTOC;MAIPOS
TUR;CAR;PRINT;AUTOC;MAIPOS
TUR;CAM;DIG;BUNGC;WEB
TUR;CAM;DIG;BUNGC;WEB
TUR;CAR;DIG;AUTOC;WEB
TUR;CAR;DIG;AUTOC;WEB
TUR;CAR;DIG;AUTOC;WEB
TUR;CAR;DIG;AUTOC;WEB
TUR;CAR;DIG;AUTOC;WEB
TUR;CAR;DIG;AUTOC;WEB
TUR;CAR;DIG;AUTOC;WEB
TUR;CAR;DIG;AUTOC;WEB
TUR;CAR;DIG;AUTOC;WEB
TUR;CAR;DIG;AUTOC;WEB
TUR;CAR;DIG;AUTOC;WEB
TUR;CAR;DIG;AUTOC;WEB
TUR;CAR;DIG;AUTOC;WEB
TUR;CAR;DIG;AUTOC;WEB
TUR;CAR;DIG;AUTOC;WEB
TUR;CAR;DIG;AUTOC;WEB
TUR;CAR;DIG;AUTOC;WEB
TUR;CAR;DIG;AUTOC;WEB
TUR;CAR;DIG;AUTOC;WEB
TUR;CAR;DIG;AUTOC;WEB
TUR;CAR;DIG;AUTOC;WEB
TUR;CAR;DIG;AUTOC;WEB
TUR;CAR;DIG;AUTOC;WEB
TUR;CAR;DIG;AUTOC;WEB
TUR;CAR;DIG;AUTOC;WEB
TUR;CAR;DIG;AUTOC;WEB
TUR;CAR;DIG;AUTOC;WEB
TUR;CAR;DIG;AUTOC;WEB
TUR;CAR;DIG;AUTOC;WEB
TUR;CAR;DIG;AUTOC;WEB
TUR;CAR;DIG;AUTOC;WEB
TUR;CAR;DIG;AUTOC;WEB
TUR;CAR;DIG;AUTOC;WEB
TUR;CAR;DIG;AUTOC;WEB
TUR;CAR;DIG;AUTOC;WEB
TUR;CAR;DIG;AUTOC;WEB
TUR;CAR;DIG;AUTOC;WEB
TUR;CAR;DIG;AUTOC;WEB
TUR;CAR;DIG;AUTOC;WEB
TUR;CAR;DIG;AUTOC;WEB
TUR;CAR;DIG;AUTOC;WEB
TUR;CAR;DIG;AUTOC;WEB
TUR;CAR;DIG;AUTOC;WEB
TUR;CAR;DIG;AUTOC;WEB
TUR;CAR;DIG;AUTOC;WEB
TUR;CAR;DIG;AUTOC;WEB
TUR;CAR;DIG;AUTOC;WEB
TUR;CAR;DIG;AUTOC;WEB
TUR;CAR;DIG;AUTOC;WEB
TUR;CAR;DIG;AUTOC;WEB
TUR;CAR;DIG;AUTOC;WEB
TUR;CAR;DIG;AUTOC;WEB
TUR;CAR;DIG;AUTOC;WEB
TUR;CAR;DIG;AUTOC;WEB
TUR;CAR;DIG;AUTOC;WEB
TUR;CAR;DIG;AUTOC;WEB
TUR;CAR;DIG;AUTOC;WEB
TUR;CAR;DIG;AUTOC;WEB
TUR;CAR;DIG;AUTOC;WEB
TUR;CAR;DIG;AUTOC;NEWSL
TUR;CAR;DIG;AUTOC;NEWSL
TUR;CAR;DIG;AUTOC;NEWSL
TUR;CAR;DIG;AUTOC;NEWSL
TUR;CAR;DIG;AUTOC;NEWSL
TUR;CAR;DIG;AUTOC;NEWSL
TUR;CAR;DIG;AUTOC;NEWSL
TUR;CAR;DIG;AUTOC;NEWSL
TUR;CAR;DIG;AUTOC;RRSS
TUR;CAR;DIG;AUTOC;RRSS
TUR;CAR;DIG;AUTOC;RRSS
TUR;CAR;DIG;AUTOC;RRSS
TUR;CAR;DIG;AUTOC;RRSS
TUR;CAR;DIG;AUTOC;RRSS
TUR;CAR;DIG;AUTOC;RRSS
TUR;CAR;DIG;AUTOC;RRSS
TUR;CAR;DIG;AUTOC;RRSS
TUR;CAR;DIG;AUTOC;RRSS
TUR;CAR;DIG;AUTOC;APP
TUR;CAR;DIG;AUTOC;APP
TUR;CAR;DIG;AUTOC;APP
TUR;CAR;DIG;AUTOC;APP
TUR;CAR;DIG;AUTOC;APP
TUR;CAR;DIG;AUTOC;APP
TUR;CAR;DIG;AUTOC;APP
TUR;CAR;DIG;AUTOC;APP
TUR;CAR;DIG;AUTOC;APP
TUR;CAR;DIG;AUTOC;APP
TUR;CAR;DIG;AUTOC;INBOUND
TUR;CAR;DIG;AUTOC;INBOUND
TUR;CAR;DIG;AUTOC;EMAIL
TUR;CAR;DIG;AUTOC;EMAIL
TUR;CAR;DIG;AUTOC;EMAIL
TUR;CAR;DIG;AUTOC;EMAIL
TUR;CAR;EVE;EVEVAR;GEN
TUR;CAR;EVE;EVE;GEN
TUR;CAR;DIG;AUTOC;EMAIL
TUR;CAR;DIG;AUTOC;EMAIL
TUR;CAR;DIG;AUTOC;WEB
TUR;CAR;DIG;AUTOC;WEB
TUR;CAR;DIG;AUTOC;WEB
TUR;CAR;DIG;AUTOC;WEB
TUR;CAR;DIG;AUTOC;REMKT
TUR;CAR;DIG;AUTOC;REMKT
TUR;CAR;DIG;AUTOC;REMKT
TUR;CAR;DIG;AUTOC;REMKT
TUR;CAR;DIG;AUTOC;REMKT
TUR;CAR;DIG;AUTOC;REMKT
TUR;CAR;DIG;AUTOC;REMKT
TUR;CAR;DIG;AUTOC;REMKT
TUR;CAR;DIG;AUTOC;REMKT
TUR;CAR;DIG;AUTOC;REMKT
TUR;CAR;DIG;AUTOC;EXPDIG
TUR;CAR;DIG;AUTOC;EXPDIG
TUR;CAR;DIG;AUTOC;EXPDIG
TUR;CAR;DIG;AUTOC;EXPDIG
TUR;CAR;DIG;AUTOC;EXPDIG
TUR;CAR;DIG;AUTOC;EXPDIG
TUR;CAR;DIG;AUTOC;EXPDIG
TUR;CAR;DIG;AUTOC;EXPDIG
TUR;CAM;DIG;CSALON;EXPDIG
TUR;CAM;DIG;CSALON;EXPDIG
TUR;CAM;DIG;CSALON;EXPDIG
TUR;CAM;DIG;CSALON;EXPDIG
TUR;CAM;DIG;CSALON;EXPDIG
TUR;CAM;DIG;CSALON;EXPDIG
TUR;CAM;DIG;CSALON;EXPDIG
TUR;CAM;DIG;CSALON;EXPDIG
TUR;CAM;DIG;CSALON;REMKT
TUR;CAM;DIG;CSALON;REMKT
TUR;CAM;DIG;CSALON;REMKT
TUR;CAM;DIG;CSALON;REMKT
TUR;CAM;DIG;CSALON;REMKT
TUR;CAM;DIG;CSALON;REMKT
TUR;CAM;DIG;CSALON;REMKT
TUR;CAM;DIG;CSALON;REMKT
TUR;CAM;DIG;CSALON;REMKT
TUR;CAM;DIG;CSALON;REMKT
TUR;CAM;DIG;CSALON;EXPDIG
TUR;CAM;DIG;CSALON;EXPDIG
TUR;CAM;DIG;CSALON;EXPDIG
TUR;CAM;DIG;CSALON;EXPDIG
TUR;CAM;DIG;CSALON;EXPDIG
TUR;CAM;DIG;CSALON;EXPDIG
TUR;CAM;DIG;CSALON;REMKT
TUR;CAM;DIG;CSALON;REMKT
TUR;CAM;DIG;CSALON;REMKT
TUR;CAM;DIG;CSALON;REMKT
TUR;CAM;DIG;CSALON;REMKT
TUR;CAM;DIG;CSALON;REMKT
TUR;CAM;DIG;CSALON;REMKT
TUR;CAM;DIG;CSALON;REMKT
TUR;CAM;DIG;CSALON;REMKT
TUR;CAM;DIG;CSALON;REMKT
PECK;LIC;GEN;GEN;GEN
EDU;EDU;PRINT;EE;PUBPAP
EDU;EDU;PRINT;EE;PUBPAP
EDU;EDU;PRINT;EE;PUBPAP
EDU;EDU;PRINT;EE;PUBPAP
EDU;EDU;PRINT;EE;PUBPAP
EDU;EDU;PRINT;EE;PUBPAP
EDU;EDU;PRINT;EE;PUBPAP
EDU;EDU;PRINT;EE;PUBPAP
EDU;EDU;PRINT;EE;PUBPAP
EDU;EDU;PRINT;EE;PUBPAP
EDU;EDU;PRINT;EE;PUBPAP
EDU;EDU;PRINT;EE;PUBPAP
EDU;EDU;PRINT;EE;PUBPAP
EDU;EDU;PRINT;EE;PUBPAP
EDU;EDU;PRINT;EE;PUBPAP
EDU;EDU;PRINT;EE;PUBPAP
EDU;EDU;PRINT;EE;PUBPAP
EDU;EDU;PRINT;EE;PUBPAP
EDU;EDU;PRINT;EE;PUBPAP
EDU;EDU;PRINT;EE;PUBPAP
EDU;EDU;PRINT;EE;PUBPAP
EDU;EDU;PRINT;EE;PUBPAP
EDU;EDU;PRINT;EE;PUBPAP
EDU;EDU;PRINT;EE;PUBPAP
EDU;EDU;PRINT;EE;PUBPAP
EDU;EDU;PRINT;EE;PUBPAP
EDU;EDU;PRINT;EE;PUBPAP
EDU;EDU;PRINT;EE;PUBPAP
EDU;EDU;PRINT;EE;PUBPAP
EDU;EDU;PRINT;EE;PUBPAP
EDU;EDU;PRINT;EE;PUBPAP
EDU;EDU;PRINT;EE;PUBPAP
EDU;EDU;PRINT;EE;PUBPAP
EDU;EDU;PRINT;EE;PUBPAP
EDU;EDU;PRINT;EE;PUBPAP
EDU;EDU;PRINT;EE;PUBPAP
EDU;EDU;PRINT;EE;PUBPAP
EDU;EDU;PRINT;EE;PUBPAP
EDU;EDU;PRINT;EE;ENCAR
EDU;EDU;PRINT;EE;ENCAR
EDU;EDU;PRINT;EE;PUBPAP
EDU;EDU;PRINT;EE;PUBPAP
EDU;EDU;PRINT;EE;PUBPAP
EDU;EDU;PRINT;EE;PUBPAP
EDU;EDU;PRINT;EE;PUBPAP
EDU;EDU;PRINT;EE;PUBPAP
EDU;EDU;PRINT;EE;PUBPAP
EDU;EDU;PRINT;EE;PUBPAP
EDU;EDU;PRINT;EE;PUBPAP
EDU;EDU;PRINT;EE;PUBPAP
EDU;EDU;PRINT;EE;PUBPAP
EDU;EDU;PRINT;EE;PUBPAP
EDU;EDU;PRINT;EE;SUSCR
EDU;EDU;PRINT;EE;SUSCR
EDU;EDU;PRINT;EE;SUSCR
EDU;EDU;PRINT;EE;SUSCR
EDU;EDU;PRINT;EE;VTAEJE
EDU;EDU;PRINT;EE;VTAEJE
EDU;EDU;DIG;EE;WEB
EDU;EDU;DIG;EE;WEB
EDU;EDU;DIG;EE;WEB
EDU;EDU;DIG;EE;WEB
EDU;EDU;DIG;EE;WEB
EDU;EDU;DIG;EE;WEB
EDU;EDU;DIG;EE;WEB
EDU;EDU;DIG;EE;WEB
EDU;EDU;DIG;EE;WEB
EDU;EDU;DIG;EE;WEB
EDU;EDU;DIG;EE;WEB
EDU;EDU;DIG;EE;WEB
EDU;EDU;DIG;EE;WEB
EDU;EDU;DIG;EE;WEB
EDU;EDU;DIG;EE;WEB
EDU;EDU;DIG;EE;WEB
EDU;EDU;DIG;EE;WEB
EDU;EDU;DIG;EE;WEB
EDU;EDU;DIG;EE;WEB
EDU;EDU;DIG;EE;WEB
EDU;EDU;DIG;EE;WEB
EDU;EDU;DIG;EE;WEB
EDU;EDU;DIG;EE;WEB
EDU;EDU;DIG;EE;WEB
EDU;EDU;DIG;EE;WEB
EDU;EDU;DIG;EE;WEB
EDU;EDU;PRINT;AEE;PUBPAP
EDU;EDU;PRINT;AEE;PUBPAP
EDU;EDU;PRINT;AEE;PUBPAP
EDU;EDU;PRINT;AEE;PUBPAP
EDU;EDU;PRINT;AEE;PUBPAP
EDU;EDU;PRINT;AEE;PUBPAP
EDU;EDU;DIG;AEE;WEB
EDU;EDU;DIG;AEE;WEB
EDU;EDU;DIG;AEE;WEB
EDU;EDU;DIG;AEE;WEB
EDU;EDU;DIG;AEE;WEB
EDU;EDU;DIG;AEE;WEB
EDU;EDU;DIG;AEE;WEB
EDU;EDU;DIG;AEE;WEB
EDU;EDU;DIG;AEE;WEB
EDU;EDU;DIG;AEE;WEB
EDU;EDU;DIG;AEE;WEB
EDU;EDU;DIG;AEE;WEB
EDU;EDU;DIG;AEE;WEB
EDU;EDU;DIG;AEE;WEB
EDU;EDU;DIG;AEE;WEB
EDU;EDU;DIG;AEE;WEB
EDU;EDU;DIG;AEE;WEB
EDU;EDU;DIG;AEE;WEB
EDU;EDU;DIG;AEE;WEB
EDU;EDU;DIG;AEE;WEB
EDU;EDU;DIG;AEE;WEB
EDU;EDU;DIG;AEE;WEB
EDU;EDU;DIG;AEE;WEB
EDU;EDU;DIG;AEE;WEB
EDU;EDU;DIG;AEE;WEB
EDU;EDU;DIG;AEE;WEB
EDU;EDU;DIG;AEE;WEB
EDU;EDU;DIG;AEE;WEB
EDU;EDU;DIG;AEE;WEB
EDU;EDU;DIG;AEE;WEB
EDU;EDU;DIG;AEE;WEB
EDU;EDU;DIG;AEE;WEB
EDU;EDU;DIG;AEE;WEB
EDU;EDU;DIG;AEE;WEB
EDU;EDU;DIG;AEE;WEB
EDU;EDU;DIG;AEE;WEB
EDU;EDU;DIG;AEE;WEB
EDU;EDU;DIG;AEE;WEB
EDU;EDU;DIG;ANUEE;RRSS
EDU;EDU;DIG;ANUEE;RRSS
EDU;EDU;DIG;AEE;RRSS
EDU;EDU;DIG;AEE;RRSS
EDU;EDU;DIG;AEE;WEB
EDU;EDU;DIG;AEE;WEB
PECK;LIC;GEN;GEN;GEN
EDU;EDU;DIG;AEE;EMAIL
EDU;EDU;DIG;AEE;EMAIL
PECK;PROG;GEN;GEN;GEN
EDU;EDU;DIG;EE;EMAIL
EDU;EDU;DIG;EE;EMAIL
EDU;EDU;DIG;EE;EMAIL
EDU;EDU;DIG;EE;EMAIL
PECK;PROG;GEN;GEN;GEN
EDU;EDU;DIG;EE;REMKT
EDU;EDU;DIG;EE;REMKT
EDU;EDU;DIG;EE;EXPDIG
EDU;EDU;DIG;EE;EXPDIG
EDU;EDU;DIG;EE;EXPDIG
EDU;EDU;DIG;EE;EXPDIG
EDU;EDU;DIG;EE;EXPDIG
EDU;EDU;DIG;EE;EXPDIG
PEL;SOFT;GEN;GEN;GEN
PEL;SOFT;GEN;GEN;GEN
PEL;SOFT;GEN;GEN;GEN
PEL;SOFT;GEN;GEN;GEN
PEL;SOFT;GEN;GEN;GEN
HOS;HOST;PRINT;MAB;PUBPAP
HOS;HOST;PRINT;MAB;PUBPAP
HOS;HOST;PRINT;MAB;PUBPAP
HOS;HOST;PRINT;MAB;PUBPAP
HOS;HOST;PRINT;MAB;PUBPAP
HOS;HOST;PRINT;MAB;PUBPAP
HOS;HOST;PRINT;MAB;PUBPAP
HOS;HOST;PRINT;MAB;PUBPAP
HOS;HOST;PRINT;MAB;PUBPAP
HOS;HOST;PRINT;MAB;PUBPAP
HOS;HOST;PRINT;MAB;PUBPAP
HOS;HOST;PRINT;MAB;PUBPAP
HOS;HOST;PRINT;MAB;PUBPAP
HOS;HOST;PRINT;MAB;PUBPAP
HOS;HOST;PRINT;MAB;PUBPAP
HOS;HOST;PRINT;MAB;PUBPAP
HOS;HOST;PRINT;MAB;PUBPAP
HOS;HOST;PRINT;MAB;PUBPAP
HOS;HOST;PRINT;MAB;PUBPAP
HOS;HOST;PRINT;MAB;PUBPAP
HOS;HOST;PRINT;MAB;PUBPAP
HOS;HOST;PRINT;MAB;PUBPAP
HOS;HOST;PRINT;MAB;PUBPAP
HOS;HOST;PRINT;MAB;PUBPAP
HOS;HOST;PRINT;MAB;PUBPAP
HOS;HOST;PRINT;MAB;PUBPAP
HOS;HOST;PRINT;MAB;PUBPAP
HOS;HOST;PRINT;MAB;PUBPAP
HOS;HOST;PRINT;MAB;PUBPAP
HOS;HOST;PRINT;MAB;PUBPAP
HOS;HOST;PRINT;MAB;PUBPAP
HOS;HOST;PRINT;MAB;PUBPAP
HOS;HOST;PRINT;MAB;PUBPAP
HOS;HOST;PRINT;MAB;PUBPAP
HOS;HOST;PRINT;MAB;PUBPAP
HOS;HOST;PRINT;MAB;PUBPAP
HOS;HOST;PRINT;MAB;PUBPAP
HOS;HOST;PRINT;MAB;PUBPAP
HOS;HOST;PRINT;MAB;PUBPAP
HOS;HOST;PRINT;MAB;PUBPAP
HOS;HOST;PRINT;MAB;PUBPAP
HOS;HOST;PRINT;MAB;PUBPAP
HOS;HOST;PRINT;MAB;PUBPAP
HOS;HOST;PRINT;MAB;PUBPAP
HOS;HOST;PRINT;MAB;PUBPAP
HOS;HOST;PRINT;MAB;PUBPAP
HOS;HOST;PRINT;MAB;PUBPAP
HOS;HOST;PRINT;MAB;PUBPAP
HOS;HOST;PRINT;MAB;PUBPAP
HOS;HOST;PRINT;MAB;PUBPAP
HOS;HOST;PRINT;MAB;PUBPAP
HOS;HOST;PRINT;MAB;PUBPAP
HOS;HOST;PRINT;MAB;PUBPAP
HOS;HOST;PRINT;MAB;PUBPAP
HOS;HOST;PRINT;MAB;PUBPAP
HOS;HOST;PRINT;MAB;PUBPAP
HOS;HOST;PRINT;MAB;PUBPAP
HOS;HOST;PRINT;MAB;PUBPAP
HOS;HOST;PRINT;MAB;PUBPAP
HOS;HOST;PRINT;MAB;PUBPAP
HOS;HOST;PRINT;MAB;ENCAR
HOS;HOST;PRINT;MAB;ENCAR
HOS;HOST;PRINT;MAB;PUBPAP
HOS;HOST;PRINT;MAB;PUBPAP
HOS;HOST;PRINT;MAB;PUBPAP
HOS;HOST;PRINT;MAB;PUBPAP
HOS;HOST;PRINT;MAB;PUBPAP
HOS;HOST;PRINT;MAB;PUBPAP
HOS;HOST;PRINT;MAB;PUBPAP
HOS;HOST;PRINT;MAB;PUBPAP
HOS;HOST;PRINT;MAB;PUBPAP
HOS;HOST;PRINT;MAB;PUBPAP
HOS;HOST;PRINT;MAB;PUBPAP
HOS;HOST;PRINT;MAB;PUBPAP
HOS;HOST;PRINT;MAB;PUBPAP
HOS;HOST;PRINT;MAB;PUBPAP
HOS;HOST;PRINT;MAB;PUBPAP
HOS;HOST;PRINT;MAB;PUBPAP
HOS;HOST;PRINT;MAB;PUBPAP
HOS;HOST;PRINT;MAB;PUBPAP
HOS;HOST;PRINT;MAB;PUBPAP
HOS;HOST;PRINT;MAB;PUBPAP
HOS;HOST;PRINT;MAB;PUBPAP
HOS;HOST;PRINT;MAB;PUBPAP
HOS;HOST;PRINT;MAB;PUBPAP
HOS;HOST;PRINT;MAB;PUBPAP
HOS;HOST;PRINT;MAB;PUBPAP
HOS;HOST;PRINT;MAB;PUBPAP
HOS;HOST;PRINT;MAB;PUBPAP
HOS;HOST;PRINT;MAB;PUBPAP
HOS;HOST;PRINT;MAB;PUBPAP
HOS;HOST;PRINT;MAB;PUBPAP
HOS;HOST;PRINT;MAB;PUBPAP
HOS;HOST;PRINT;MAB;PUBPAP
HOS;HOST;PRINT;MAB;PUBPAP
HOS;HOST;PRINT;MAB;PUBPAP
HOS;HOST;PRINT;MAB;PUBPAP
HOS;HOST;PRINT;MAB;PUBPAP
HOS;HOST;PRINT;MAB;PUBPAP
HOS;HOST;PRINT;MAB;SUSCR
HOS;HOST;PRINT;MAB;SUSCR
HOS;HOST;PRINT;MAB;SUSCR
HOS;HOST;PRINT;MAB;SUSCR
HOS;HOST;DIG;MAB;NEWSL
HOS;HOST;DIG;MAB;NEWSL
HOS;HOST;DIG;MAB;NEWSL
HOS;HOST;DIG;MAB;NEWSL
HOS;HOST;DIG;MAB;NEWSL
HOS;HOST;DIG;MAB;NEWSL
HOS;HOST;DIG;MAB;NEWSL
HOS;HOST;DIG;MAB;NEWSL
HOS;MARH;PRINT;TH;PUBPAP
HOS;MARH;PRINT;TH;PUBPAP
HOS;MARH;PRINT;TH;PUBPAP
HOS;MARH;PRINT;TH;PUBPAP
HOS;MARH;PRINT;TH;PUBPAP
HOS;MARH;PRINT;TH;PUBPAP
HOS;MARH;PRINT;TH;PUBPAP
HOS;MARH;PRINT;TH;PUBPAP
HOS;MARH;PRINT;TH;PUBPAP
HOS;MARH;PRINT;TH;PUBPAP
HOS;MARH;PRINT;TH;PUBPAP
HOS;MARH;PRINT;TH;PUBPAP
HOS;MARH;PRINT;TH;PUBPAP
HOS;MARH;PRINT;TH;PUBPAP
HOS;MARH;PRINT;TH;PUBPAP
HOS;MARH;PRINT;TH;PUBPAP
HOS;MARH;PRINT;TH;PUBPAP
HOS;MARH;PRINT;TH;PUBPAP
HOS;MARH;PRINT;TH;PUBPAP
HOS;MARH;PRINT;TH;PUBPAP
HOS;MARH;PRINT;TH;PUBPAP
HOS;MARH;PRINT;TH;PUBPAP
HOS;MARH;PRINT;TH;PUBPAP
HOS;MARH;PRINT;TH;PUBPAP
HOS;MARH;PRINT;TH;PUBPAP
HOS;MARH;PRINT;TH;PUBPAP
HOS;MARH;PRINT;TH;PUBPAP
HOS;MARH;PRINT;TH;PUBPAP
HOS;MARH;PRINT;TH;PUBPAP
HOS;MARH;PRINT;TH;PUBPAP
HOS;MARH;PRINT;TH;PUBPAP
HOS;MARH;PRINT;TH;PUBPAP
HOS;MARH;PRINT;TH;PUBPAP
HOS;MARH;PRINT;TH;PUBPAP
HOS;MARH;PRINT;TH;PUBPAP
HOS;MARH;PRINT;TH;PUBPAP
HOS;MARH;PRINT;TH;PUBPAP
HOS;MARH;PRINT;TH;PUBPAP
HOS;MARH;PRINT;TH;PUBPAP
HOS;MARH;PRINT;TH;PUBPAP
HOS;MARH;PRINT;TH;PUBPAP
HOS;MARH;PRINT;TH;PUBPAP
HOS;MARH;PRINT;TH;PUBPAP
HOS;MARH;PRINT;TH;PUBPAP
HOS;MARH;PRINT;TH;PUBPAP
HOS;MARH;PRINT;TH;PUBPAP
HOS;MARH;PRINT;TH;PUBPAP
HOS;MARH;PRINT;TH;PUBPAP
HOS;MARH;PRINT;TH;PUBPAP
HOS;MARH;PRINT;TH;PUBPAP
HOS;MARH;PRINT;TH;PUBPAP
HOS;MARH;PRINT;TH;PUBPAP
HOS;MARH;PRINT;TH;ENCAR
HOS;MARH;PRINT;TH;ENCAR
HOS;MARH;PRINT;TH;PUBPAP
HOS;MARH;PRINT;TH;PUBPAP
HOS;MARH;PRINT;TH;PUBPAP
HOS;MARH;PRINT;TH;PUBPAP
HOS;MARH;PRINT;TH;PUBPAP
HOS;MARH;PRINT;TH;PUBPAP
HOS;MARH;PRINT;TH;PUBPAP
HOS;MARH;PRINT;TH;PUBPAP
HOS;MARH;PRINT;TH;PUBPAP
HOS;MARH;PRINT;TH;PUBPAP
HOS;MARH;PRINT;TH;PUBPAP
HOS;MARH;PRINT;TH;PUBPAP
HOS;MARH;PRINT;TH;PUBPAP
HOS;MARH;PRINT;TH;PUBPAP
HOS;MARH;PRINT;TH;PUBPAP
HOS;MARH;PRINT;TH;PUBPAP
HOS;MARH;PRINT;TH;PUBPAP
HOS;MARH;PRINT;TH;PUBPAP
HOS;MARH;PRINT;TH;PUBPAP
HOS;MARH;PRINT;TH;PUBPAP
HOS;MARH;PRINT;TH;PUBPAP
HOS;MARH;PRINT;TH;PUBPAP
HOS;MARH;PRINT;TH;PUBPAP
HOS;MARH;PRINT;TH;SUSCR
HOS;MARH;PRINT;TH;SUSCR
HOS;MARH;PRINT;TH;VTAEJE
HOS;MARH;PRINT;TH;VTAEJE
HOS;HOST;DIG;MAB;WEB
HOS;HOST;DIG;MAB;WEB
HOS;HOST;DIG;MAB;WEB
HOS;HOST;DIG;MAB;WEB
HOS;HOST;DIG;MAB;WEB
HOS;HOST;DIG;MAB;WEB
HOS;HOST;DIG;MAB;WEB
HOS;HOST;DIG;MAB;WEB
HOS;HOST;DIG;MAB;WEB
HOS;HOST;DIG;MAB;WEB
HOS;HOST;DIG;MAB;WEB
HOS;HOST;DIG;MAB;WEB
HOS;HOST;DIG;MAB;WEB
HOS;HOST;DIG;MAB;WEB
HOS;HOST;DIG;MAB;WEB
HOS;HOST;DIG;MAB;WEB
HOS;HOST;DIG;MAB;WEB
HOS;HOST;DIG;MAB;WEB
HOS;HOST;DIG;MAB;WEB
HOS;HOST;DIG;MAB;WEB
HOS;HOST;DIG;MAB;WEB
HOS;HOST;DIG;MAB;WEB
HOS;HOST;DIG;MAB;WEB
HOS;HOST;DIG;MAB;WEB
HOS;HOST;DIG;MAB;WEB
HOS;HOST;DIG;MAB;WEB
HOS;HOST;DIG;MAB;WEB
HOS;HOST;DIG;MAB;WEB
HOS;HOST;DIG;MAB;WEB
HOS;HOST;DIG;MAB;WEB
HOS;HOST;DIG;MAB;WEB
HOS;HOST;DIG;MAB;WEB
HOS;HOST;DIG;MAB;WEB
HOS;HOST;DIG;MAB;WEB
HOS;HOST;DIG;MAB;WEB
HOS;HOST;DIG;MAB;WEB
HOS;HOST;DIG;MAB;WEB
HOS;HOST;DIG;MAB;WEB
HOS;HOST;DIG;MAB;WEB
HOS;HOST;DIG;MAB;WEB
HOS;HOST;DIG;MAB;WEB
HOS;HOST;DIG;MAB;WEB
HOS;HOST;DIG;MAB;WEB
HOS;HOST;DIG;MAB;WEB
HOS;HOST;DIG;MAB;WEB
HOS;HOST;DIG;MAB;WEB
HOS;HOST;DIG;MAB;WEB
HOS;HOST;DIG;MAB;WEB
HOS;HOST;DIG;MAB;WEB
HOS;HOST;DIG;MAB;WEB
HOS;HOST;DIG;MAB;WEB
HOS;HOST;DIG;MAB;WEB
HOS;HOST;DIG;MAB;NEWSL
HOS;HOST;DIG;MAB;NEWSL
HOS;HOST;DIG;MAB;NEWSL
HOS;HOST;DIG;MAB;NEWSL
HOS;HOST;DIG;MAB;NEWSL
HOS;HOST;DIG;MAB;NEWSL
HOS;HOST;DIG;MAB;NEWSL
HOS;HOST;DIG;MAB;NEWSL
HOS;HOST;DIG;MAB;WEB
HOS;HOST;DIG;MAB;WEB
HOS;HOST;DIG;MAB;WEB
HOS;HOST;DIG;MAB;WEB
HOS;HOST;DIG;MAB;NEWSL
HOS;HOST;DIG;MAB;NEWSL
HOS;HOST;DIG;MAB;NEWSL
HOS;HOST;DIG;MAB;NEWSL
HOS;HOST;DIG;MAB;RRSS
HOS;HOST;DIG;MAB;RRSS
HOS;HOST;DIG;MAB;RRSS
HOS;HOST;DIG;MAB;RRSS
HOS;HOST;DIG;MAB;RRSS
HOS;HOST;DIG;MAB;RRSS
HOS;HOST;DIG;MAB;RRSS
HOS;HOST;DIG;MAB;RRSS
HOS;MARH;DIG;TH;WEB
HOS;MARH;DIG;TH;WEB
HOS;MARH;DIG;TH;WEB
HOS;MARH;DIG;TH;WEB
HOS;MARH;DIG;TH;WEB
HOS;MARH;DIG;TH;WEB
HOS;MARH;DIG;TH;WEB
HOS;MARH;DIG;TH;WEB
HOS;MARH;DIG;TH;WEB
HOS;MARH;DIG;TH;WEB
HOS;MARH;DIG;TH;WEB
HOS;MARH;DIG;TH;WEB
HOS;MARH;DIG;TH;WEB
HOS;MARH;DIG;TH;WEB
HOS;MARH;DIG;TH;WEB
HOS;MARH;DIG;TH;WEB
HOS;MARH;DIG;TH;WEB
HOS;MARH;DIG;TH;WEB
HOS;MARH;DIG;TH;WEB
HOS;MARH;DIG;TH;WEB
HOS;MARH;DIG;TH;WEB
HOS;MARH;DIG;TH;WEB
HOS;MARH;DIG;TH;WEB
HOS;MARH;DIG;TH;WEB
HOS;MARH;DIG;TH;WEB
HOS;MARH;DIG;TH;WEB
HOS;MARH;DIG;TH;WEB
HOS;MARH;DIG;TH;WEB
HOS;MARH;DIG;TH;WEB
HOS;MARH;DIG;TH;WEB
HOS;MARH;DIG;TH;WEB
HOS;MARH;DIG;TH;WEB
HOS;MARH;DIG;TH;WEB
HOS;MARH;DIG;TH;WEB
HOS;MARH;DIG;TH;WEB
HOS;MARH;DIG;TH;WEB
HOS;MARH;DIG;TH;WEB
HOS;MARH;DIG;TH;WEB
HOS;MARH;DIG;TH;RRSS
HOS;MARH;DIG;TH;RRSS
HOS;MARH;DIG;TH;WEB
HOS;MARH;DIG;TH;WEB
HOS;MARH;DIG;TH;WEB
HOS;MARH;DIG;TH;WEB
HOS;MARH;DIG;TH;WEB
HOS;MARH;DIG;TH;WEB
HOS;MARH;DIG;TH;WEB
HOS;MARH;DIG;TH;WEB
HOS;MARH;DIG;TH;WEB
HOS;MARH;DIG;TH;WEB
HOS;MARH;DIG;TH;WEB
HOS;MARH;DIG;TH;WEB
HOS;MARH;DIG;TH;WEB
HOS;MARH;DIG;TH;WEB
HOS;MARH;DIG;TH;WEB
HOS;MARH;DIG;TH;WEB
HOS;MARH;DIG;TH;WEB
HOS;MARH;DIG;TH;WEB
HOS;MARH;DIG;TH;WEB
HOS;MARH;DIG;TH;WEB
HOS;MARH;DIG;TH;WEB
HOS;MARH;DIG;TH;WEB
HOS;MARH;DIG;TH;WEB
HOS;MARH;DIG;TH;WEB
HOS;MARH;DIG;TH;WEB
HOS;MARH;DIG;TH;WEB
HOS;MARH;DIG;TH;WEB
HOS;MARH;DIG;TH;WEB
HOS;MARH;DIG;TH;WEB
HOS;MARH;DIG;TH;WEB
HOS;MARH;DIG;TH;WEB
HOS;MARH;DIG;TH;WEB
HOS;MARH;DIG;TH;WEB
HOS;MARH;DIG;TH;WEB
HOS;MARH;DIG;TH;NEWSL
HOS;MARH;DIG;TH;NEWSL
HOS;MARH;DIG;TH;NEWSL
HOS;MARH;DIG;TH;NEWSL
HOS;MARH;DIG;TH;NEWSL
HOS;MARH;DIG;TH;NEWSL
HOS;MARH;DIG;TH;NEWSL
HOS;MARH;DIG;TH;NEWSL
HOS;MARH;DIG;TH;NEWSL
HOS;MARH;DIG;TH;NEWSL
HOS;MARH;DIG;TH;NEWSL
HOS;MARH;DIG;TH;NEWSL
HOS;MARH;DIG;TH;NEWSL
HOS;MARH;DIG;TH;NEWSL
HOS;MARH;DIG;TH;NEWSL
HOS;MARH;DIG;TH;NEWSL
HOS;MARH;DIG;TH;NEWSL
HOS;MARH;DIG;TH;NEWSL
HOS;MARH;DIG;TH;NEWSL
HOS;MARH;DIG;TH;NEWSL
HOS;MARH;DIG;TH;NEWSL
HOS;MARH;DIG;TH;NEWSL
HOS;MARH;DIG;TH;NEWSL
HOS;MARH;DIG;TH;NEWSL
HOS;MARH;DIG;TH;NEWSL
HOS;MARH;DIG;TH;NEWSL
HOS;MARH;DIG;TH;NEWSL
HOS;MARH;DIG;TH;NEWSL
HOS;MARH;DIG;TH;NEWSL
HOS;MARH;DIG;TH;NEWSL
HOS;MARH;DIG;TH;NEWSL
HOS;MARH;DIG;TH;NEWSL
HOS;MARH;DIG;TH;NEWSL
HOS;MARH;DIG;TH;NEWSL
HOS;MARH;DIG;TH;NEWSL
HOS;MARH;DIG;TH;NEWSL
HOS;MARH;DIG;TH;NEWSL
HOS;MARH;DIG;TH;NEWSL
HOS;MARH;DIG;TH;NEWSL
HOS;MARH;DIG;TH;NEWSL
HOS;MARH;DIG;TH;NEWSL
HOS;MARH;DIG;TH;NEWSL
HOS;MARH;DIG;TH;NEWSL
HOS;MARH;DIG;TH;NEWSL
HOS;MARH;DIG;TH;NEWSL
HOS;MARH;DIG;TH;NEWSL
HOS;MARH;DIG;TH;NEWSL
HOS;MARH;DIG;TH;NEWSL
HOS;MARH;DIG;TH;NEWSL
HOS;MARH;DIG;TH;NEWSL
HOS;MARH;DIG;TH;RRSS
HOS;MARH;DIG;TH;RRSS
HOS;MARH;DIG;TH;RRSS
HOS;MARH;DIG;TH;RRSS
HOS;MARH;DIG;TH;RRSS
HOS;MARH;DIG;TH;RRSS
HOS;MARH;DIG;TH;RRSS
HOS;MARH;DIG;TH;RRSS
HOS;MARH;PRINT;TH;OTROS
HOS;MARH;PRINT;TH;OTROS
HOS;MARH;DIG;TH;OTROS
HOS;MARH;DIG;TH;OTROS
HOS;MARH;EVE;TH;OTROS
HOS;MARH;EVE;TH;OTROS
HOS;MARH;EVE;TH;OTROS
HOS;MARH;EVE;TH;OTROS
HOS;MARH;GEN;TH;OTROS
HOS;MARH;GEN;TH;OTROS
HOS;MARH;EVE;TH;OTROS
HOS;MARH;EVE;TH;OTROS
HOS;MARH;DIG;TH;EMAIL
HOS;MARH;DIG;TH;EMAIL
HOS;MARH;DIG;TH;EMAIL
HOS;MARH;DIG;TH;EMAIL
HOS;MARH;DIG;TH;EMAIL
HOS;MARH;DIG;TH;EMAIL
HOS;MARH;PRINT;TH;MAIPOST
HOS;MARH;PRINT;TH;MAIPOST
HOS;MARH;EVE;TH;EVEVAR
HOS;MARH;EVE;TH;EVEVAR
HOS;MARH;EVE;TH;EVEVAR
HOS;MARH;EVE;TH;EVEVAR
HOS;RES;PRINT;RN;SUSCR
HOS;RES;PRINT;RN;SUSCR
HOS;RES;PRINT;RN;VTAEJE
HOS;RES;PRINT;RN;VTAEJE
HOS;MARH;DIG;TH;EMAIL
HOS;MARH;DIG;TH;EMAIL
HOS;MARH;DIG;TH;EMAIL
HOS;MARH;DIG;TH;EMAIL
HOS;MARH;DIG;TH;EMAIL
HOS;MARH;DIG;TH;EMAIL
HOS;MARH;EVE;TH;EVEVAR
HOS;MARH;EVE;TH;EVEVAR
HOS;MARH;EVE;TH;EVEVAR
HOS;MARH;EVE;TH;EVEVAR
HOS;MARH;EVE;TH;EVEVAR
HOS;MARH;EVE;TH;EVEVAR
HOS;MARH;EVE;TH;EVEVAR
HOS;MARH;EVE;TH;EVEVAR
HOS;MARH;EVE;EVEDIG;GEN
HOS;MARH;EVE;TH;EVEVAR
HOS;MARH;EVE;TH;GEN
HOS;MARH;EVE;TH;EVEVAR
HOS;MARH;EVE;PN-THF;PATRO
HOS;MARH;EVE;PN-THF;PATRO
HOS;MARH;EVE;TH;EVEVAR
HOS;MARH;EVE;TH;EVEVAR
HOS;MARH;EVE;PN-THF;PATRO
HOS;MARH;EVE;PN-THF;PATRO
HOS;MARH;EVE;PN-THF;PATRO
HOS;MARH;EVE;PN-THF;PATRO
HOS;MARH;EVE;PN-THF;ENTRAD
HOS;MARH;EVE;PN-THF;ENTRAD
HOS;MARH;EVE;PN-THF;OTROS
HOS;MARH;EVE;PN-THF;OTROS
HOS;MARH;EVE;PN-THF;PATRO
HOS;MARH;EVE;PN-THF;PATRO
HOS;MARH;EVE;PN-THF;PATRO
HOS;MARH;EVE;PN-THF;PATRO
HOS;MARH;EVE;PN-THF;PATRO
HOS;MARH;EVE;PN-THF;PATRO
HOS;MARH;EVE;PN-THF;PATRO
HOS;MARH;EVE;PN-THF;PATRO
HOS;MARH;EVE;PN-THF;PATRO
HOS;MARH;EVE;PN-THF;PATRO
HOS;MARH;EVE;PN-THF;STAND
HOS;MARH;EVE;PN-THF;STAND
HOS;MARH;EVE;PN-THF;STAND
HOS;MARH;EVE;PN-THF;STAND
HOS;MARH;EVE;PN-THF;STAND
HOS;MARH;EVE;PN-THF;STAND
HOS;MARH;EVE;PN-THF;STAND
HOS;MARH;EVE;PN-THF;STAND
HOS;MARH;EVE;PN-THF;STAND
HOS;MARH;EVE;PN-THF;STAND
HOS;MARH;EVE;PN-THF;EVEVAR
HOS;MARH;EVE;PN-THF;EVEVAR
HOS;MARH;EVE;PN-THF;EVEVAR
HOS;MARH;EVE;PN-THF;EVEVAR
HOS;MARH;EVE;PN-THF;EVEVAR
HOS;MARH;EVE;PN-THF;EVEVAR
HOS;MARH;EVE;PN-THF;PATRO
HOS;MARH;EVE;PN-THF;PATRO
HOS;MARH;EVE;PN-THF;PATRO
HOS;MARH;EVE;PN-THF;PATRO
HOS;MARH;EVE;PN-THF;PATRO
HOS;MARH;EVE;PN-THF;PATRO
HOS;MARH;EVE;PN-THF;PATRO
HOS;MARH;EVE;PN-THF;PATRO
HOS;MARH;EVE;PN-THF;STAND
HOS;MARH;EVE;PN-THF;STAND
HOS;MARH;EVE;PN-THF;STAND
HOS;MARH;EVE;PN-THF;STAND
HOS;MARH;EVE;PN-THF;STAND
HOS;MARH;EVE;PN-THF;STAND
HOS;MARH;EVE;PN-THF;STAND
HOS;MARH;EVE;PN-THF;STAND
HOS;MARH;EVE;PN-THF;STAND
HOS;MARH;EVE;PN-THF;STAND
HOS;MARH;EVE;PN-THF;STAND
HOS;MARH;EVE;PN-THF;STAND
HOS;MARH;EVE;PN-THF;STAND
HOS;MARH;EVE;PN-THF;STAND
HOS;MARH;EVE;PN-THF;STAND
HOS;MARH;EVE;PN-THF;STAND
HOS;MARH;EVE;PN-THF;EVEVAR
HOS;MARH;EVE;PN-THF;EVEVAR
HOS;MARH;EVE;PN-THF;STAND
HOS;MARH;EVE;PN-THF;STAND
HOS;RES;PRINT;RN;PUBPAP
HOS;RES;PRINT;RN;PUBPAP
HOS;RES;PRINT;RN;PUBPAP
HOS;RES;PRINT;RN;PUBPAP
HOS;RES;PRINT;RN;PUBPAP
HOS;RES;PRINT;RN;PUBPAP
HOS;RES;PRINT;RN;PUBPAP
HOS;RES;PRINT;RN;PUBPAP
HOS;RES;PRINT;RN;PUBPAP
HOS;RES;PRINT;RN;PUBPAP
HOS;RES;PRINT;RN;PUBPAP
HOS;RES;PRINT;RN;PUBPAP
HOS;RES;PRINT;RN;PUBPAP
HOS;RES;PRINT;RN;PUBPAP
HOS;RES;PRINT;RN;PUBPAP
HOS;RES;PRINT;RN;PUBPAP
HOS;RES;PRINT;RN;PUBPAP
HOS;RES;PRINT;RN;PUBPAP
HOS;RES;PRINT;RN;PUBPAP
HOS;RES;PRINT;RN;PUBPAP
HOS;RES;PRINT;RN;PUBPAP
HOS;RES;PRINT;RN;PUBPAP
HOS;RES;PRINT;RN;PUBPAP
HOS;RES;PRINT;RN;PUBPAP
HOS;RES;PRINT;RN;PUBPAP
HOS;RES;PRINT;RN;PUBPAP
HOS;RES;EVE;HOT;PATRO
HOS;RES;EVE;HOT;PATRO
HOS;RES;PRINT;RN;PUBPAP
HOS;RES;PRINT;RN;PUBPAP
HOS;RES;PRINT;RN;PUBPAP
HOS;RES;PRINT;RN;PUBPAP
HOS;RES;PRINT;RN;PUBPAP
HOS;RES;PRINT;RN;PUBPAP
HOS;RES;PRINT;RN;PUBPAP
HOS;RES;PRINT;RN;PUBPAP
HOS;RES;PRINT;RN;PUBPAP
HOS;RES;PRINT;RN;PUBPAP
HOS;RES;PRINT;RN;ENCAR
HOS;RES;PRINT;RN;ENCAR
HOS;RES;PRINT;RN;PUBPAP
HOS;RES;PRINT;RN;PUBPAP
HOS;RES;PRINT;RN;PUBPAP
HOS;RES;PRINT;RN;PUBPAP
HOS;RES;PRINT;RN;PUBPAP
HOS;RES;PRINT;RN;PUBPAP
HOS;RES;PRINT;RN;PUBPAP
HOS;RES;PRINT;RN;PUBPAP
HOS;RES;PRINT;RN;PUBPAP
HOS;RES;PRINT;RN;PUBPAP
HOS;RES;PRINT;RN;PUBPAP
HOS;RES;PRINT;RN;PUBPAP
HOS;RES;PRINT;RN;PUBPAP
HOS;RES;PRINT;RN;PUBPAP
HOS;RES;PRINT;RN;PUBPAP
HOS;RES;PRINT;RN;PUBPAP
HOS;RES;PRINT;RN;PUBPAP
HOS;RES;PRINT;RN;PUBPAP
HOS;RES;PRINT;RN;PUBPAP
HOS;RES;PRINT;RN;PUBPAP
HOS;RES;PRINT;RN;PUBPAP
HOS;RES;PRINT;RN;PUBPAP
HOS;RES;PRINT;RN;PUBPAP
HOS;RES;PRINT;RN;PUBPAP
HOS;RES;PRINT;RN;PUBPAP
HOS;RES;PRINT;RN;PUBPAP
HOS;RES;PRINT;RN;PUBPAP
HOS;RES;PRINT;RN;PUBPAP
HOS;RES;PRINT;RN;PUBPAP
HOS;RES;PRINT;RN;PUBPAP
HOS;RES;PRINT;RN;PUBPAP
HOS;RES;PRINT;RN;PUBPAP
HOS;RES;PRINT;RN;PUBPAP
HOS;RES;PRINT;RN;PUBPAP
HOS;RES;PRINT;RN;PUBPAP
HOS;RES;PRINT;RN;PUBPAP
HOS;RES;PRINT;RN;PUBPAP
HOS;RES;PRINT;RN;PUBPAP
HOS;RES;PRINT;RN;PUBPAP
HOS;RES;PRINT;RN;PUBPAP
HOS;RES;PRINT;RN;PUBPAP
HOS;RES;PRINT;RN;PUBPAP
HOS;RES;PRINT;RN;PUBPAP
HOS;RES;PRINT;RN;PUBPAP
HOS;RES;PRINT;RN;PUBPAP
HOS;RES;PRINT;RN;PUBPAP
HOS;RES;PRINT;RN;PUBPAP
HOS;RES;PRINT;RN;PUBPAP
HOS;RES;PRINT;RN;PUBPAP
HOS;RES;PRINT;RN;PUBPAP
HOS;RES;PRINT;RN;PUBPAP
HOS;RES;PRINT;RN;PUBPAP
HOS;RES;PRINT;RN;PUBPAP
HOS;RES;PRINT;RN;PUBPAP
HOS;RES;PRINT;RN;PUBPAP
HOS;RES;PRINT;RN;PUBPAP
HOS;RES;PRINT;RN;PUBPAP
HOS;RES;PRINT;RN;PUBPAP
HOS;RES;DIG;RN;WEB
HOS;RES;DIG;RN;WEB
HOS;RES;DIG;RN;WEB
HOS;RES;DIG;RN;WEB
HOS;RES;DIG;RN;WEB
HOS;RES;DIG;RN;WEB
HOS;RES;DIG;RN;WEB
HOS;RES;DIG;RN;WEB
HOS;RES;DIG;RN;WEB
HOS;RES;DIG;RN;WEB
HOS;RES;DIG;RN;WEB
HOS;RES;DIG;RN;WEB
HOS;RES;DIG;RN;WEB
HOS;RES;DIG;RN;WEB
HOS;RES;DIG;RN;WEB
HOS;RES;DIG;RN;WEB
HOS;RES;DIG;RN;WEB
HOS;RES;DIG;RN;WEB
HOS;RES;DIG;RN;WEB
HOS;RES;DIG;RN;WEB
HOS;RES;DIG;RN;WEB
HOS;RES;DIG;RN;WEB
HOS;RES;DIG;RN;WEB
HOS;RES;DIG;RN;WEB
HOS;RES;DIG;RN;WEB
HOS;RES;DIG;RN;WEB
HOS;RES;DIG;RN;WEB
HOS;RES;DIG;RN;WEB
HOS;RES;DIG;RN;WEB
HOS;RES;DIG;RN;WEB
HOS;RES;DIG;RN;WEB
HOS;RES;DIG;RN;WEB
HOS;RES;DIG;RN;WEB
HOS;RES;DIG;RN;WEB
HOS;RES;DIG;RN;WEB
HOS;RES;DIG;RN;WEB
HOS;RES;DIG;RN;WEB
HOS;RES;DIG;RN;WEB
HOS;RES;DIG;RN;WEB
HOS;RES;DIG;RN;WEB
HOS;RES;DIG;RN;WEB
HOS;RES;DIG;RN;WEB
HOS;RES;DIG;RN;WEB
HOS;RES;DIG;RN;WEB
HOS;RES;DIG;RN;WEB
HOS;RES;DIG;RN;WEB
HOS;RES;DIG;RN;WEB
HOS;RES;DIG;RN;WEB
HOS;RES;DIG;RN;WEB
HOS;RES;DIG;RN;WEB
HOS;RES;DIG;RN;WEB
HOS;RES;DIG;RN;WEB
HOS;RES;DIG;RN;WEB
HOS;RES;DIG;RN;WEB
HOS;RES;DIG;RN;WEB
HOS;RES;DIG;RN;WEB
HOS;RES;DIG;RN;WEB
HOS;RES;DIG;RN;WEB
HOS;RES;DIG;RN;WEB
HOS;RES;DIG;RN;WEB
HOS;RES;DIG;RN;WEB
HOS;RES;DIG;RN;WEB
HOS;RES;DIG;RN;WEB
HOS;RES;DIG;RN;WEB
HOS;RES;DIG;RN;NEWSL
HOS;RES;DIG;RN;NEWSL
HOS;RES;DIG;RN;WEB
HOS;RES;DIG;RN;WEB
HOS;RES;DIG;RN;WEB
HOS;RES;DIG;RN;WEB
HOS;RES;DIG;RN;WEB
HOS;RES;DIG;RN;NEWSL
HOS;RES;DIG;RN;NEWSL
HOS;RES;DIG;RN;NEWSL
HOS;RES;DIG;RN;NEWSL
HOS;RES;DIG;RN;WEB
HOS;RES;DIG;RN;WEB
HOS;RES;DIG;RN;NEWSL
HOS;RES;DIG;RN;NEWSL
HOS;RES;DIG;RN;WEB
HOS;RES;DIG;RN;WEB
HOS;RES;DIG;RN;EMAIL
HOS;RES;DIG;RN;EMAIL
HOS;RES;DIG;RN;NEWSL
HOS;RES;DIG;RN;NEWSL
HOS;RES;DIG;RN;NEWSL
HOS;RES;DIG;RN;NEWSL
HOS;RES;DIG;RN;NEWSL
HOS;RES;DIG;RN;NEWSL
HOS;RES;DIG;RN;NEWSL
HOS;RES;DIG;RN;NEWSL
HOS;RES;DIG;RN;NEWSL
HOS;RES;DIG;RN;NEWSL
HOS;RES;DIG;RN;NEWSL
HOS;RES;DIG;RN;NEWSL
HOS;RES;DIG;RN;NEWSL
HOS;RES;DIG;RN;NEWSL
HOS;RES;DIG;RN;NEWSL
HOS;RES;DIG;RN;NEWSL
HOS;RES;DIG;RN;NEWSL
HOS;RES;DIG;RN;NEWSL
HOS;RES;DIG;RN;NEWSL
HOS;RES;DIG;RN;NEWSL
HOS;RES;DIG;RN;NEWSL
HOS;RES;DIG;RN;NEWSL
HOS;RES;DIG;RN;NEWSL
HOS;RES;DIG;RN;NEWSL
HOS;RES;DIG;RN;NEWSL
HOS;RES;DIG;RN;NEWSL
HOS;RES;DIG;RN;NEWSL
HOS;RES;DIG;RN;NEWSL
HOS;RES;DIG;RN;NEWSL
HOS;RES;DIG;RN;NEWSL
HOS;RES;DIG;RN;NEWSL
HOS;RES;DIG;RN;NEWSL
HOS;RES;DIG;RN;NEWSL
HOS;RES;DIG;RN;NEWSL
HOS;RES;DIG;RN;NEWSL
HOS;RES;EVE;EXPOF;DCHINS
HOS;RES;EVE;EXPOF;DCHINS
HOS;RES;EVE;EXPOF;DCHINS
HOS;RES;EVE;EXPOF;DCHINS
HOS;RES;EVE;EXPOF;SEGURO
HOS;RES;EVE;EXPOF;SEGURO
HOS;RES;EVE;EXPOF;ELECTR
HOS;RES;EVE;EXPOF;ELECTR
HOS;RES;EVE;EXPOF;PATRO
HOS;RES;EVE;EXPOF;PATRO
HOS;RES;EVE;EXPOF;STAND
HOS;RES;EVE;EXPOF;STAND
HOS;RES;EVE;EXPOF;STAND
HOS;RES;EVE;EXPOF;STAND
HOS;RES;EVE;EXPOF;STAND
HOS;RES;EVE;EXPOF;STAND
HOS;RES;EVE;EXPOF;STAND
HOS;RES;EVE;EXPOF;STAND
HOS;RES;EVE;EXPOF;STAND
HOS;RES;EVE;EXPOF;STAND
HOS;RES;EVE;EXPOF;STAND
HOS;RES;EVE;EXPOF;STAND
HOS;RES;EVE;EXPOF;STAND
HOS;RES;EVE;EXPOF;STAND
HOS;RES;EVE;EXPOF;PATRO
HOS;RES;EVE;EXPOF;PATRO
HOS;RES;EVE;EXPOF;STAND
HOS;RES;EVE;EXPOF;STAND
HOS;RES;EVE;EXPOF;STAND
HOS;RES;EVE;EXPOF;STAND
HOS;RES;EVE;EXPOF;PATRO
HOS;RES;EVE;EXPOF;PATRO
HOS;RES;EVE;EXPOF;STAND
HOS;RES;EVE;EXPOF;STAND
HOS;RES;EVE;EXPOF;PATRO
HOS;RES;EVE;EXPOF;PATRO
HOS;RES;EVE;EXPOF;STAND
HOS;RES;EVE;EXPOF;STAND
HOS;RES;EVE;EXPOF;STAND
HOS;RES;EVE;EXPOF;STAND
HOS;RES;EVE;EXPOF;STAND
HOS;RES;EVE;EXPOF;STAND
HOS;RES;EVE;EXPOF;DCHINS
HOS;RES;EVE;EXPOF;DCHINS
HOS;RES;EVE;EXPOF;PATRO
HOS;RES;EVE;EXPOF;PATRO
HOS;RES;EVE;EXPOF;PATRO
HOS;RES;EVE;EXPOF;PATRO
HOS;RES;EVE;EXPOF;STAND
HOS;RES;EVE;EXPOF;STAND
HOS;RES;EVE;EXPOF;PATRO
HOS;RES;EVE;EXPOF;PATRO
HOS;RES;EVE;EXPOF;PATRO
HOS;RES;EVE;EXPOF;PATRO
HOS;RES;EVE;EXPOF;PATRO
HOS;RES;EVE;EXPOF;PATRO
HOS;RES;EVE;EXPOF;PATRO
HOS;RES;EVE;EXPOF;PATRO
HOS;RES;EVE;EXPOF;PATRO
HOS;RES;EVE;EXPOF;PATRO
HOS;RES;EVE;EXPOF;OTROS
HOS;RES;EVE;EXPOF;OTROS
HOS;RES;DIG;RN;EMAIL
HOS;RES;DIG;RN;EMAIL
HOS;RES;DIG;RN;EMAIL
HOS;RES;DIG;RN;EMAIL
HOS;RES;DIG;RN;EMAIL
HOS;RES;DIG;RN;EMAIL
HOS;RES;DIG;RN;EMAIL
HOS;RES;DIG;RN;EMAIL
HOS;RES;DIG;RN;OTROS
HOS;RES;DIG;RN;OTROS
HOS;MARH;PRINT;THP;DCH
HOS;MARH;PRINT;THP;GEN
HOS;MARH;PRINT;THP;PUBPAP
HOS;MARH;PRINT;THP;PUBPAP
HOS;MARH;PRINT;THP;PUBPAP
HOS;MARH;PRINT;THP;PUBPAP
HOS;MARH;PRINT;THP;PUBPAP
HOS;MARH;PRINT;THP;PUBPAP
HOS;MARH;DIG;THP;WEB
HOS;MARH;DIG;THP;WEB
HOS;MARH;DIG;THP;WEB
HOS;MARH;DIG;THP;WEB
HOS;MARH;DIG;THP;WEB
HOS;MARH;DIG;THP;WEB
HOS;MARH;DIG;THP;NEWSL
HOS;MARH;DIG;THP;NEWSL
HOS;RES;EVE;HOT;PATRO
HOS;RES;EVE;HOT;PATRO
HOS;RES;EVE;HOT;PATRO
HOS;RES;EVE;HOT;PATRO
HOS;RES;EVE;HOT;PATRO
HOS;RES;EVE;HOT;PATRO
HOS;RES;EVE;HOT;PATRO
HOS;RES;EVE;HOT;PATRO
HOS;RES;EVE;HOT;PATRO
HOS;RES;EVE;HOT;PATRO
HOS;RES;EVE;RN;EVEVAR
HOS;RES;EVE;RN;EVEVAR
HOS;RES;EVE;RN;EVEVAR
HOS;RES;EVE;EVEDIG;GEN
HOS;RES;EVE;EVE;GEN
HOS;RES;EVE;RN;EVEVAR
HOS;RES;EVE;EVEDIG;GEN
HOS;RES;EVE;RN;EVEVAR
HOS;RES;EVE;PN-FSF;GEN
HOS;RES;EVE;RN;EVEVAR
HOS;RES;EVE;RN;EVEVAR
HOS;RES;EVE;RN;EVEVAR
HOS;RES;EVE;EVEDIG;PATRO
HOS;MARH;PRINT;TH;PUBPAP
HOS;MARH;PRINT;TH;PUBPAP
HOS;MARH;PRINT;TH;PUBPAP
HOS;MARH;PRINT;TH;PUBPAP
HOS;MARH;PRINT;TH;PUBPAP
HOS;MARH;PRINT;TH;PUBPAP
HOS;MARH;PRINT;TH;PUBPAP
HOS;MARH;PRINT;TH;PUBPAP
HOS;MARH;PRINT;TH;PUBPAP
HOS;MARH;PRINT;TH;PUBPAP
HOS;MARH;PRINT;TH;PUBPAP
HOS;MARH;PRINT;TH;PUBPAP
HOS;MARH;PRINT;TH;PUBPAP
HOS;MARH;PRINT;TH;PUBPAP
HOS;MARH;PRINT;TH;PUBPAP
HOS;MARH;PRINT;TH;PUBPAP
HOS;MARH;PRINT;TH;PUBPAP
HOS;MARH;PRINT;TH;PUBPAP
HOS;MARH;PRINT;TH;PUBPAP
HOS;MARH;PRINT;TH;PUBPAP
HOS;MARH;PRINT;TH;PUBPAP
HOS;MARH;PRINT;TH;PUBPAP
HOS;MARH;PRINT;TH;PUBPAP
HOS;MARH;PRINT;TH;PUBPAP
HOS;MARH;PRINT;TH;PUBPAP
HOS;MARH;PRINT;TH;PUBPAP
HOS;MARH;DIG;TH;WEB
HOS;MARH;DIG;TH;WEB
HOS;MARH;DIG;TH;WEB
HOS;MARH;DIG;TH;WEB
HOS;MARH;DIG;TH;WEB
HOS;MARH;DIG;TH;WEB
HOS;MARH;DIG;TH;WEB
HOS;MARH;DIG;TH;WEB
HOS;MARH;DIG;TH;WEB
HOS;MARH;DIG;TH;WEB
HOS;MARH;DIG;TH;WEB
HOS;MARH;DIG;TH;WEB
HOS;MARH;DIG;TH;NEWSL
HOS;MARH;DIG;TH;NEWSL
HOS;MARH;DIG;TH;NEWSL
HOS;MARH;DIG;TH;NEWSL
HOS;MARH;DIG;TH;REMKT
HOS;MARH;DIG;TH;REMKT
HOS;MARH;DIG;TH;REMKT
HOS;MARH;DIG;TH;REMKT
HOS;MARH;DIG;TH;REMKT
HOS;MARH;DIG;TH;REMKT
HOS;MARH;DIG;TH;REMKT
HOS;MARH;DIG;TH;REMKT
HOS;MARH;DIG;TH;EXPDIG
HOS;MARH;DIG;TH;EXPDIG
HOS;MARH;DIG;TH;EXPDIG
HOS;MARH;DIG;TH;EXPDIG
HOS;MARH;DIG;TH;EXPDIG
HOS;MARH;DIG;TH;EXPDIG
HOS;MARH;DIG;TH;REMKT
HOS;MARH;DIG;TH;REMKT
HOS;MARH;DIG;TH;REMKT
HOS;MARH;DIG;TH;REMKT
HOS;MARH;DIG;TH;REMKT
HOS;MARH;DIG;TH;REMKT
HOS;MARH;DIG;TH;REMKT
HOS;MARH;DIG;TH;REMKT
HOS;MARH;DIG;TH;EXPDIG
HOS;MARH;DIG;TH;EXPDIG
HOS;MARH;DIG;TH;EXPDIG
HOS;MARH;DIG;TH;EXPDIG
HOS;MARH;DIG;TH;EXPDIG
HOS;MARH;DIG;TH;EXPDIG
HOS;MARH;DIG;TH;EXPDIG
HOS;MARH;DIG;TH;EXPDIG
HOS;RES;DIG;RN;REMKT
HOS;RES;DIG;RN;REMKT
HOS;RES;DIG;RN;REMKT
HOS;RES;DIG;RN;REMKT
HOS;RES;DIG;RN;REMKT
HOS;RES;DIG;RN;REMKT
HOS;MARH;DIG;TH;REMKT
HOS;MARH;DIG;TH;REMKT
HOS;MARH;DIG;TH;REMKT
HOS;MARH;DIG;TH;REMKT
HOS;RES;DIG;RN;EXPDIG
HOS;RES;DIG;RN;EXPDIG
HOS;RES;DIG;RN;EXPDIG
HOS;RES;DIG;RN;EXPDIG
HOS;RES;DIG;RN;EXPDIG
HOS;RES;DIG;RN;EXPDIG
HOS;RES;DIG;RN;EXPDIG
HOS;RES;DIG;RN;EXPDIG
HOS;RES;EVE;HOT;PATRO
HOS;RES;EVE;HOT;PATRO
HOS;RES;EVE;HOT;STAND
HOS;RES;EVE;HOT;STAND
HOS;RES;EVE;HOT;PATRO
HOS;RES;EVE;HOT;PATRO
HOS;RES;EVE;HOT;PATRO
HOS;RES;EVE;HOT;PATRO
HOS;RES;EVE;HOT;EVEVAR
HOS;RES;EVE;HOT;EVEVAR
HOS;RES;EVE;PN-FSF;DCHINS
HOS;RES;EVE;PN-FSF;DCHINS
HOS;RES;EVE;PN-FSF;SEGURO
HOS;RES;EVE;PN-FSF;SEGURO
HOST;RES;EVE;PN-FSF;PATRO
HOS;RES;EVE;PN-FSF;PATRO
HOS;RES;EVE;PN-FSF;PATRO
HOS;RES;EVE;PN-FSF;PATRO
HOS;RES;EVE;PN-FSF;EVEVAR
HOS;RES;EVE;PN-FSF;EVEVAR
HOS;RES;EVE;PN-FSF;EVEVAR
HOS;RES;EVE;PN-FSF;EVEVAR
HOS;RES;EVE;PN-FSF;PATRO
HOS;RES;EVE;PN-FSF;EVEVAR
HOST;RES;EVE;PN-FSF;EVEVAR
HOS;RES;EVE;PN-FSF;EVEVAR
HOST;RES;EVE;PN-FSF;PATRO
HOS;RES;EVE;PN-FSF;PATRO
HOS;RES;EVE;PN-FSF;GEN
HOS;RES;EVE;PN-FSF;GEN
HOS;RES;EVE;PN-FSF;EVEVAR
HOS;RES;EVE;PN-FSF;EVEVAR
HOS;RES;EVE;PN-FSF;EVEVAR
HOS;RES;EVE;PN-FSF;EVEVAR
HOS;RES;EVE;PN-FSF;EVEVAR
HOS;RES;EVE;PN-FSF;EVEVAR
HOS;RES;EVE;PN-FSF;EVEVAR
HOS;RES;EVE;PN-FSF;EVEVAR
SEG;SEG;PRINT;CSEG;PUBPAP
SEG;SEG;PRINT;CSEG;PUBPAP
SEG;SEG;PRINT;CSEG;PUBPAP
SEG;SEG;PRINT;CSEG;PUBPAP
SEG;SEG;PRINT;CSEG;PUBPAP
SEG;SEG;PRINT;CSEG;PUBPAP
SEG;SEG;PRINT;CSEG;PUBPAP
SEG;SEG;PRINT;CSEG;PUBPAP
SEG;SEG;PRINT;CSEG;PUBPAP
SEG;SEG;PRINT;CSEG;PUBPAP
SEG;SEG;PRINT;CSEG;PUBPAP
SEG;SEG;PRINT;CSEG;PUBPAP
SEG;SEG;PRINT;CSEG;PUBPAP
SEG;SEG;PRINT;CSEG;PUBPAP
SEG;SEG;PRINT;CSEG;PUBPAP
SEG;SEG;PRINT;CSEG;PUBPAP
SEG;SEG;PRINT;CSEG;PUBPAP
SEG;SEG;PRINT;CSEG;PUBPAP
SEG;SEG;PRINT;CSEG;PUBPAP
SEG;SEG;PRINT;CSEG;PUBPAP
SEG;SEG;PRINT;CSEG;PUBPAP
SEG;SEG;PRINT;CSEG;PUBPAP
SEG;SEG;PRINT;CSEG;PUBPAP
SEG;SEG;PRINT;CSEG;PUBPAP
SEG;SEG;PRINT;CSEG;PUBPAP
SEG;SEG;PRINT;CSEG;PUBPAP
SEG;SEG;PRINT;CSEG;PUBPAP
SEG;SEG;PRINT;CSEG;PUBPAP
SEG;SEG;PRINT;CSEG;PUBPAP
SEG;SEG;PRINT;CSEG;PUBPAP
SEG;SEG;PRINT;CSEG;PUBPAP
SEG;SEG;PRINT;CSEG;PUBPAP
SEG;SEG;PRINT;CSEG;PUBPAP
SEG;SEG;PRINT;CSEG;PUBPAP
SEG;SEG;PRINT;CSEG;PUBPAP
SEG;SEG;PRINT;CSEG;PUBPAP
SEG;SEG;PRINT;CSEG;PUBPAP
SEG;SEG;PRINT;CSEG;PUBPAP
SEG;SEG;PRINT;CSEG;PUBPAP
SEG;SEG;PRINT;CSEG;PUBPAP
SEG;SEG;PRINT;CSEG;PUBPAP
SEG;SEG;PRINT;CSEG;PUBPAP
SEG;SEG;PRINT;CSEG;ENCAR
SEG;SEG;PRINT;CSEG;ENCAR
SEG;SEG;PRINT;CSEG;ENCAR
SEG;SEG;PRINT;CSEG;ENCAR
SEG;SEG;PRINT;CSEG;ENCAR
SEG;SEG;PRINT;CSEG;ENCAR
SEG;SEG;PRINT;CSEG;ENCAR
SEG;SEG;PRINT;CSEG;ENCAR
SEG;SEG;PRINT;CSEG;ENCAR
SEG;SEG;PRINT;CSEG;ENCAR
SEG;SEG;DIG;CSEG;WEB
SEG;SEG;DIG;CSEG;WEB
SEG;SEG;PRINT;CSEG;PUBPAP
SEG;SEG;PRINT;CSEG;PUBPAP
SEG;SEG;PRINT;CSEG;PUBPAP
SEG;SEG;PRINT;CSEG;PUBPAP
SEG;SEG;PRINT;CSEG;ENCAR
SEG;SEG;PRINT;CSEG;ENCAR
SEG;SEG;PRINT;CSEG;PUBPAP
SEG;SEG;PRINT;CSEG;PUBPAP
SEG;SEG;PRINT;CSEG;PUBPAP
SEG;SEG;PRINT;CSEG;PUBPAP
SEG;SEG;PRINT;CSEG;PUBPAP
SEG;SEG;PRINT;CSEG;PUBPAP
SEG;SEG;PRINT;CSEG;PUBPAP
SEG;SEG;PRINT;CSEG;PUBPAP
SEG;SEG;PRINT;CSEG;SUSCR
SEG;SEG;PRINT;CSEG;SUSCR
SEG;SEG;PRINT;CSEG;SUSCR
SEG;SEG;PRINT;CSEG;SUSCR
SEG;SEG;PRINT;CSEG;SUSCR
SEG;SEG;PRINT;CSEG;SUSCR
SEG;SEG;PRINT;CSEG;VTAEJE
SEG;SEG;PRINT;CSEG;VTAEJE
SEG;SEG;DIG;CSEG;NEWSL
SEG;SEG;DIG;CSEG;NEWSL
SEG;SEG;DIG;CSEG;NEWSL
SEG;SEG;DIG;CSEG;NEWSL
SEG;SEG;DIG;CSEG;NEWSL
SEG;SEG;DIG;CSEG;NEWSL
SEG;SEG;DIG;CSEG;NEWSL
SEG;SEG;DIG;CSEG;NEWSL
SEG;SEG;DIG;CSEG;NEWSL
SEG;SEG;DIG;CSEG;NEWSL
SEG;SEG;DIG;CSEG;NEWSL
SEG;SEG;DIG;CSEG;NEWSL
SEG;SEG;DIG;CSEG;NEWSL
SEG;SEG;DIG;CSEG;NEWSL
SEG;SEG;DIG;CSEG;NEWSL
SEG;SEG;DIG;CSEG;NEWSL
SEG;SEG;PRINT;GVISIT;PUBPAP
SEG;SEG;PRINT;GVISIT;PUBPAP
SEG;SEG;PRINT;GVISIT;PUBPAP
SEG;SEG;PRINT;GVISIT;PUBPAP
SEG;SEG;PRINT;GVISIT;PUBPAP
SEG;SEG;PRINT;GVISIT;PUBPAP
SEG;SEG;PRINT;GVISIT;PUBPAP
SEG;SEG;PRINT;GVISIT;PUBPAP
SEG;SEG;PRINT;GVISIT;PUBPAP
SEG;SEG;PRINT;GVISIT;PUBPAP
SEG;SEG;PRINT;GVISIT;PUBPAP
SEG;SEG;PRINT;GVISIT;PUBPAP
SEG;SEG;PRINT;GVISIT;PUBPAP
SEG;SEG;PRINT;GVISIT;PUBPAP
SEG;SEG;PRINT;GVISIT;PUBPAP
SEG;SEG;PRINT;GVISIT;PUBPAP
SEG;SEG;PRINT;GVISIT;ENCAR
SEG;SEG;PRINT;GVISIT;ENCAR
SEG;SEG;PRINT;CSEG;GVISIT
SEG;SEG;PRINT;CSEG;GVISIT
SEG;SEG;PRINT;GVISIT;PUBPAP
SEG;SEG;PRINT;GVISIT;PUBPAP
SEG;SEG;PRINT;GVISIT;PUBPAP
SEG;SEG;PRINT;GVISIT;PUBPAP
SEG;SEG;PRINT;GVISIT;PUBPAP
SEG;SEG;PRINT;GVISIT;PUBPAP
SEG;SEG;PRINT;GVISIT;PUBPAP
SEG;SEG;PRINT;GVISIT;PUBPAP
SEG;SEG;PRINT;GVISIT;PUBPAP
SEG;SEG;PRINT;GVISIT;PUBPAP
SEG;SEG;PRINT;GVISIT;PUBPAP
SEG;SEG;PRINT;GVISIT;PUBPAP
SEG;SEG;PRINT;GVISIT;PUBPAP
SEG;SEG;PRINT;GVISIT;PUBPAP
SEG;SEG;PRINT;GVISIT;PUBPAP
SEG;SEG;PRINT;GVISIT;PUBPAP
SEG;SEG;PRINT;GVISIT;PUBPAP
SEG;SEG;PRINT;GVISIT;PUBPAP
SEG;SEG;PRINT;GVISIT;PUBPAP
SEG;SEG;PRINT;GVISIT;PUBPAP
SEG;SEG;PRINT;GVISIT;PUBPAP
SEG;SEG;PRINT;GVISIT;PUBPAP
SEG;SEG;EVE;PN-SF;SEGURO
SEG;SEG;EVE;PN-SF;SEGURO
SEG;SEG;EVE;PN-SF;DCHINS
SEG;SEG;EVE;PN-SF;DCHINS
SEG;SEG;EVE;PN-SF;DCHINS
SEG;SEG;EVE;PN-SF;DCHINS
SEG;SEG;EVE;PN-SF;STAND
SEG;SEG;EVE;PN-SF;STAND
SEG;SEG;EVE;PN-SF;STAND
SEG;SEG;EVE;PN-SF;STAND
SEG;SEG;EVE;PN-SF;STAND
SEG;SEG;EVE;PN-SF;STAND
SEG;SEG;EVE;PN-SF;STAND
SEG;SEG;EVE;PN-SF;STAND
SEG;SEG;EVE;PN-SF;PATRO
SEG;SEG;EVE;PN-SF;PATRO
SEG;SEG;EVE;PN-SF;PATRO
SEG;SEG;EVE;PN-SF;PATRO
SEG;SEG;EVE;PN-SF;PATRO
SEG;SEG;EVE;PN-SF;PATRO
SEG;SEG;EVE;PN-SF;PATRO
SEG;SEG;EVE;PN-SF;PATRO
SEG;SEG;EVE;PN-SF;PATRO
SEG;SEG;EVE;PN-SF;PATRO
SEG;SEG;EVE;PN-SF;PATRO
SEG;SEG;EVE;PN-SF;PATRO
SEG;SEG;EVE;PN-SF;PATRO
SEG;SEG;EVE;PN-SF;PATRO
SEG;SEG;EVE;PN-SF;PATRO
SEG;SEG;EVE;PN-SF;PATRO
SEG;SEG;EVE;PN-SF;PATRO
SEG;SEG;EVE;PN-SF;PATRO
SEG;SEG;EVE;PN-SF;ELECTR
SEG;SEG;EVE;PN-SF;ELECTR
SEG;SEG;EVE;PN-SF;OTROS
SEG;SEG;EVE;PN-SF;OTROS
SEG;SEG;EVE;PN-SF;STAND
SEG;SEG;EVE;PN-SF;STAND
SEG;SEG;EVE;PN-SF;STAND
SEG;SEG;EVE;PN-SF;STAND
SEG;SEG;EVE;PN-SF;ENTRAD
SEG;SEG;EVE;PN-SF;ENTRAD
SEG;SEG;EVE;PN-SF;PATRO
SEG;SEG;EVE;PN-SF;PATRO
SEG;SEG;EVE;PN-SF;PATRO
SEG;SEG;EVE;PN-SF;PATRO
SEG;SEG;EVE;PN-SF;STAND
SEG;SEG;EVE;PN-SF;STAND
SEG;SEG;EVE;PN-SF;STAND
SEG;SEG;EVE;PN-SF;STAND
SEG;SEG;EVE;PN-SF;PATRO
SEG;SEG;EVE;PN-SF;PATRO
SEG;SEG;EVE;PN-SF;STAND
SEG;SEG;EVE;PN-SF;STAND
SEG;SEG;EVE;PN-SF;PATRO
SEG;SEG;EVE;PN-SF;PATRO
SEG;SEG;EVE;PN-SF;PATRO
SEG;SEG;EVE;PN-SF;PATRO
SEG;SEG;EVE;PN-SF;OTROS
SEG;SEG;EVE;PN-SF;OTROS
SEG;SEG;EVE;PN-SF;PATRO
SEG;SEG;EVE;PN-SF;PATRO
SEG;SEG;EVE;PN-SF;PATRO
SEG;SEG;EVE;PN-SF;PATRO
SEG;SEG;EVE;PN-SF;PATRO
SEG;SEG;EVE;PN-SF;PATRO
SEG;SEG;EVE;PN-SF;STAND
SEG;SEG;EVE;PN-SF;STAND
SEG;SEG;EVE;PN-SF;SEGURO
SEG;SEG;EVE;PN-SF;SEGURO
SEG;SEG;EVE;PN-SF;PATRO
SEG;SEG;EVE;PN-SF;PATRO
SEG;SEG;EVE;PN-SF;PATRO
SEG;SEG;EVE;PN-SF;PATRO
SEG;SEG;EVE;PN-SF;ENTRAD
SEG;SEG;EVE;PN-SF;ENTRAD
SEG;SEG;EVE;PN-SF;PATRO
SEG;SEG;EVE;PN-SF;PATRO
SEG;SEG;EVE;PN-SF;PATRO
SEG;SEG;EVE;PN-SF;STAND
SEG;SEG;EVE;PN-SF;SEGURO
SEG;SEG;EVE;PN-SF;PATRO
SEG;SEG;EVE;CSE;PATRO
SEG;SEG;EVE;CSE;PATRO
SEG;SEG;EVE;CSE;PATRO
SEG;SEG;EVE;CSE;PATRO
SEG;SEG;EVE;CSE;PATRO
SEG;SEG;EVE;CSE;PATRO
SEG;SEG;EVE;CSE;PATRO
SEG;SEG;EVE;CSE;PATRO
SEG;SEG;EVE;CSE;PATRO
SEG;SEG;EVE;CSE;PATRO
SEG;SEG;EVE;CSE;PATRO
SEG;SEG;EVE;CSE;PATRO
SEG;SEG;DIG;CSEG;WEB
SEG;SEG;DIG;CSEG;WEB
SEG;SEG;DIG;CSEG;WEB
SEG;SEG;DIG;CSEG;WEB
SEG;SEG;DIG;CSEG;WEB
SEG;SEG;DIG;CSEG;WEB
SEG;SEG;DIG;CSEG;WEB
SEG;SEG;DIG;CSEG;WEB
SEG;SEG;DIG;CSEG;WEB
SEG;SEG;DIG;CSEG;WEB
SEG;SEG;DIG;CSEG;WEB
SEG;SEG;DIG;CSEG;WEB
SEG;SEG;DIG;CSEG;WEB
SEG;SEG;DIG;CSEG;WEB
SEG;SEG;DIG;CSEG;WEB
SEG;SEG;DIG;CSEG;WEB
SEG;SEG;DIG;CSEG;WEB
SEG;SEG;DIG;CSEG;WEB
SEG;SEG;DIG;CSEG;WEB
SEG;SEG;DIG;CSEG;WEB
SEG;SEG;DIG;CSEG;WEB
SEG;SEG;DIG;CSEG;WEB
SEG;SEG;DIG;CSEG;WEB
SEG;SEG;DIG;CSEG;WEB
SEG;SEG;DIG;CSEG;WEB
SEG;SEG;DIG;CSEG;WEB
SEG;SEG;DIG;CSEG;WEB
SEG;SEG;DIG;CSEG;WEB
SEG;SEG;DIG;CSEG;WEB
SEG;SEG;DIG;CSEG;WEB
SEG;SEG;DIG;CSEG;WEB
SEG;SEG;DIG;CSEG;WEB
SEG;SEG;DIG;CSEG;WEB
SEG;SEG;DIG;CSEG;WEB
SEG;SEG;DIG;CSEG;WEB
SEG;SEG;DIG;CSEG;WEB
SEG;SEG;DIG;CSEG;WEB
SEG;SEG;DIG;CSEG;WEB
SEG;SEG;DIG;CSEG;WEB
SEG;SEG;DIG;CSEG;WEB
SEG;SEG;DIG;CSEG;WEB
SEG;SEG;DIG;CSEG;WEB
SEG;SEG;DIG;CSEG;WEB
SEG;SEG;DIG;CSEG;WEB
SEG;SEG;DIG;CSEG;WEB
SEG;SEG;DIG;CSEG;WEB
SEG;SEG;DIG;CSEG;WEB
SEG;SEG;DIG;CSEG;WEB
SEG;SEG;DIG;CSEG;WEB
SEG;SEG;DIG;CSEG;WEB
SEG;SEG;DIG;CSEG;WEB
SEG;SEG;DIG;CSEG;NEWSL
SEG;SEG;DIG;CSEG;NEWSL
SEG;SEG;DIG;CSEG;NEWSL
SEG;SEG;DIG;CSEG;NEWSL
SEG;SEG;DIG;CSEG;NEWSL
SEG;SEG;DIG;CSEG;NEWSL
SEG;SEG;DIG;CSEG;NEWSL
SEG;SEG;DIG;CSEG;NEWSL
SEG;SEG;DIG;CSEG;NEWSL
SEG;SEG;DIG;CSEG;NEWSL
SEG;SEG;DIG;CSEG;NEWSL
SEG;SEG;DIG;CSEG;NEWSL
SEG;SEG;DIG;CSEG;NEWSL
SEG;SEG;DIG;CSEG;NEWSL
SEG;SEG;DIG;CSEG;NEWSL
SEG;SEG;DIG;CSEG;NEWSL
SEG;SEG;DIG;CSEG;NEWSL
SEG;SEG;DIG;CSEG;NEWSL
SEG;SEG;DIG;CSEG;NEWSL
SEG;SEG;DIG;CSEG;NEWSL
SEG;SEG;DIG;CSEG;NEWSL
SEG;SEG;DIG;CSEG;NEWSL
SEG;SEG;DIG;CSEG;NEWSL
SEG;SEG;DIG;CSEG;NEWSL
SEG;SEG;DIG;CSEG;NEWSL
SEG;SEG;DIG;CSEG;NEWSL
SEG;SEG;DIG;CSEG;NEWSL
SEG;SEG;DIG;CSEG;NEWSL
SEG;SEG;DIG;CSEG;NEWSL
SEG;SEG;DIG;CSEG;NEWSL
SEG;SEG;DIG;CSEG;NEWSL
SEG;SEG;DIG;CSEG;NEWSL
SEG;SEG;DIG;CSEG;NEWSL
SEG;SEG;DIG;CSEG;NEWSL
SEG;SEG;DIG;CSEG;NEWSL
SEG;SEG;DIG;CSEG;NEWSL
SEG;SEG;DIG;CSEG;NEWSL
SEG;SEG;DIG;CSEG;NEWSL
SEG;SEG;DIG;CSEG;NEWSL
SEG;SEG;DIG;CSEG;NEWSL
SEG;SEG;DIG;CSEG;RRSS
SEG;SEG;DIG;CSEG;RRSS
SEG;SEG;DIG;CSEG;RRSS
SEG;SEG;DIG;CSEG;RRSS
SEG;SEG;DIG;CSEG;RRSS
SEG;SEG;DIG;CSEG;RRSS
SEG;SEG;DIG;CSEG;RRSS
SEG;SEG;DIG;CSEG;RRSS
SEG;SEG;PRINT;CSEG;MAIPOS
SEG;SEG;PRINT;CSEG;MAIPOS
SEG;SEG;DIG;CSEG;WEB
SEG;SEG;DIG;CSEG;WEB
SEG;SEG;EVE;CSE;ENTRAD
SEG;SEG;EVE;CSE;ENTRAD
SEG;SEG;EVE;EVEVAR;OTROS
SEG;SEG;EVE;EVEVAR;OTROS
SEG;SEG;EVE;EVEVAR;PATRO
SEG;SEG;EVE;EVEVAR;PATRO
SEG;SEG;EVE;EVEVAR;ENTRAD
SEG;SEG;EVE;EVEVAR;ENTRAD
SEG;SEG;EVE;EVEVAR;PATRO
SEG;SEG;EVE;EVEVAR;PATRO
SEG;SEG;EVE;EVEVAR;PATRO
SEG;SEG;EVE;EVEVAR;PATRO
SEG;SEG;EVE;EVEVAR;PATRO
SEG;SEG;EVE;EVEVAR;PATRO
SEG;SEG;EVE;EVEVAR;PATRO 
SEG;SEG;EVE;EVEVAR;PATRO 
SEG;SEG;EVE;CSE;DCHINS
SEG;SEG;EVE;CSE;DCHINS
SEG;SEG;EVE;CSE;PATRO
SEG;SEG;DIG;CSEG;EMAIL
SEG;SEG;DIG;CSEG;EMAIL
SEG;SEG;DIG;CSEG;EMAIL
SEG;SEG;PRINT;CSEG;PUBPAP
SEG;SEG;PRINT;CSEG;PUBPAP
SEG;SEG;EVE;EVEVAR;PATRO
SEG;SEG;EVE;EVEVAR;PATRO
SEG;SEG;EVE;CSE;PATRO
SEG;SEG;EVE;CSE;PATRO
SEG;SEG;EVE;CSE;PATRO
SEG;SEG;EVE;CSE;PATRO
SEG;SEG;EVE;CSE;PATRO
SEG;SEG;EVE;CSE;PATRO
SEG;SEG;EVE;CSE;PATRO
SEG;SEG;EVE;CSE;PATRO
SEG;SEG;EVE;CSE;PATRO
SEG;SEG;EVE;CSE;PATRO
SEG;SEG;EVE;CSE;PATRO
SEG;SEG;EVE;CSE;PATRO
SEG;SEG;EVE;CCASINO;PATRO
SEG;SEG;EVE;EVEPRESEN;PATRO
SEG;SEG;DIG;CSEG;REMKT
SEG;SEG;DIG;CSEG;REMKT
SEG;SEG;DIG;CSEG;REMKT
SEG;SEG;DIG;CSEG;REMKT
SEG;SEG;DIG;CSEG;REMKT
SEG;SEG;DIG;CSEG;REMKT
SEG;SEG;DIG;CSEG;REMKT
SEG;SEG;DIG;CSEG;REMKT
SEG;SEG;DIG;CSEG;REMKT
SEG;SEG;DIG;CSEG;REMKT
SEG;SEG;DIG;CSEG;EXPDIG
SEG;SEG;DIG;CSEG;EXPDIG
SEG;SEG;DIG;CSEG;EXPDIG
SEG;SEG;DIG;CSEG;EXPDIG
SEG;SEG;DIG;CSEG;EXPDIG
SEG;SEG;DIG;CSEG;EXPDIG
SEG;SEG;GEN;CSEG;OTROS
SEG;SEG;GEN;CSEG;OTROS
SEG;SEG;GEN;CSEG;OTROS
SEG;SEG;GEN;CSEG;OTROS
PEL;GEN;GEN;PEL;GEN
PEL;GEN;GEN;PEL;GEN
PEL;GEN;PRINT;LIBRO;DISTRI
PEL;GEN;PRINT;GEN;DISTRI
INT;GEN;GEN;GEN;GEN
INT;GEN;GEN;GEN;GEN
INT;GEN;GEN;GEN;GEN
INT;GEN;GEN;GEN;GEN
INT;GEN;GEN;GEN;GEN
INT;GEN;GEN;GEN;GEN
INT;GEN;GEN;GEN;GEN
INT;GEN;GEN;GEN;GEN
PEL;GEN;GEN;EVEVAR;OTROS
PEL;GEN;GEN;EVEVAR;OTROS
PEL;GEN;GEN;EVEVAR;OTROS
SEG;SEG;PRINT;CSEG;OTROS
SEG;SEG;PRINT;CSEG;OTROS
SEG;SEG;PRINT;CSEG;OTROS
SEG;SEG;PRINT;CSEG;OTROS
SEG;SEG;PRINT;CSEG;OTROS
SEG;SEG;PRINT;CSEG;OTROS
TUR;CAM;PRINT;UCC;TRAPRO
TUR;CAM;PRINT;UCC;TRAPRO
TUR;CAM;PRINT;UCC;TRAPRO
TUR;CAM;PRINT;UCC;TRAPRO
KAU;PECK;DIG;PECK;PECKBS
KAU;PECK;DIG;PECK;PECKBS
KAU;PECK;DIG;PECK;PECKBS
KAU;PECK;DIG;PECK;PECKBS
KAU;PECK;DIG;PECK;PECKEV
KAU;PECK;DIG;PECK;PECKEV
KAU;PECK;DIG;PECK;PECKEV
KAU;PECK;DIG;PECK;PECKEV
PEL;GEN;DIG;GEN;WEB
PEL;GEN;DIG;GEN;WEB
EVE;EVE;EVE;PFINE;PATRO
EVE;EVE;EVE;PFINE;PATRO
EVE;EVE;EVE;PFINE;PATRO
EVE;EVE;EVE;PFINE;PATRO
EVE;EVE;EVE;PFINE;PATRO
EVE;EVE;EVE;PFINE;PATRO
EVE;EVE;EVE;PFINE;PATRO
EVE;EVE;EVE;PFINE;PATRO
EVE;EVE;EVE;EVEVAR;PATRO
EVE;EVE;EVE;EVEVAR;PATRO
EVE;EVE;EVE;ASIS;PATRO
EVE;EVE;EVE;ASIS;PATRO
EVE;EVE;EVE;ASIS;PATRO
EVE;EVE;EVE;ASIS;PATRO
EVE;EVE;EVE;ASIS;PATRO
EVE;EVE;EVE;ASIS;PATRO
EVE;EVE;EVE;EVE;EVEVAR
EVE;EVE;EVE;EVE;EVEVAR
EVE;EVE;EVE;EVE;EVEVAR
EVE;EVE;EVE;EVE;EVEVAR
EVE;EVE;EVE;EVE;GEN
EVE;EVE;EVE;EVE;EVEVAR
EVE;EVE;EVE;EVE;GEN
EVE;EVE;EVE;EVE;EVEVAR
EVE;EVE;EVE;EVE;GEN
EVE;EVE;EVE;EVE;EVEVAR
EVE;EVE;EVE;EVE;GEN
EVE;EVE;EVE;EVE;GEN
ARQ;ARQ;PRINT;NAN;PUBPAP
ARQ;ARQ;PRINT;NAN;PUBPAP
ARQ;ARQ;PRINT;NAN;PUBPAP
ARQ;ARQ;PRINT;NAN;PUBPAP
ARQ;ARQ;PRINT;NAN;PUBPAP
ARQ;ARQ;PRINT;NAN;PUBPAP
ARQ;ARQ;PRINT;NAN;PUBPAP
ARQ;ARQ;PRINT;NAN;PUBPAP
ARQ;ARQ;PRINT;NAN;PUBPAP
ARQ;ARQ;PRINT;NAN;PUBPAP
ARQ;ARQ;PRINT;NAN;PUBPAP
ARQ;ARQ;PRINT;NAN;PUBPAP
ARQ;ARQ;PRINT;NAN;PUBPAP
ARQ;ARQ;PRINT;NAN;PUBPAP
ARQ;ARQ;PRINT;NAN;PUBPAP
ARQ;ARQ;PRINT;NAN;PUBPAP
ARQ;ARQ;PRINT;NAN;PUBPAP
ARQ;ARQ;PRINT;NAN;PUBPAP
ARQ;ARQ;PRINT;NAN;PUBPAP
ARQ;ARQ;PRINT;NAN;PUBPAP
ARQ;ARQ;PRINT;NAN;PUBPAP
ARQ;ARQ;PRINT;NAN;PUBPAP
ARQ;ARQ;PRINT;NAN;PUBPAP
ARQ;ARQ;PRINT;NAN;VTAEJE
ARQ;ARQ;PRINT;NAN;VTAEJE
ARQ;ARQ;PRINT;NAN;SUSCR
ARQ;ARQ;PRINT;NAN;SUSCR
ARQ;ARQ;DIG;NAN;WEB
ARQ;ARQ;DIG;NAN;WEB
ARQ;ARQ;DIG;NAN;WEB
ARQ;ARQ;DIG;NAN;WEB
ARQ;ARQ;DIG;NAN;WEB
ARQ;ARQ;DIG;NAN;WEB
ARQ;ARQ;DIG;NAN;WEB
ARQ;ARQ;DIG;NAN;WEB
ARQ;ARQ;DIG;NAN;WEB
ARQ;ARQ;DIG;NAN;WEB
ARQ;ARQ;DIG;NAN;WEB
ARQ;ARQ;DIG;NAN;WEB
ARQ;ARQ;DIG;NAN;WEB
ARQ;ARQ;DIG;NAN;WEB
ARQ;ARQ;DIG;NAN;WEB
ARQ;ARQ;DIG;NAN;WEB
ARQ;ARQ;DIG;NAN;WEB
ARQ;ARQ;DIG;NAN;WEB
ARQ;ARQ;DIG;NAN;WEB
ARQ;ARQ;DIG;NAN;WEB
ARQ;ARQ;DIG;NAN;WEB
ARQ;ARQ;DIG;NAN;WEB
ARQ;ARQ;DIG;NAN;WEB
ARQ;ARQ;DIG;NAN;WEB
ARQ;ARQ;DIG;NAN;WEB
ARQ;ARQ;DIG;NAN;WEB
ARQ;ARQ;DIG;NAN;WEB
ARQ;ARQ;DIG;NAN;NEWSL
ARQ;ARQ;DIG;NAN;NEWSL
ARQ;ARQ;DIG;NAN;NEWSL
ARQ;ARQ;DIG;NAN;NEWSL
ARQ;ARQ;DIG;NAN;NEWSL
ARQ;ARQ;DIG;NAN;NEWSL
ARQ;ARQ;DIG;NAN;NEWSL
ARQ;ARQ;DIG;NAN;NEWSL
ARQ;ARQ;DIG;NAN;RRSS
ARQ;ARQ;DIG;NAN;RRSS
ARQ;ARQ;DIG;NAN;RRSS
ARQ;ARQ;DIG;NAN;RRSS
ARQ;ARQ;EVE;PNAN;PATRO
ARQ;ARQ;EVE;PNAN;PATRO
ARQ;ARQ;EVE;PNAN;PATRO
ARQ;ARQ;EVE;00699;PATRO
ARQ;ARQ;EVE;PNAN;PATRO
ARQ;ARQ;DIG;NAN;EMAIL
ARQ;ARQ;DIG;NAN;EMAIL
ARQ;ARQ;DIG;NAN;EMAIL
ARQ;ARQ;DIG;NAN;EXPDIG
ARQ;ARQ;DIG;NAN;EXPDIG
ARQ;ARQ;DIG;NAN;EXPDIG
ARQ;ARQ;DIG;NAN;EXPDIG
ARQ;ARQ;EVE;ESNAN;PATRO
ARQ;ARQ;EVE;ESNAN;PATRO
ARQ;ARQ;EVE;ESNAN;PATRO
ARQ;ARQ;EVE;ESNAN;PATRO
ARQ;ARQ;EVE;PN-NAN;PATRO
ARQ;ARQ;EVE;PN-NAN;PATRO
DEN;DEN;PRINT;GD;TRAPRO
DEN;DEN;PRINT;GD;PRODU
DEN;DEN;PRINT;GD;TRAPRO
DEN;DEN;PRINT;GD;TRAPRO
DEN;DEN;PRINT;GD;TRAPRO
DEN;DEN;PRINT;GD;PRODU
DEN;DEN;PRINT;GD;ENCAR
DEN;DEN;PRINT;GD;ENCAR
DEN;DEN;PRINT;GD;TRAPRO
DEN;DEN;PRINT;GD;TRAPRO
DEN;DEN;PRINT;GD;PUBPAP
DEN;DEN;PRINT;GD;PUBPAP
DEN;DEN;PRINT;GD;PUBPAP
DEN;DEN;PRINT;GD;PUBPAP
DEN;DEN;PRINT;GD;PUBPAP
DEN;DEN;PRINT;GD;PUBPAP
DEN;DEN;PRINT;GD;PUBPAP
DEN;DEN;PRINT;GD;PUBPAP
DEN;DEN;PRINT;GD;PUBPAP
DEN;DEN;PRINT;GD;PUBPAP
DEN;DEN;PRINT;GD;PUBPAP
DEN;DEN;PRINT;GD;PUBPAP
DEN;DEN;PRINT;GD;PUBPAP
DEN;DEN;PRINT;GD;PUBPAP
DEN;DEN;PRINT;GD;PUBPAP
DEN;DEN;PRINT;GD;PUBPAP
DEN;DEN;PRINT;GD;PUBPAP
DEN;DEN;PRINT;GD;PUBPAP
DEN;DEN;PRINT;GD;PUBPAP
DEN;DEN;PRINT;GD;PUBPAP
DEN;DEN;PRINT;GD;PUBPAP
DEN;DEN;PRINT;GD;PUBPAP
DEN;DEN;PRINT;GD;PUBPAP
DEN;DEN;PRINT;GD;PUBPAP
DEN;DEN;PRINT;GD;PUBPAP
DEN;DEN;PRINT;GD;PUBPAP
DEN;DEN;PRINT;GD;PUBPAP
DEN;DEN;PRINT;GD;PUBPAP
DEN;DEN;PRINT;GD;PUBPAP
DEN;DEN;PRINT;GD;PUBPAP
DEN;DEN;PRINT;GD;PUBPAP
DEN;DEN;PRINT;GD;PUBPAP
DEN;DEN;PRINT;GD;PUBPAP
DEN;DEN;PRINT;GD;PUBPAP
DEN;DEN;PRINT;GD;PUBPAP
DEN;DEN;PRINT;GD;PUBPAP
DEN;DEN;PRINT;GD;PUBPAP
DEN;DEN;PRINT;GD;PUBPAP
DEN;DEN;PRINT;GD;PUBPAP
DEN;DEN;PRINT;GD;PUBPAP
DEN;DEN;PRINT;GD;PUBPAP
DEN;DEN;PRINT;GD;PUBPAP
DEN;DEN;PRINT;GD;PUBPAP
DEN;DEN;PRINT;GD;PUBPAP
DEN;DEN;PRINT;GD;PUBPAP
DEN;DEN;PRINT;GD;PUBPAP
DEN;DEN;PRINT;GD;PUBPAP
DEN;DEN;PRINT;GD;PUBPAP
DEN;DEN;PRINT;GD;PUBPAP
DEN;DEN;PRINT;GD;PUBPAP
DEN;DEN;PRINT;GD;PUBPAP
DEN;DEN;PRINT;GD;PUBPAP
DEN;DEN;PRINT;GD;PUBPAP
DEN;DEN;PRINT;GD;PUBPAP
DEN;DEN;PRINT;GD;PUBPAP
DEN;DEN;PRINT;GD;PUBPAP
DEN;DEN;PRINT;GD;PUBPAP
DEN;DEN;PRINT;GD;PUBPAP
DEN;DEN;PRINT;GD;PUBPAP
DEN;DEN;PRINT;GD;PUBPAP
DEN;DEN;PRINT;GD;PUBPAP
DEN;DEN;PRINT;GD;PUBPAP
DEN;DEN;PRINT;GD;PUBPAP
DEN;DEN;PRINT;GD;PUBPAP
DEN;DEN;PRINT;GD;PUBPAP
DEN;DEN;PRINT;GD;PUBPAP
DEN;DEN;PRINT;GD;PUBPAP
DEN;DEN;PRINT;GD;PUBPAP
DEN;DEN;PRINT;GD;PUBPAP
DEN;DEN;PRINT;GD;PUBPAP
DEN;DEN;PRINT;GD;PUBPAP
DEN;DEN;PRINT;GD;PUBPAP
DEN;DEN;PRINT;GD;PUBPAP
DEN;DEN;PRINT;GD;PUBPAP
DEN;DEN;PRINT;GD;PUBPAP
DEN;DEN;PRINT;GD;PUBPAP
DEN;DEN;PRINT;GD;PUBPAP
DEN;DEN;PRINT;GD;PUBPAP
DEN;DEN;PRINT;GD;PUBPAP
DEN;DEN;PRINT;GD;PUBPAP
DEN;DEN;PRINT;GD;PUBPAP
DEN;DEN;PRINT;GD;PUBPAP
DEN;DEN;PRINT;GD;PUBPAP
DEN;DEN;PRINT;GD;PUBPAP
DEN;DEN;PRINT;GD;PUBPAP
DEN;DEN;PRINT;GD;PUBPAP
DEN;DEN;PRINT;GD;PUBPAP
DEN;DEN;PRINT;GD;PUBPAP
DEN;DEN;PRINT;GD;PUBPAP
DEN;DEN;PRINT;GD;PUBPAP
DEN;DEN;PRINT;GD;PUBPAP
DEN;DEN;PRINT;GD;PUBPAP
DEN;DEN;PRINT;GD;PUBPAP
DEN;DEN;PRINT;GD;PUBPAP
DEN;DEN;PRINT;GD;PUBPAP
DEN;DEN;PRINT;GD;PUBPAP
DEN;DEN;PRINT;GD;PUBPAP
DEN;DEN;PRINT;GD;PUBPAP
DEN;DEN;PRINT;GD;PUBPAP
DEN;DEN;PRINT;GD;PUBPAP
DEN;DEN;PRINT;GD;PUBPAP
DEN;DEN;PRINT;GD;PUBPAP
DEN;DEN;PRINT;GD;PUBPAP
DEN;DEN;PRINT;GD;PUBPAP
DEN;DEN;PRINT;GD;PUBPAP
DEN;DEN;PRINT;GD;PUBPAP
DEN;DEN;PRINT;GD;SUSCR
DEN;DEN;PRINT;GD;SUSCR
DEN;DEN;PRINT;GD;SUSCR
DEN;DEN;PRINT;GD;SUSCR
DEN;DEN;PRINT;GD;VTAEJE
DEN;DEN;PRINT;GD;VTAEJE
DEN;DEN;PRINT;LIBRO;VTAEJE
DEN;DEN;PRINT;LIBRO;VTAEJE
DEN;DEN;DIG;GD;WEB
DEN;DEN;DIG;GD;WEB
DEN;DEN;DIG;GD;WEB
DEN;DEN;DIG;GD;WEB
DEN;DEN;DIG;GD;WEB
DEN;DEN;DIG;GD;WEB
DEN;DEN;DIG;GD;WEB
DEN;DEN;DIG;GD;WEB
DEN;DEN;DIG;GD;WEB
DEN;DEN;DIG;GD;WEB
DEN;DEN;DIG;GD;WEB
DEN;DEN;DIG;GD;WEB
DEN;DEN;DIG;GD;WEB
DEN;DEN;DIG;GD;WEB
DEN;DEN;DIG;GD;WEB
DEN;DEN;DIG;GD;WEB
DEN;DEN;DIG;GD;WEB
DEN;DEN;DIG;GD;WEB
DEN;DEN;DIG;GD;WEB
DEN;DEN;DIG;GD;WEB
DEN;DEN;DIG;GD;WEB
DEN;DEN;DIG;GD;WEB
DEN;DEN;DIG;GD;WEB
DEN;DEN;DIG;GD;WEB
DEN;DEN;DIG;GD;WEB
DEN;DEN;DIG;GD;WEB
DEN;DEN;DIG;GD;WEB
DEN;DEN;DIG;GD;WEB
DEN;DEN;DIG;GD;WEB
DEN;DEN;DIG;GD;WEB
DEN;DEN;DIG;GD;WEB
DEN;DEN;DIG;GD;WEB
DEN;DEN;DIG;GD;WEB
DEN;DEN;DIG;GD;WEB
DEN;DEN;DIG;GD;WEB
DEN;DEN;DIG;GD;WEB
DEN;DEN;DIG;GD;WEB
DEN;DEN;DIG;GD;WEB
DEN;DEN;DIG;GD;WEB
DEN;DEN;DIG;GD;WEB
DEN;DEN;DIG;GD;WEB
DEN;DEN;DIG;GD;WEB
DEN;DEN;PRINT;GD;PUBPAP
DEN;DEN;PRINT;GD;PRODU
DEN;DEN;PRINT;GD;ENCAR
DEN;DEN;PRINT;GD;ENCAR
DEN;DEN;PRINT;GD;ENCAR
DEN;DEN;PRINT;GD;ENCAR
DEN;DEN;PRINT;GD;ENCAR
DEN;DEN;PRINT;GD;ENCAR
DEN;DEN;PRINT;GD;ENCAR
DEN;DEN;PRINT;GD;ENCAR
DEN;DEN;PRINT;GD;ENCAR
DEN;DEN;PRINT;GD;ENCAR
DEN;DEN;PRINT;GD;ENCAR
DEN;DEN;PRINT;GD;ENCAR
DEN;DEN;PRINT;GD;ENCAR
DEN;DEN;PRINT;GD;ENCAR
DEN;DEN;PRINT;GD;ENCAR
DEN;DEN;PRINT;GD;ENCAR
DEN;DEN;PRINT;GD;PUBPAP
DEN;DEN;PRINT;GD;PUBPAP
DEN;DEN;PRINT;GD;ENCAR
DEN;DEN;PRINT;GD;ENCAR
DEN;DEN;PRINT;GD;ENCAR
DEN;DEN;PRINT;GD;ENCAR
DEN;DEN;PRINT;GD;PUBPAP
DEN;DEN;PRINT;GD;PUBPAP
DEN;DEN;PRINT;GD;PUBPAP
DEN;DEN;PRINT;GD;PUBPAP
DEN;DEN;EVE;GD;EVEVAR
DEN;DEN;EVE;GD;EVEVAR
DEN;DEN;EVE;GD;EVEVAR
DEN;DEN;EVE;GD;EVEVAR
DEN;DEN;EVE;GD;EVEVAR
DEN;DEN;EVE;GD;EVEVAR
DEN;DEN;EVE;GD;EVEVAR
DEN;DEN;EVE;GD;EVEVAR
DEN;DEN;EVE;GD;EVEVAR
DEN;DEN;EVE;GD;EVEVAR
DEN;DEN;PRINT;GDF;PUBPAP
DEN;DEN;PRINT;GDF;PUBPAP
DEN;DEN;PRINT;GDF;PUBPAP
DEN;DEN;PRINT;GDF;PUBPAP
DEN;DEN;PRINT;GDF;PUBPAP
DEN;DEN;PRINT;GDF;PUBPAP
DEN;DEN;PRINT;GDF;PUBPAP
DEN;DEN;PRINT;GDF;PUBPAP
DEN;DEN;PRINT;GDF;PUBPAP
DEN;DEN;PRINT;GDF;PUBPAP
DEN;DEN;PRINT;GDF;PUBPAP
DEN;DEN;PRINT;GDF;PUBPAP
DEN;DEN;PRINT;GDF;PUBPAP
DEN;DEN;PRINT;GDF;PUBPAP
DEN;DEN;PRINT;GDF;PUBPAP
DEN;DEN;PRINT;GDF;PUBPAP
DEN;DEN;PRINT;GDF;PUBPAP
DEN;DEN;PRINT;GDF;PUBPAP
DEN;DEN;PRINT;GDF;VTAEJE
DEN;DEN;PRINT;GDF;VTAEJE
DEN;DEN;DIG;GDF;WEB
DEN;DEN;DIG;GDF;WEB
DEN;DEN;DIG;GDF;WEB
DEN;DEN;DIG;GDF;WEB
DEN;DEN;DIG;GD;WEB
DEN;DEN;DIG;GD;WEB
DEN;DEN;DIG;GD;WEB
DEN;DEN;DIG;GD;WEB
DEN;DEN;DIG;GD;WEB
DEN;DEN;DIG;GD;WEB
DEN;DEN;DIG;GD;WEB
DEN;DEN;DIG;GD;WEB
DEN;DEN;DIG;GD;WEB
DEN;DEN;DIG;GD;WEB
DEN;DEN;DIG;GD;WEB
DEN;DEN;DIG;GD;WEB
DEN;DEN;DIG;GD;WEB
DEN;DEN;DIG;GD;WEB
DEN;DEN;DIG;GD;WEB
DEN;DEN;DIG;GD;WEB
DEN;DEN;DIG;GD;WEB
DEN;DEN;DIG;GD;WEB
DEN;DEN;DIG;GD;WEB
DEN;DEN;DIG;GD;WEB
DEN;DEN;DIG;GD;WEB
DEN;DEN;DIG;GD;WEB
DEN;DEN;DIG;GD;WEB
DEN;DEN;DIG;GD;WEB
DEN;DEN;DIG;GD;WEB
DEN;DEN;DIG;GD;WEB
DEN;DEN;DIG;GD;WEB
DEN;DEN;DIG;GD;WEB
DEN;DEN;DIG;GD;WEB
DEN;DEN;DIG;GD;WEB
DEN;DEN;DIG;GD;WEB
DEN;DEN;DIG;GD;WEB
DEN;DEN;DIG;GD;WEB
DEN;DEN;DIG;GD;WEB
DEN;DEN;DIG;GD;WEB
DEN;DEN;DIG;GD;WEB
DEN;DEN;DIG;GD;WEB
DEN;DEN;DIG;GD;WEB
DEN;DEN;DIG;GD;WEB
DEN;DEN;DIG;GD;WEB
DEN;DEN;DIG;GD;WEB
DEN;DEN;DIG;GD;WEB
DEN;DEN;DIG;GD;WEB
DEN;DEN;DIG;GD;WEB
DEN;DEN;DIG;GD;WEB
DEN;DEN;DIG;GD;WEB
DEN;DEN;DIG;GD;WEB
DEN;DEN;DIG;GD;WEB
DEN;DEN;DIG;GD;WEB
DEN;DEN;DIG;GD;WEB
DEN;DEN;DIG;GD;WEB
DEN;DEN;DIG;GD;WEB
DEN;DEN;DIG;GD;WEB
DEN;DEN;DIG;GD;WEB
DEN;DEN;DIG;GD;WEB
DEN;DEN;DIG;GD;WEB
DEN;DEN;DIG;GD;WEB
DEN;DEN;DIG;GD;WEB
DEN;DEN;DIG;GD;WEB
DEN;DEN;DIG;GD;WEB
DEN;DEN;DIG;GD;WEB
DEN;DEN;DIG;GD;WEB
DEN;DEN;DIG;GD;WEB
DEN;DEN;DIG;GD;WEB
DEN;DEN;DIG;GD;WEB
DEN;DEN;DIG;GD;WEB
DEN;DEN;DIG;GD;WEB
DEN;DEN;DIG;GD;WEB
DEN;DEN;DIG;GD;WEB
DEN;DEN;DIG;GD;WEB
DEN;DEN;DIG;GD;WEB
DEN;DEN;DIG;GD;WEB
DEN;DEN;DIG;GD;WEB
DEN;DEN;DIG;GD;WEB
DEN;DEN;DIG;GD;WEB
DEN;DEN;DIG;GD;WEB
DEN;DEN;DIG;GD;WEB
DEN;DEN;DIG;GD;WEB
DEN;DEN;DIG;GD;WEB
DEN;DEN;DIG;GD;WEB
DEN;DEN;DIG;GD;WEB
DEN;DEN;DIG;GD;WEB
DEN;DEN;DIG;GD;WEB
DEN;DEN;DIG;GD;WEB
DEN;DEN;DIG;GD;WEB
DEN;DEN;DIG;GD;WEB
DEN;DEN;DIG;GD;WEB
DEN;DEN;DIG;GD;WEB
DEN;DEN;DIG;GD;WEB
DEN;DEN;DIG;GD;WEB
DEN;DEN;DIG;GD;RRSS
DEN;DEN;DIG;GD;RRSS
DEN;DEN;DIG;GD;WEB
DEN;DEN;DIG;GD;WEB
DEN;DEN;DIG;GD;WEB
DEN;DEN;DIG;GD;WEB
DEN;DEN;DIG;GD;WEB
DEN;DEN;DIG;GD;WEB
DEN;DEN;DIG;GD;WEB
DEN;DEN;DIG;GD;WEB
DEN;DEN;DIG;GD;WEB
DEN;DEN;DIG;GD;WEB
DEN;DEN;DIG;GD;WEB
DEN;DEN;DIG;GD;WEB
DEN;DEN;DIG;GD;WEB
DEN;DEN;DIG;GD;WEB
DEN;DEN;DIG;GD;WEB
DEN;DEN;DIG;GD;WEB
DEN;DEN;DIG;GD;WEB
DEN;DEN;DIG;GD;WEB
DEN;DEN;DIG;DNEWS;WEB
DEN;DEN;DIG;GD;WEB
DEN;DEN;DIG;GD;WEB
DEN;DEN;DIG;GD;WEB
DEN;DEN;DIG;GD;WEB
DEN;DEN;DIG;GD;WEB
DEN;DEN;DIG;GD;WEB
DEN;DEN;DIG;GD;WEB
DEN;DEN;DIG;GD;WEB
DEN;DEN;DIG;GD;WEB
DEN;DEN;DIG;GD;NEWSL
DEN;DEN;DIG;GD;NEWSL
DEN;DEN;DIG;GD;WEB
DEN;DEN;DIG;GD;WEB
DEN;DEN;DIG;GD;WEB
DEN;DEN;DIG;GD;WEB
DEN;DEN;DIG;GD;NEWSL
DEN;DEN;DIG;GD;NEWSL
DEN;DEN;DIG;GD;WEB
DEN;DEN;DIG;GD;WEB
DEN;DEN;DIG;GD;WEB
DEN;DEN;DIG;GD;WEB
DEN;DEN;DIG;GD;WEB
DEN;DEN;DIG;GD;WEB
DEN;DEN;DIG;GD;WEB
DEN;DEN;DIG;GD;WEB
DEN;DEN;DIG;GD;NEWSL
DEN;DEN;DIG;GD;NEWSL
DEN;DEN;DIG;GD;NEWSL
DEN;DEN;DIG;GD;NEWSL
DEN;DEN;DIG;GD;NEWSL
DEN;DEN;DIG;GD;NEWSL
DEN;DEN;DIG;GD;NEWSL
DEN;DEN;DIG;GD;NEWSL
DEN;DEN;DIG;GD;NEWSL
DEN;DEN;DIG;GD;RRSS
DEN;DEN;DIG;GD;RRSS
DEN;DEN;DIG;GD;RRSS
DEN;DEN;DIG;GD;RRSS
DEN;DEN;DIG;GD;RRSS
DEN;DEN;DIG;GD;RRSS
DEN;DEN;DIG;GD;RRSS
DEN;DEN;DIG;GD;RRSS
DEN;DEN;DIG;GD;RRSS
DEN;DEN;DIG;GD;RRSS
DEN;DEN;DIG;GD;RRSS
DEN;DEN;DIG;GD;RRSS
DEN;DEN;DIG;GD;RRSS
DEN;DEN;DIG;GD;RRSS
DEN;DEN;DIG;GD;RRSS
DEN;DEN;DIG;GD;RRSS
DEN;DEN;DIG;GD;RRSS
DEN;DEN;DIG;GD;RRSS
DEN;DEN;DIG;GD;RRSS
DEN;DEN;DIG;GD;RRSS
DEN;DEN;DIG;GD;RRSS
DEN;DEN;DIG;GD;RRSS
DEN;DEN;DIG;GD;RRSS
DEN;DEN;DIG;GD;RRSS
DEN;DEN;DIG;GD;RRSS
DEN;DEN;DIG;GD;RRSS
DEN;DEN;DIG;GD;RRSS
DEN;DEN;DIG;GD;RRSS
DEN;DEN;DIG;07127;RRSS
DEN;DEN;DIG;07127;RRSS
DEN;DEN;DIG;GD;RRSS
DEN;DEN;DIG;07127;RRSS
DEN;DEN;DIG;GD;RRSS
DEN;DEN;DIG;GD;RRSS
DEN;DEN;PRINT;GD;MAIPOS
DEN;DEN;PRINT;GD;MAIPOS
DEN;DEN;DIG;GD;EMAIL
DEN;DEN;DIG;GD;EMAIL
DEN;DEN;DIG;GD;RRSS
DEN;DEN;DIG;GD;RRSS
DEN;DEN;DIG;GD;EMAIL
DEN;DEN;DIG;GD;EMAIL
DEN;DEN;PRINT;GD;ENCAR
DEN;DEN;PRINT;GD;ENCAR
DEN;DEN;EVE;PGD;PATRO
DEN;DEN;EVE;PGD;PATRO
DEN;DEN;EVE;EVEVAR;PATRO
DEN;DEN;EVE;EVEVAR;PATRO
DEN;DEN;EVE;EVEVAR;PATRO
DEN;DEN;EVE;EVEVAR;PATRO
DEN;DEN;DIG;GD;APP
DEN;DEN;DIG;GD;APP
DEN;DEN;PRINT;GD;PUBPAP
DEN;DEN;EVE;PGD;PATRO
DEN;DEN;EVE;EVEVAR;PATRO
DEN;DEN;EVE;EVEVAR;PATRO
DEN;DEN;PRINT;GD;PUBPAP
DEN;DEN;EVE;PGD;PATRO
DEN;DEN;PRINT;GD;PUBPAP
DEN;DEN;EVE;PGD;PATRO
DEN;DEN;EVE;PGD;PATRO
DEN;DEN;EVE;PGD;PATRO
DEN;DEN;EVE;PGD;PATRO
DEN;DEN;EVE;PGD;PATRO
DEN;DEN;PRINT;GD;PUBPAP
DEN;DEN;EVE;PGD;PATRO
DEN;DEN;EVE;PGD;PATRO
DEN;DEN;EVE;DESGD;PATRO
DEN;DEN;PRINT;GD;GVISIT
DEN;DEN;PRINT;GD;GVISIT
DEN;DEN;PRINT;GD;OTROS
DEN;DEN;PRINT;GD;OTROS
DEN;DEN;PRINT;GD;GVISIT
DEN;DEN;PRINT;GD;GVISIT
DEN;DEN;PRINT;GDEXPO;PUBPAP
DEN;DEN;PRINT;GDEXPO;PUBPAP
DEN;DEN;PRINT;GDEXPO;OTROS
DEN;DEN;PRINT;GDEXPO;OTROS
DEN;DEN;PRINT;GDEXPO;PUBPAP
DEN;DEN;PRINT;GDEXPO;PUBPAP
DEN;DEN;PRINT;GDEXPO;PUBPAP
DEN;DEN;PRINT;GDEXPO;PUBPAP
DEN;DEN;PRINT;GDEXPO;PUBPAP
DEN;DEN;PRINT;GDEXPO;PUBPAP
DEN;DEN;PRINT;GDEXPO;PUBPAP
DEN;DEN;PRINT;GDEXPO;PUBPAP
DEN;DEN;PRINT;GDEXPO;PUBPAP
DEN;DEN;PRINT;GDEXPO;PUBPAP
DEN;DEN;DIG;GD;EMAIL
DEN;DEN;DIG;GD;EMAIL
DEN;DEN;DIG;GD;EMAIL
DEN;DEN;DIG;GD;EMAIL
DEN;DEN;DIG;GD;EMAIL
DEN;DEN;DIG;GD;EMAIL
DEN;DEN;DIG;GD;EMAIL
DEN;DEN;DIG;GD;EMAIL
DEN;DEN;DIG;GD;EMAIL
DEN;DEN;DIG;GD;EMAIL
DEN;DEN;DIG;GD;EMAIL
DEN;DEN;DIG;GD;EMAIL
DEN;DEN;DIG;DNEWS;GESMAIL
DEN;DEN;PRINT;GD;MAIPOS
DEN;DEN;PRINT;GD;MAIPOS
DEN;DEN;PRINT;GD;MAIPOS
DEN;DEN;PRINT;GD;MAIPOS
DEN;DEN;EVE;PGD;PATRO
DEN;DEN;EVE;PGD;PATRO
DEN;DEN;EVE;DESGD;PATRO
DEN;DEN;EVE;DESCSEG;PATRO
DEN;DEN;EVE;DESGD;PATRO
DEN;DEN;EVE;DESCSEG;PATRO
DEN;DEN;EVE;GD;EVEVAR
DEN;DEN;EVE;GD;EVEVAR
DEN;DEN;EVE;PN-DF;PATRO
DEN;DEN;EVE;PN-DF;PATRO
DEN;DEN;EVE;PGD;PATRO
DEN;DEN;EVE;PGD;PATRO
DEN;DEN;EVE;PGD;PATRO
DEN;DEN;DIG;GD;REMKT
DEN;DEN;DIG;GD;REMKT
DEN;DEN;DIG;GD;REMKT
DEN;DEN;DIG;GD;REMKT
DEN;DEN;DIG;GD;REMKT
DEN;DEN;DIG;GD;REMKT
DEN;DEN;DIG;GD;REMKT
DEN;DEN;DIG;GD;REMKT
DEN;DEN;DIG;GD;EXPDIG
DEN;DEN;DIG;GD;EXPDIG
DEN;DEN;DIG;GD;EXPDIG
DEN;DEN;DIG;GD;EXPDIG
DEN;DEN;DIG;GD;EXPDIG
DEN;DEN;DIG;GD;EXPDIG
DEN;DEN;DIG;GD;EXPDIG
DEN;DEN;DIG;GD;EXPDIG
DEN;DEN;PRINT;LIBRO;PATRO
DEN;DEN;PRINT;LIBRO;PATRO
DEN;DEN;PRINT;LIBRO;TRAPRO
DEN;DEN;PRINT;LIBRO;TRAPRO
DEP;DEP;PRINT;DS;PUBPAP
DEP;DEP;PRINT;DS;PUBPAP
DEP;DEP;PRINT;DS;PUBPAP
DEP;DEP;PRINT;DS;PUBPAP
DEP;DEP;PRINT;DS;PUBPAP
DEP;DEP;PRINT;DS;PUBPAP
DEP;DEP;PRINT;DS;PUBPAP
DEP;DEP;PRINT;DS;PUBPAP
DEP;DEP;PRINT;DS;PUBPAP
DEP;DEP;PRINT;DS;PUBPAP
DEP;DEP;PRINT;DS;PUBPAP
DEP;DEP;PRINT;DS;PUBPAP
DEP;DEP;PRINT;DS;PUBPAP
DEP;DEP;PRINT;DS;PUBPAP
DEP;DEP;PRINT;DS;PUBPAP
DEP;DEP;PRINT;DS;PUBPAP
DEP;DEP;PRINT;DS;PUBPAP
DEP;DEP;PRINT;DS;PUBPAP
DEP;DEP;PRINT;DS;PUBPAP
DEP;DEP;PRINT;DS;PUBPAP
DEP;DEP;PRINT;DS;PUBPAP
DEP;DEP;PRINT;DS;PUBPAP
DEP;DEP;PRINT;DS;PUBPAP
DEP;DEP;PRINT;DS;PUBPAP
DEP;DEP;PRINT;DS;PUBPAP
DEP;DEP;PRINT;DS;PUBPAP
DEP;DEP;PRINT;DS;PUBPAP
DEP;DEP;PRINT;DS;PUBPAP
DEP;DEP;PRINT;DS;PUBPAP
DEP;DEP;PRINT;DS;PUBPAP
DEP;DEP;PRINT;DS;PUBPAP
DEP;DEP;PRINT;DS;PUBPAP
DEP;DEP;PRINT;DS;PUBPAP
DEP;DEP;PRINT;DS;PUBPAP
DEP;DEP;PRINT;DS;PUBPAP
DEP;DEP;PRINT;DS;PUBPAP
DEP;DEP;PRINT;DS;PUBPAP
DEP;DEP;PRINT;DS;PUBPAP
DEP;DEP;PRINT;DS;PUBPAP
DEP;DEP;PRINT;DS;PUBPAP
DEP;DEP;PRINT;DS;PUBPAP
DEP;DEP;PRINT;DS;PUBPAP
DEP;DEP;PRINT;DS;PUBPAP
DEP;DEP;PRINT;DS;PUBPAP
DEP;DEP;PRINT;DS;PUBPAP
DEP;DEP;PRINT;DS;PUBPAP
DEP;DEP;PRINT;DS;PUBPAP
DEP;DEP;PRINT;DS;PUBPAP
DEP;DEP;PRINT;DS;PUBPAP
DEP;DEP;PRINT;DS;PUBPAP
DEP;DEP;PRINT;DS;PUBPAP
DEP;DEP;PRINT;DS;PUBPAP
DEP;DEP;PRINT;DS;ENCAR
DEP;DEP;PRINT;DS;ENCAR
DEP;DEP;PRINT;DS;PUBPAP
DEP;DEP;PRINT;DS;PUBPAP
DEP;DEP;PRINT;DS;PUBPAP
DEP;DEP;PRINT;DS;PUBPAP
DEP;DEP;PRINT;DS;PUBPAP
DEP;DEP;PRINT;DS;PUBPAP
DEP;DEP;PRINT;DS;PUBPAP
DEP;DEP;PRINT;DS;PUBPAP
DEP;DEP;PRINT;DS;PUBPAP
DEP;DEP;PRINT;DS;PUBPAP
DEP;DEP;PRINT;DS;PUBPAP
DEP;DEP;PRINT;DS;PUBPAP
DEP;DEP;PRINT;DS;PUBPAP
DEP;DEP;PRINT;DS;PUBPAP
DEP;DEP;PRINT;DS;PUBPAP
DEP;DEP;PRINT;DS;PUBPAP
DEP;DEP;PRINT;DS;PUBPAP
DEP;DEP;PRINT;DS;PUBPAP
DEP;DEP;PRINT;DS;PUBPAP
DEP;DEP;PRINT;DS;PUBPAP
DEP;DEP;PRINT;DS;PUBPAP
DEP;DEP;PRINT;DS;PUBPAP
DEP;DEP;PRINT;DS;PUBPAP
DEP;DEP;PRINT;DS;PUBPAP
DEP;DEP;PRINT;DS;PUBPAP
DEP;DEP;PRINT;DS;PUBPAP
DEP;DEP;PRINT;DS;PUBPAP
DEP;DEP;PRINT;DS;PUBPAP
DEP;DEP;PRINT;DS;PUBPAP
DEP;DEP;PRINT;DS;PUBPAP
DEP;DEP;PRINT;DS;PUBPAP
DEP;DEP;PRINT;DS;PUBPAP
DEP;DEP;PRINT;DS;SUSCR
DEP;DEP;PRINT;DS;SUSCR
DEP;DEP;PRINT;DS;VTAEJE
DEP;DEP;PRINT;DS;VTAEJE
DEP;DEP;PRINT;GUIADS;PUBPAP
DEP;DEP;PRINT;GUIADS;PUBPAP
DEP;DEP;PRINT;GUIADS;PUBPAP
DEP;DEP;PRINT;GUIADS;PUBPAP
DEP;DEP;PRINT;GUIADS;PUBPAP
DEP;DEP;PRINT;GUIADS;PUBPAP
DEP;DEP;PRINT;GUIADS;PUBPAP
DEP;DEP;PRINT;GUIADS;PUBPAP
DEP;DEP;PRINT;AGEN;PUBPAP
DEP;DEP;PRINT;AGEN;PUBPAP
DEP;DEP;PRINT;AGEN;PUBPAP
DEP;DEP;PRINT;AGEN;PUBPAP
DEP;DEP;PRINT;AGEN;PUBPAP
DEP;DEP;PRINT;AGEN;PUBPAP
DEP;DEP;PRINT;AGEN;PUBPAP
DEP;DEP;PRINT;AGEN;PUBPAP
DEP;DEP;PRINT;AGEN;PUBPAP
DEP;DEP;PRINT;AGEN;PUBPAP
DEP;DEP;PRINT;AGEN;PUBPAP
DEP;DEP;PRINT;AGEN;PUBPAP
DEP;DEP;PRINT;AGEN;PUBPAP
DEP;DEP;PRINT;AGEN;PUBPAP
DEP;DEP;PRINT;AGEN;PUBPAP
DEP;DEP;PRINT;AGEN;PUBPAP
DEP;DEP;PRINT;AGEN;PUBPAP
DEP;DEP;PRINT;AGEN;PUBPAP
DEP;DEP;DIG;DS;WEB
DEP;DEP;DIG;DS;WEB
DEP;DEP;DIG;DS;WEB
DEP;DEP;DIG;DS;WEB
DEP;DEP;DIG;DS;WEB
DEP;DEP;DIG;DS;WEB
DEP;DEP;DIG;DS;WEB
DEP;DEP;DIG;DS;WEB
DEP;DEP;DIG;DS;WEB
DEP;DEP;DIG;DS;WEB
DEP;DEP;DIG;DS;WEB
DEP;DEP;DIG;DS;WEB
DEP;DEP;DIG;DS;WEB
DEP;DEP;DIG;DS;WEB
DEP;DEP;DIG;DS;WEB
DEP;DEP;DIG;DS;WEB
DEP;DEP;DIG;DS;WEB
DEP;DEP;DIG;DS;WEB
DEP;DEP;DIG;DS;WEB
DEP;DEP;DIG;DS;WEB
DEP;DEP;DIG;DS;WEB
DEP;DEP;DIG;DS;WEB
DEP;DEP;DIG;DS;WEB
DEP;DEP;DIG;DS;WEB
DEP;DEP;DIG;DS;WEB
DEP;DEP;DIG;DS;WEB
DEP;DEP;DIG;DS;WEB
DEP;DEP;DIG;DS;WEB
DEP;DEP;DIG;DS;WEB
DEP;DEP;DIG;DS;WEB
DEP;DEP;DIG;DS;WEB
DEP;DEP;DIG;DS;NEWSL
DEP;DEP;DIG;DS;NEWSL
DEP;DEP;DIG;DS;NEWSL
DEP;DEP;DIG;DS;NEWSL
DEP;DEP;DIG;DS;NEWSL
DEP;DEP;DIG;DS;NEWSL
DEP;DEP;DIG;DS;NEWSL
DEP;DEP;DIG;DS;NEWSL
DEP;DEP;DIG;DS;NEWSL
DEP;DEP;DIG;DS;NEWSL
DEP;DEP;DIG;DS;NEWSL
DEP;DEP;DIG;DS;NEWSL
DEP;DEP;DIG;DS;NEWSL
DEP;DEP;DIG;DS;NEWSL
DEP;DEP;DIG;DS;NEWSL
DEP;DEP;DIG;DS;NEWSL
DEP;DEP;DIG;DS;NEWSL
DEP;DEP;DIG;DS;NEWSL
DEP;DEP;DIG;DS;NEWSL
DEP;DEP;DIG;DS;NEWSL
DEP;DEP;DIG;DS;NEWSL
DEP;DEP;DIG;DS;NEWSL
DEP;DEP;DIG;DS;NEWSL
DEP;DEP;DIG;DS;NEWSL
DEP;DEP;DIG;DS;RRSS
DEP;DEP;DIG;DS;RRSS
DEP;DEP;DIG;DS;RRSS
DEP;DEP;DIG;DS;RRSS
DEP;DEP;DIG;DS;RRSS
DEP;DEP;DIG;DS;RRSS
DEP;DEP;DIG;DS;RRSS
DEP;DEP;DIG;DS;RRSS
DEP;DEP;DIG;DS;RRSS
DEP;DEP;DIG;DS;RRSS
DEP;DEP;DIG;DS;EMAIL
DEP;DEP;DIG;DS;EMAIL
DEP;DEP;DIG;DS;EMAIL
DEP;DEP;DIG;DS;EMAIL
DEP;DEP;PRINT;DS;ENCAR
DEP;DEP;PRINT;DS;ENCAR
DEP;DEP;EVE;DS;EVEVAR
DEP;DEP;EVE;DS;EVEVAR
DEP;DEP;GEN;DS;OTROS
DEP;DEP;GEN;DS;OTROS
DEP;DEP;GEN;DS;OTROS
DEP;DEP;GEN;DS;OTROS
DEP;DEP;GEN;DS;OTROS
DEP;DEP;GEN;DS;OTROS
DEP;DEP;DIG;DS;EMAIL
DEP;DEP;DIG;DS;EMAIL
DEP;DEP;DIG;DS;EMAIL
DEP;DEP;DIG;DS;EMAIL
DEP;DEP;DIG;DS;EMAIL
DEP;DEP;DIG;DS;EMAIL
DEP;DEP;DIG;DS;EMAIL
DEP;DEP;DIG;DS;EMAIL
DEP;DEP;DIG;DS;EMAIL
DEP;DEP;PRINT;DS;MAIPOS
DEP;DEP;PRINT;DS;MAIPOS
DEP;DEP;EVE;DS;EVEVAR
DEP;DEP;EVE;DS;EVEVAR
DEP;DEP;EVE;DS;EVEVAR
DEP;DEP;EVE;DS;EVEVAR
DEP;DEP;EVE;DS;EVEVAR
DEP;DEP;EVE;DS;EVEVAR
DEP;DEP;EVE;PN-SPF;PATRO
DEP;DEP;EVE;PN-SF;PATRO
DEP;DEP;EVE;PN-SF;PATRO
DEP;DEP;EVE;PN-SF;PATRO
DEP;DEP;EVE;PN-SF;PATRO
DEP;DEP;EVE;PN-SF;PATRO
DEP;DEP;EVE;PN-SF;PATRO
DEP;DEP;EVE;PN-SF;PATRO
DEP;DEP;DIG;DS;REMKT
DEP;DEP;DIG;DS;REMKT
DEP;DEP;DIG;DS;REMKT
DEP;DEP;DIG;DS;REMKT
DEP;DEP;DIG;DS;REMKT
DEP;DEP;DIG;DS;REMKT
DEP;DEP;DIG;DS;EXPDIG
DEP;DEP;DIG;DS;EXPDIG
DEP;DEP;DIG;DS;EXPDIG
DEP;DEP;DIG;DS;EXPDIG
DEP;DEP;DIG;DS;EXPDIG
DEP;DEP;DIG;DS;EXPDIG
DEP;DEP;DIG;DS;EXPDIG
DEP;DEP;DIG;DS;EXPDIG
DEP;DEP;DIG;DS;EXPDIG
DEP;DEP;DIG;DS;EXPDIG
DEP;DEP;EVE;ANIDS;PATRO
DEP;DEP;EVE;ANIDS;GEN
DEP;DEP;EVE;ANIDS;GEN
DEP;DEP;EVE;ANIDS;PATRO
CON;CON;PRINT;CCH;PUBPAP
CON;CON;PRINT;CCH;PUBPAP
CON;CON;PRINT;CCH;PUBPAP
CON;CON;PRINT;CCH;PUBPAP
CON;CON;PRINT;CCH;PUBPAP
CON;CON;PRINT;CCH;PUBPAP
CON;CON;PRINT;CCH;PUBPAP
CON;CON;PRINT;CCH;PUBPAP
CON;CON;PRINT;CCH;PUBPAP
CON;CON;PRINT;CCH;PUBPAP
CON;CON;PRINT;CCH;PUBPAP
CON;CON;PRINT;CCH;PUBPAP
CON;CON;PRINT;CCH;PUBPAP
CON;CON;PRINT;CCH;PUBPAP
CON;CON;PRINT;CCH;PUBPAP
CON;CON;PRINT;CCH;PUBPAP
CON;CON;PRINT;CCH;PUBPAP
CON;CON;PRINT;CCH;PUBPAP
CON;CON;PRINT;CCH;PUBPAP
CON;CON;PRINT;CCH;PUBPAP
CON;CON;PRINT;CCH;PUBPAP
CON;CON;PRINT;CCH;PUBPAP
CON;CON;PRINT;CCH;PUBPAP
CON;CON;PRINT;CCH;PUBPAP
CON;CON;PRINT;CCH;PUBPAP
CON;CON;PRINT;CCH;PUBPAP
CON;CON;PRINT;CCH;PUBPAP
CON;CON;PRINT;CCH;PUBPAP
CON;CON;PRINT;CCH;PUBPAP
CON;CON;PRINT;CCH;PUBPAP
CON;CON;PRINT;CCH;PUBPAP
CON;CON;PRINT;CCH;PUBPAP
CON;CON;PRINT;CCH;PUBPAP
CON;CON;PRINT;CCH;PUBPAP
CON;CON;PRINT;CCH;PUBPAP
CON;CON;PRINT;CCH;PUBPAP
CON;CON;PRINT;CCH;PUBPAP
CON;CON;PRINT;CCH;PUBPAP
CON;CON;PRINT;CCH;PUBPAP
CON;CON;PRINT;CCH;PUBPAP
CON;CON;PRINT;CCH;PUBPAP
CON;CON;PRINT;CCH;PUBPAP
CON;CON;PRINT;CCH;PUBPAP
CON;CON;PRINT;CCH;PUBPAP
CON;CON;PRINT;CCH;PUBPAP
CON;CON;PRINT;CCH;PUBPAP
CON;CON;PRINT;CCH;PUBPAP
CON;CON;PRINT;CCH;PUBPAP
CON;CON;PRINT;CCH;PUBPAP
CON;CON;PRINT;CCH;PUBPAP
CON;CON;PRINT;CCH;PUBPAP
CON;CON;PRINT;CCH;PUBPAP
CON;CON;PRINT;CCH;PUBPAP
CON;CON;PRINT;CCH;PUBPAP
CON;CON;PRINT;CCH;PUBPAP
CON;CON;PRINT;CCH;PUBPAP
CON;CON;PRINT;CCH;PUBPAP
CON;CON;PRINT;CCH;PUBPAP
CON;CON;PRINT;CCH;PUBPAP
CON;CON;PRINT;CCH;PUBPAP
CON;CON;PRINT;CCH;PUBPAP
CON;CON;PRINT;CCH;SUSCR
CON;CON;PRINT;CCH;SUSCR
CON;CON;PRINT;CCH;EJEMPL
CON;CON;PRINT;CCH;EJEMPL
CON;CON;DIG;CCH;WEB
CON;CON;DIG;CCH;WEB
CON;CON;DIG;CCH;WEB
CON;CON;DIG;CCH;WEB
CON;CON;DIG;CCH;WEB
CON;CON;DIG;CCH;WEB
CON;CON;DIG;CCH;WEB
CON;CON;DIG;CCH;WEB
CON;CON;DIG;CCH;WEB
CON;CON;DIG;CCH;WEB
CON;CON;DIG;CCH;NEWSL
CON;CON;DIG;CCH;NEWSL
CON;CON;DIG;CCH;NEWSL
CON;CON;DIG;CCH;NEWSL
CON;CON;PRINT;CCH;ENCAR
CON;CON;PRINT;CCH;ENCAR
CON;CON;PRINT;CCH;ENCAR
CON;CON;PRINT;CCH;ENCAR
CON;CON;EVE;PCCA;PATRO
CON;CON;EVE;PCCA;PATRO
CON;CON;EVE;PCCA;PATRO
CON;CON;EVE;PCCA;PATRO
CON;CON;EVE;PCCA;PATRO
CON;CON;EVE;PCCA;PATRO
CON;CON;EVE;PCCA;PATRO
CON;CON;EVE;PCCA;PATRO
CON;CON;EVE;PCCA;ENTRAD
CON;CON;EVE;PCCA;ENTRAD
CON;CON;EVE;PCCA;PATRO
CON;CON;EVE;PCCA;PATRO
CON;CON;EVE;PCCA;PATRO
CON;CON;EVE;PCCA;PATRO
CON;CON;EVE;PCCA;PATRO
CON;CON;EVE;PCCA;PATRO
CON;CON;EVE;PCCA;PATRO
CON;CON;EVE;PCCA;PATRO
CON;CON;EVE;PCCA;PATRO
CON;CON;EVE;PCCA;PATRO
CON;CON;EVE;PCCA;PATRO
CON;CON;EVE;PCCA;PATRO
CON;CON;EVE;PCCA;PATRO
CON;CON;EVE;PCCA;PATRO
CON;CON;EVE;PCCA;PATRO
CON;CON;EVE;PCCA;PATRO
CON;CON;EVE;PCCA;PATRO
CON;CON;EVE;PCCA;PATRO
CON;CON;EVE;PCCA;PATRO
CON;CON;EVE;PCCA;PATRO
CON;CON;EVE;PCCA;PATRO
CON;CON;EVE;PCCA;PATRO
CON;CON;EVE;PCCA;PATRO
CON;CON;EVE;PCCA;PATRO
CON;CON;EVE;PCCA;PATRO
CON;CON;EVE;PCCA;PATRO
CON;CON;EVE;PCCA;PATRO
CON;CON;EVE;PCCA;PATRO
CON;CON;EVE;PCCA;PATRO
CON;CON;EVE;PCCA;PATRO
CON;CON;EVE;PCCA;PATRO
CON;CON;EVE;PCCA;PATRO
CON;CON;EVE;PCCA;PATRO
CON;CON;EVE;PCCA;PATRO
CON;CON;EVE;PCCA;PATRO
CON;CON;EVE;PCCA;PATRO
CON;CON;EVE;PCCA;PATRO
CON;CON;EVE;PCCA;PATRO
CON;CON;EVE;PCCA;PATRO
CON;CON;EVE;PCCA;PATRO
CON;CON;EVE;PCCA;PATRO
CON;CON;EVE;PCCA;PATRO
CON;CON;EVE;PCCA;PATRO
CON;CON;EVE;PCCA;PATRO
CON;CON;EVE;PCCA;PATRO
CON;CON;EVE;PCCA;PATRO
CON;CON;EVE;PCCA;CLUB
CON;CON;EVE;BUSMET;PATRO
CON;CON;EVE;BUSMET;PATRO
CON;CON;EVE;BUSMET;PATRO
CON;CON;EVE;BUSMET;PATRO
CON;CON;EVE;BUSMET;PATRO
CON;CON;EVE;BUSMET;PATRO
CON;CON;EVE;BUSMET;PATRO
CON;CON;EVE;BUSMET;PATRO
CON;CON;EVE;BUSMET;PATRO
CON;CON;EVE;BUSMET;PATRO
CON;CON;EVE;BUSMET;PATRO
CON;CON;EVE;BUSMET;PATRO
CON;CON;EVE;BUSMET;PATRO
CON;CON;EVE;BUSMET;PATRO
CON;CON;EVE;BUSMET;PATRO
CON;CON;EVE;BUSMET;PATRO
CON;CON;EVE;BUSMET;PATRO
CON;CON;EVE;BUSMET;PATRO
CON;CON;EVE;BUSMET;PATRO
CON;CON;EVE;BUSMET;PATRO
CON;CON;EVE;BUSMET;PATRO
CON;CON;EVE;BUSMET;PATRO
CON;CON;EVE;BUSMET;PATRO
CON;CON;EVE;BUSMET;PATRO
CON;CON;EVE;BUSDAT;PATRO
CON;CON;EVE;EVEPRESEN;PATRO
CON;CON;EVE;PCCA;CLUB
CON;CON;EVE;PCCA;CLUB
CON;CON;EVE;PCCA;CLUB
CON;CON;EVE;PCCA;CLUB
CON;CON;EVE;PCCA;CLUB
CON;CON;DIG;CCH;EMAIL
CON;CON;DIG;CCH;EMAIL
CON;CON;PRINT;CCH;OTROS
CON;CON;PRINT;CCH;OTROS
CON;CON;PRINT;CCH;OTROS
CON;CON;PRINT;CCH;OTROS
CON;CON;PRINT;CCH;ENCAR
CON;CON;PRINT;CCH;ENCAR
CON;CON;PRINT;CCH;TRAPRO
CON;CON;PRINT;CCH;TRAPRO
CON;CON;DIG;CCH;EMAIL
CON;CON;DIG;CCH;EMAIL
CON;CON;DIG;CCH;EMAIL
CON;CON;DIG;CCH;EMAIL
CON;CON;DIG;CCH;EMAIL
CON;CON;DIG;CCH;EMAIL
CON;CON;DIG;CCH;EMAIL
CON;CON;DIG;CCH;WEB
CON;CON;DIG;CCH;WEB
CON;CON;DIG;CCH;WEB
CON;CON;DIG;CCH;WEB
CON;CON;DIG;CCH;WEB
CON;CON;DIG;CCH;WEB
CON;CON;DIG;CCH;RRSS
CON;CON;DIG;CCH;RRSS
CON;CON;DIG;CCH;WEB
CON;CON;DIG;CCH;WEB
CON;CON;DIG;CCH;WEB
CON;CON;DIG;CCH;WEB
CON;CON;DIG;CCH;WEB
CON;CON;DIG;CCH;WEB
CON;CON;DIG;CCH;WEB
CON;CON;DIG;CCH;WEB
CON;CON;DIG;CCH;RRSS
CON;CON;DIG;CCH;RRSS
CON;CON;DIG;CCH;WEB
CON;CON;DIG;CCH;WEB
CON;CON;DIG;CCH;WEB
CON;CON;DIG;CCH;WEB
CON;CON;DIG;CCH;WEB
CON;CON;DIG;CCH;WEB
CON;CON;DIG;CCH;WEB
CON;CON;DIG;CCH;WEB
CON;CON;DIG;CCH;WEB
CON;CON;DIG;CCH;WEB
CON;CON;DIG;CCH;WEB
CON;CON;DIG;CCH;WEB
CON;CON;DIG;CCH;WEB
CON;CON;DIG;CCH;WEB
CON;CON;DIG;CCH;WEB
CON;CON;DIG;CCH;WEB
CON;CON;DIG;CCH;WEB
CON;CON;DIG;CCH;WEB
CON;CON;DIG;CCH;WEB
CON;CON;DIG;CCH;WEB
CON;CON;DIG;CCH;WEB
CON;CON;DIG;CCH;WEB
CON;CON;DIG;CCH;WEB
CON;CON;DIG;CCH;WEB
CON;CON;DIG;CCH;WEB
CON;CON;DIG;CCH;WEB
CON;CON;DIG;CCH;WEB
CON;CON;DIG;CCH;WEB
CON;CON;DIG;CCH;WEB
CON;CON;DIG;CCH;WEB
CON;CON;DIG;CCH;PUBPAP
CON;CON;DIG;CCH;PUBPAP
CON;CON;DIG;CCH;WEB
CON;CON;DIG;CCH;WEB
CON;CON;DIG;PCCA;CLUB
CON;CON;DIG;CCH;WEB
CON;CON;DIG;CCH;WEB
CON;CON;DIG;CCH;NEWSL
CON;CON;DIG;CCH;NEWSL
CON;CON;DIG;CCH;NEWSL
CON;CON;DIG;CCH;NEWSL
CON;CON;DIG;CCH;NEWSL
CON;CON;DIG;CCH;NEWSL
CON;CON;DIG;CCH;NEWSL
CON;CON;DIG;CCH;NEWSL
CON;CON;DIG;CCH;NEWSL
CON;CON;DIG;CCH;NEWSL
CON;CON;DIG;CCH;NEWSL
CON;CON;DIG;CCH;NEWSL
CON;CON;DIG;CCH;NEWSL
CON;CON;DIG;CCH;NEWSL
CON;CON;DIG;CCH;RRSS
CON;CON;DIG;CCH;RRSS
CON;CON;DIG;CCH;RRSS
CON;CON;DIG;CCH;RRSS
CON;CON;DIG;CCH;RRSS
CON;CON;DIG;CCH;RRSS
CON;CON;DIG;CCH;RRSS
CON;CON;DIG;CCH;RRSS
CON;CON;EVE;PN-CF;OTROS
CON;CON;EVE;PN-CF;OTROS
CON;CON;EVE;PN-CF;STAND
CON;CON;EVE;PN-CF;STAND
CON;CON;EVE;PN-CF;SEGURO
CON;CON;EVE;PN-CF;SEGURO
CON;CON;EVE;PN-CF;PATRO
CON;CON;EVE;PN-CF;PATRO
CON;CON;EVE;PN-CF;PATRO
CON;CON;EVE;PN-CF;PATRO
CON;CON;EVE;PN-CF;PATRO
CON;CON;EVE;PN-CF;PATRO
CON;CON;EVE;PN-CF;PATRO
CON;CON;EVE;PN-CF;PATRO
CON;CON;EVE;PN-CF;PATRO
CON;CON;EVE;PN-CF;PATRO
CON;CON;EVE;PN-CF;PATRO
CON;CON;EVE;PN-CF;PATRO
CON;CON;EVE;PN-CF;PATRO
CON;CON;EVE;PN-CF;PATRO
CON;CON;EVE;PN-CF;ENTRAD
CON;CON;EVE;PN-CF;ENTRAD
CON;CON;EVE;PN-CF;STAND
CON;CON;EVE;PN-CF;STAND
CON;CON;EVE;PN-CF;PATRO
CON;CON;EVE;PN-CF;PATRO
CON;CON;EVE;PN-CF;PATRO
CON;CON;EVE;PN-CF;PATRO
CON;CON;EVE;PN-CF;PATRO
CON;CON;EVE;PN-CF;PATRO
CON;CON;EVE;PN-CF;PATRO
CON;CON;EVE;PN-CF;PATRO
CON;CON;EVE;PN-CF;PATRO
CON;CON;EVE;PN-CF;PATRO
CON;CON;EVE;PN-CF;PATRO
CON;CON;EVE;PN-CF;PATRO
CON;CON;EVE;PN-CF;PATRO
CON;CON;EVE;PN-CF;PATRO
CON;CON;EVE;PN-CF;PATRO
CON;CON;EVE;PN-CF;PATRO
CON;CON;EVE;PN-CF;PATRO
CON;CON;EVE;PN-CF;PATRO
CON;CON;EVE;PN-CF;PATRO
CON;CON;EVE;PN-CF;PATRO
CON;CON;EVE;PN-CF;STAND
CON;CON;EVE;PN-CF;STAND
CON;CON;EVE;PN-CF;PATRO
CON;CON;EVE;PN-CF;PATRO
CON;CON;EVE;PN-CF;PATRO
CON;CON;EVE;PN-CF;PATRO
CON;CON;EVE;PN-CF;PATRO
CON;CON;EVE;PN-CF;PATRO
CON;CON;EVE;PN-CF;PATRO
CON;CON;EVE;PN-CF;PATRO
CON;CON;EVE;PN-CF;PATRO
CON;CON;EVE;PN-CF;PATRO
CON;CON;EVE;PN-CF;PATRO
CON;CON;EVE;PN-CF;PATRO
CON;CON;DIG;CCH;EXPDIG
CON;CON;DIG;CCH;EXPDIG
CON;CON;DIG;CCH;EXPDIG
CON;CON;DIG;CCH;EXPDIG
CON;CON;DIG;CCH;EXPDIG
CON;CON;DIG;CCH;EXPDIG
CON;CON;DIG;CCH;EXPDIG
CON;CON;DIG;CCH;EXPDIG
DEN;DEN;PRINT;TIENGD;VTAEVE
DEN;DEN;PRINT;TIENGD;VTAEJE
DEN;DEN;PRINT;TIENGD;VTAEVE
DEN;DEN;PRINT;TIENGD;VTAEJE
DEN;DEN;PRINT;TIENGD;VTAEVE
DEN;DEN;PRINT;TIENGD;VTAEJE
DEN;DEN;PRINT;TIENGD;VTAEVE
DEN;DEN;PRINT;TIENGD;VTAEJE
DEN;DEN;PRINT;TIENGD;VTAEVE
DEN;DEN;PRINT;TIENGD;VTAEJE
DEN;DEN;PRINT;TIENGD;VTAEVE
DEN;DEN;PRINT;TIENGD;VTAEJE
DEN;DEN;PRINT;TIENGD;VTAEVE
DEN;DEN;PRINT;TIENGD;VTAEJE
DEN;DEN;PRINT;TIENGD;VTAEVE
DEN;DEN;PRINT;TIENGD;VTAEJE
DEN;DEN;PRINT;TIENGD;VTAEVE
DEN;DEN;PRINT;TIENGD;VTAEJE
DEN;DEN;PRINT;TIENGD;VTAEVE
DEN;DEN;PRINT;TIENGD;VTAEVE
DEN;DEN;PRINT;TIENGD;VTAEVE
DEN;DEN;PRINT;LIBRO;TIENGD
DEN;DEN;PRINT;TIENGD;VTAEVE
DEN;DEN;PRINT;TIENGD;VTAEJE
DEN;DEN;PRINT;TIENGD;VTAEVE
DEN;DEN;PRINT;TIENGD;VTAEJE
DEN;DEN;PRINT;TIENGD;VTAEVE
DEN;DEN;PRINT;TIENGD;VTAEJE
DEN;DEN;PRINT;TIENGD;VTAEVE
DEN;DEN;PRINT;TIENGD;VTAEJE
DEN;DEN;PRINT;TIENGD;VTAEVE
DEN;DEN;PRINT;TIENGD;VTAEJE
DEN;DEN;PRINT;TIENGD;VTAEVE
DEN;DEN;PRINT;TIENGD;VTAEVE
DEN;DEN;PRINT;TIENGD;VTAEJE
DEN;DEN;PRINT;TIENGD;VTAEVE
DEN;DEN;PRINT;TIENGD;VTAEJE
DEN;DEN;PRINT;TIENGD;VTAEVE
DEN;DEN;PRINT;TIENGD;VTAEVE
DEN;DEN;PRINT;TIENGD;VTAEVE
DEN;DEN;PRINT;TIENGD;VTAEVE
DEN;DEN;PRINT;TIENGD;VTAEVE
DEN;DEN;PRINT;TIENGD;VTAEVE
DEN;DEN;PRINT;TIENGD;VTAEJE
DEN;DEN;PRINT;TIENGD;VTAEVE
DEN;DEN;PRINT;TIENGD;VTAEVE
DEN;DEN;PRINT;TIENGD;VTAEJE
DEN;DEN;PRINT;TIENGD;VTAEVE
DEN;DEN;PRINT;TIENGD;VTAEJE
DEN;DEN;PRINT;TIENGD;VTAEVE
DEN;DEN;PRINT;TIENGD;VTAEJE
DEN;DEN;PRINT;TIENGD;VTAEVE
DEN;DEN;PRINT;TIENGD;VTAEJE
DEN;DEN;PRINT;TIENGD;VTAEVE
DEN;DEN;PRINT;TIENGD;VTAEJE
DEN;DEN;PRINT;TIENGD;VTAEVE
DEN;DEN;PRINT;TIENGD;VTAEJE
DEN;DEN;PRINT;TIENGD;VTAEVE
DEN;DEN;PRINT;TIENGD;VTAEJE
DEN;DEN;PRINT;TIENGD;VTAEVE
DEN;DEN;PRINT;TIENGD;VTAEJE
DEN;DEN;PRINT;TIENGD;VTAEVE
DEN;DEN;PRINT;TIENGD;VTAEJE
DEN;DEN;PRINT;TIENGD;VTAEVE
DEN;DEN;PRINT;TIENGD;VTAEVE
DEN;DEN;PRINT;TIENGD;VTAEJE
DEN;DEN;PRINT;TIENGD;VTAEVE
DEN;DEN;PRINT;TIENGD;VTAEJE
DEN;DEN;PRINT;TIENGD;VTAEVE
DEN;DEN;PRINT;TIENGD;VTAEJE
DEN;DEN;PRINT;TIENGD;VTAEVE
DEN;DEN;PRINT;TIENGD;VTAEJE
DEN;DEN;PRINT;TIENGD;VTAEVE
DEN;DEN;PRINT;TIENGD;VTAEJE
DEN;DEN;PRINT;TIENGD;VTAEVE
DEN;DEN;PRINT;TIENGD;VTAEJE
DEN;DEN;PRINT;TIENGD;VTAEVE
DEN;DEN;PRINT;TIENGD;VTAEVE
DEN;DEN;PRINT;TIENGD;VTAEVE
DEN;DEN;PRINT;TIENGD;VTAEVE
DEN;DEN;PRINT;TIENGD;VTAEVE
DEN;DEN;PRINT;TIENGD;VTAEVE
DEN;DEN;PRINT;TIENGD;VTAEJE
DEN;DEN;PRINT;TIENGD;VTAEVE
DEN;DEN;PRINT;TIENGD;VTAEJE
DEN;DEN;PRINT;TIENGD;VTAEVE
DEN;DEN;PRINT;TIENGD;VTAEVE
DEN;DEN;PRINT;TIENGD;VTAEJE
DEN;DEN;PRINT;TIENGD;VTAEVE
DEN;DEN;PRINT;TIENGD;VTAEJE
DEN;DEN;PRINT;TIENGD;VTAEVE
DEN;DEN;PRINT;TIENGD;VTAEVE
DEN;DEN;PRINT;TIENGD;VTAEVE
DEN;DEN;PRINT;TIENGD;VTAEJE
DEN;DEN;PRINT;TIENGD;VTAEVE
DEN;DEN;PRINT;TIENGD;VTAEJE
DEN;DEN;PRINT;TIENGD;VTAEVE
DEN;DEN;PRINT;TIENGD;VTAEJE
DEN;DEN;PRINT;TIENGD;VTAEVE
DEN;DEN;PRINT;TIENGD;VTAEJE
DEN;DEN;PRINT;TIENGD;VTAEVE
DEN;DEN;PRINT;TIENGD;VTAEJE
DEN;DEN;PRINT;TIENGD;VTAEVE
DEN;DEN;PRINT;TIENGD;VTAEJE
DEN;DEN;PRINT;TIENGD;VTAEVE
DEN;DEN;PRINT;TIENGD;VTAEJE
DEN;DEN;PRINT;TIENGD;VTAEVE
DEN;DEN;PRINT;TIENGD;VTAEJE
DEN;DEN;PRINT;TIENGD;VTAEVE
DEN;DEN;PRINT;TIENGD;VTAEJE
DEN;DEN;PRINT;TIENGD;VTAEVE
DEN;DEN;PRINT;TIENGD;VTAEVE
DEN;DEN;PRINT;TIENGD;VTAEJE
DEN;DEN;PRINT;TIENGD;VTAEVE
DEN;DEN;PRINT;TIENGD;VTAEJE
DEN;DEN;PRINT;TIENGD;VTAEVE
DEN;DEN;PRINT;TIENGD;VTAEVE
DEN;DEN;PRINT;TIENGD;VTAEJE
DEN;DEN;PRINT;TIENGD;VTAEVE
DEN;DEN;PRINT;TIENGD;VTAEJE
DEN;DEN;PRINT;TIENGD;VTAEVE
DEN;DEN;PRINT;TIENGD;VTAEJE
DEN;DEN;PRINT;TIENGD;VTAEVE
DEN;DEN;PRINT;TIENGD;VTAEJE
DEN;DEN;PRINT;TIENGD;VTAEVE
DEN;DEN;PRINT;TIENGD;VTAEJE
DEN;DEN;PRINT;TIENGD;VTAEVE
DEN;DEN;PRINT;TIENGD;VTAEJE
DEN;DEN;PRINT;TIENGD;VTAEVE
DEN;DEN;PRINT;TIENGD;VTAEVE
DEN;DEN;PRINT;TIENGD;VTAEVE
DEN;DEN;PRINT;TIENGD;VTAEJE
DEN;DEN;PRINT;TIENGD;VTAEVE
DEN;DEN;PRINT;TIENGD;VTAEJE
DEN;DEN;PRINT;TIENGD;VTAEVE
DEN;DEN;PRINT;TIENGD;VTAEJE
DEN;DEN;PRINT;TIENGD;VTAEVE
DEN;DEN;PRINT;TIENGD;VTAEVE
DEN;DEN;PRINT;TIENGD;VTAEVE
DEN;DEN;PRINT;TIENGD;VTAEVE
DEN;DEN;PRINT;TIENGD;VTAEJE
DEN;DEN;PRINT;TIENGD;VTAEVE
DEN;DEN;PRINT;TIENGD;VTAEVE
DEN;DEN;PRINT;TIENGD;VTAEVE
DEN;DEN;PRINT;TIENGD;VTAEJE
DEN;DEN;PRINT;TIENGD;VTAEVE
DEN;DEN;PRINT;TIENGD;VTAEJE
DEN;DEN;PRINT;TIENGD;VTAEVE
DEN;DEN;PRINT;TIENGD;VTAEJE
DEN;DEN;PRINT;TIENGD;VTAEVE
DEN;DEN;PRINT;TIENGD;VTAEJE
DEN;DEN;PRINT;TIENGD;VTAEVE
DEN;DEN;PRINT;TIENGD;VTAEJE
DEN;DEN;PRINT;TIENGD;VTAEVE
DEN;DEN;PRINT;TIENGD;VTAEJE
DEN;DEN;PRINT;TIENGD;VTAEVE
DEN;DEN;PRINT;TIENGD;VTAEJE
DEN;DEN;PRINT;TIENGD;VTAEVE
DEN;DEN;PRINT;TIENGD;VTAEJE
DEN;DEN;PRINT;TIENGD;VTAEVE
DEN;DEN;PRINT;TIENGD;VTAEVE
DEN;DEN;PRINT;TIENGD;VTAEVE
DEN;DEN;PRINT;TIENGD;VTAEJE
DEN;DEN;PRINT;TIENGD;VTAEVE
DEN;DEN;PRINT;TIENGD;VTAEJE
DEN;DEN;PRINT;TIENGD;VTAEVE
DEN;DEN;PRINT;TIENGD;VTAEJE
DEN;DEN;PRINT;TIENGD;VTAEVE
DEN;DEN;PRINT;TIENGD;VTAEJE
DEN;DEN;PRINT;TIENGD;VTAEVE
DEN;DEN;PRINT;TIENGD;VTAEJE
DEN;DEN;PRINT;TIENGD;VTAEVE
DEN;DEN;PRINT;TIENGD;VTAEJE
DEN;DEN;PRINT;TIENGD;VTAEVE
DEN;DEN;PRINT;TIENGD;VTAEJE
DEN;DEN;PRINT;TIENGD;VTAEVE
DEN;DEN;PRINT;TIENGD;VTAEJE
DEN;DEN;PRINT;TIENGD;VTAEVE
DEN;DEN;PRINT;TIENGD;VTAEVE
DEN;DEN;PRINT;TIENGD;VTAEJE
DEN;DEN;PRINT;TIENGD;VTAEVE
DEN;DEN;PRINT;TIENGD;VTAEJE
DEN;DEN;PRINT;TIENGD;VTAEVE
DEN;DEN;PRINT;TIENGD;VTAEJE
DEN;DEN;PRINT;TIENGD;VTAEVE
DEN;DEN;PRINT;TIENGD;VTAEJE
DEN;DEN;PRINT;TIENGD;VTAEVE
DEN;DEN;PRINT;TIENGD;VTAEJE
DEN;DEN;PRINT;TIENGD;VTAEVE
DEN;DEN;PRINT;TIENGD;VTAEJE
DEN;DEN;PRINT;TIENGD;VTAEVE
DEN;DEN;PRINT;TIENGD;VTAEJE
DEN;DEN;PRINT;TIENGD;VTAEVE
DEN;DEN;PRINT;TIENGD;VTAEJE
DEN;DEN;PRINT;TIENGD;VTAEVE
DEN;DEN;PRINT;TIENGD;VTAEJE
DEN;DEN;PRINT;TIENGD;VTAEVE
DEN;DEN;PRINT;TIENGD;VTAEJE
DEN;DEN;PRINT;TIENGD;VTAEVE
DEN;DEN;PRINT;TIENGD;VTAEJE
DEN;DEN;PRINT;TIENGD;VTAEVE
DEN;DEN;PRINT;TIENGD;VTAEJE
DEN;DEN;PRINT;TIENGD;VTAEVE
DEN;DEN;PRINT;TIENGD;VTAEJE
DEN;DEN;PRINT;TIENGD;VTAEVE
DEN;DEN;PRINT;TIENGD;VTAEJE
DEN;DEN;PRINT;TIENGD;VTAEVE
DEN;DEN;PRINT;TIENGD;VTAEJE
DEN;DEN;PRINT;TIENGD;VTAEVE
DEN;DEN;PRINT;TIENGD;VTAEJE
DEN;DEN;PRINT;TIENGD;VTAEVE
DEN;DEN;PRINT;TIENGD;VTAEJE
DEN;DEN;PRINT;TIENGD;VTAEVE
DEN;DEN;PRINT;TIENGD;VTAEJE
DEN;DEN;PRINT;TIENGD;VTAEVE
DEN;DEN;PRINT;TIENGD;VTAEJE
DEN;DEN;PRINT;TIENGD;VTAEVE
DEN;DEN;PRINT;TIENGD;VTAEJE
DEN;DEN;PRINT;TIENGD;VTAEVE
DEN;DEN;PRINT;TIENGD;VTAEJE
DEN;DEN;PRINT;TIENGD;VTAEVE
DEN;DEN;PRINT;TIENGD;VTAEJE
DEN;DEN;PRINT;TIENGD;VTAEVE
DEN;DEN;PRINT;TIENGD;VTAEJE
DEN;DEN;PRINT;TIENGD;VTAEVE
DEN;DEN;PRINT;TIENGD;VTAEJE
DEN;DEN;PRINT;TIENGD;VTAEVE
DEN;DEN;PRINT;TIENGD;VTAEVE
DEN;DEN;PRINT;TIENGD;VTAEJE
DEN;DEN;PRINT;TIENGD;VTAEVE
DEN;DEN;PRINT;TIENGD;VTAEJE
DEN;DEN;PRINT;TIENGD;VTAEVE
DEN;DEN;PRINT;TIENGD;VTAEJE
DEN;DEN;PRINT;TIENGD;VTAEVE
DEN;DEN;PRINT;TIENGD;VTAEJE
DEN;DEN;PRINT;TIENGD;VTAEVE
DEN;DEN;PRINT;TIENGD;VTAEJE
DEN;DEN;PRINT;TIENGD;VTAEVE
DEN;DEN;PRINT;TIENGD;VTAEJE
DEN;DEN;PRINT;TIENGD;VTAEVE
DEN;DEN;PRINT;TIENGD;VTAEJE
DEN;DEN;PRINT;TIENGD;VTAEVE
DEN;DEN;PRINT;TIENGD;VTAEJE
DEN;DEN;PRINT;TIENGD;VTAEVE
DEN;DEN;PRINT;TIENGD;VTAEJE
DEN;DEN;PRINT;TIENGD;VTAEVE
DEN;DEN;PRINT;TIENGD;VTAEJE
DEN;DEN;PRINT;TIENGD;VTAEVE
DEN;DEN;PRINT;TIENGD;VTAEJE
DEN;DEN;PRINT;TIENGD;VTAEVE
DEN;DEN;PRINT;TIENGD;VTAEJE
DEN;DEN;PRINT;TIENGD;VTAEVE
DEN;DEN;PRINT;TIENGD;VTAEJE
DEN;DEN;PRINT;TIENGD;VTAEVE
DEN;DEN;PRINT;TIENGD;VTAEJE
DEN;DEN;PRINT;TIENGD;VTAEVE
DEN;DEN;PRINT;TIENGD;VTAEJE
DEN;DEN;PRINT;TIENGD;VTAEVE
DEN;DEN;PRINT;TIENGD;VTAEJE
DEN;DEN;PRINT;TIENGD;VTAEVE
DEN;DEN;PRINT;TIENGD;VTAEJE
DEN;DEN;PRINT;TIENGD;VTAEVE
DEN;DEN;PRINT;TIENGD;VTAEJE
DEN;DEN;PRINT;TIENGD;VTAEVE
DEN;DEN;PRINT;TIENGD;VTAEJE
DEN;DEN;PRINT;TIENGD;VTAEVE
DEN;DEN;PRINT;TIENGD;VTAEJE
DEN;DEN;PRINT;TIENGD;VTAEVE
DEN;DEN;PRINT;TIENGD;VTAEJE
DEN;DEN;PRINT;TIENGD;VTAEVE
DEN;DEN;PRINT;TIENGD;VTAEJE
DEN;DEN;PRINT;TIENGD;VTAEVE
DEN;DEN;PRINT;TIENGD;VTAEJE
DEN;DEN;PRINT;TIENGD;VTAEVE
DEN;DEN;PRINT;TIENGD;VTAEJE
DEN;DEN;PRINT;TIENGD;VTAEVE
DEN;DEN;PRINT;TIENGD;VTAEVE
DEN;DEN;PRINT;TIENGD;VTAEJE
DEN;DEN;PRINT;TIENGD;VTAEVE
DEN;DEN;PRINT;TIENGD;VTAEJE
DEN;DEN;PRINT;TIENGD;VTAEVE
DEN;DEN;PRINT;TIENGD;VTAEJE
DEN;DEN;PRINT;TIENGD;VTAEVE
DEN;DEN;PRINT;TIENGD;VTAEJE
DEN;DEN;PRINT;TIENGD;VTAEVE
DEN;DEN;PRINT;TIENGD;VTAEJE
DEN;DEN;PRINT;TIENGD;VTAEVE
DEN;DEN;PRINT;TIENGD;VTAEJE
DEN;DEN;PRINT;TIENGD;VTAEVE
DEN;DEN;PRINT;TIENGD;VTAEJE
DEN;DEN;PRINT;TIENGD;VTAEVE
DEN;DEN;PRINT;TIENGD;VTAEJE
DEN;DEN;PRINT;TIENGD;VTAEVE
DEN;DEN;PRINT;TIENGD;VTAEJE
DEN;DEN;PRINT;TIENGD;VTAEVE
DEN;DEN;PRINT;TIENGD;VTAEJE
DEN;DEN;PRINT;TIENGD;VTAEVE
DEN;DEN;PRINT;TIENGD;VTAEJE
DEN;DEN;PRINT;TIENGD;VTAEVE
DEN;DEN;PRINT;TIENGD;VTAEJE
DEN;DEN;PRINT;TIENGD;VTAEVE
DEN;DEN;PRINT;TIENGD;VTAEJE
DEN;DEN;PRINT;TIENGD;VTAEVE
DEN;DEN;PRINT;TIENGD;VTAEVE
DEN;DEN;PRINT;TIENGD;VTAEVE
DEN;DEN;PRINT;TIENGD;VTAEJE
DEN;DEN;PRINT;TIENGD;VTAEVE
DEN;DEN;PRINT;TIENGD;VTAEJE
DEN;DEN;PRINT;TIENGD;VTAEVE
DEN;DEN;PRINT;TIENGD;VTAEJE
DEN;DEN;PRINT;TIENGD;VTAEVE
DEN;DEN;PRINT;TIENGD;VTAEJE
DEN;DEN;PRINT;TIENGD;VTAEVE
DEN;DEN;PRINT;TIENGD;VTAEJE
DEN;DEN;PRINT;TIENGD;VTAEVE
DEN;DEN;PRINT;TIENGD;VTAEVE
DEN;DEN;PRINT;TIENGD;VTAEVE
DEN;DEN;PRINT;TIENGD;VTAEJE
DEN;DEN;PRINT;TIENGD;VTAEVE
DEN;DEN;PRINT;TIENGD;VTAEJE
DEN;DEN;PRINT;TIENGD;VTAEVE
DEN;DEN;PRINT;TIENGD;VTAEJE
DEN;DEN;PRINT;TIENGD;VTAEVE
DEN;DEN;PRINT;TIENGD;VTAEJE
DEN;DEN;PRINT;TIENGD;VTAEVE
DEN;DEN;PRINT;TIENGD;VTAEJE
DEN;DEN;PRINT;TIENGD;VTAEVE
DEN;DEN;PRINT;TIENGD;VTAEJE
DEN;DEN;PRINT;TIENGD;VTAEVE
DEN;DEN;PRINT;TIENGD;VTAEJE
DEN;DEN;PRINT;TIENGD;VTAEVE
DEN;DEN;PRINT;TIENGD;VTAEJE
DEN;DEN;PRINT;TIENGD;VTAEVE
DEN;DEN;PRINT;TIENGD;VTAEJE
DEN;DEN;PRINT;TIENGD;VTAEVE
DEN;DEN;PRINT;TIENGD;VTAEVE
DEN;DEN;PRINT;TIENGD;VTAEJE
DEN;DEN;PRINT;TIENGD;VTAEVE
DEN;DEN;PRINT;TIENGD;VTAEJE
DEN;DEN;PRINT;TIENGD;VTAEVE
DEN;DEN;PRINT;TIENGD;VTAEJE
DEN;DEN;PRINT;TIENGD;VTAEVE
DEN;DEN;PRINT;TIENGD;VTAEJE
DEN;DEN;PRINT;TIENGD;VTAEVE
DEN;DEN;PRINT;TIENGD;VTAEJE
DEN;DEN;PRINT;TIENGD;VTAEVE
DEN;DEN;PRINT;TIENGD;VTAEJE
DEN;DEN;PRINT;TIENGD;VTAEVE
DEN;DEN;PRINT;TIENGD;VTAEJE
DEN;DEN;PRINT;TIENGD;VTAEVE
DEN;DEN;PRINT;TIENGD;VTAEVE
DEN;DEN;PRINT;TIENGD;VTAEVE
DEN;DEN;PRINT;TIENGD;VTAEJE
DEN;DEN;PRINT;TIENGD;VTAEVE
DEN;DEN;PRINT;TIENGD;VTAEJE
DEN;DEN;PRINT;TIENGD;VTAEVE
DEN;DEN;PRINT;TIENGD;VTAEJE
DEN;DEN;PRINT;TIENGD;VTAEVE
DEN;DEN;PRINT;TIENGD;VTAEJE
DEN;DEN;PRINT;TIENGD;VTAEVE
DEN;DEN;PRINT;TIENGD;VTAEVE
DEN;DEN;PRINT;TIENGD;VTAEJE
DEN;DEN;PRINT;TIENGD;VTAEVE
DEN;DEN;PRINT;TIENGD;VTAEJE
DEN;DEN;PRINT;TIENGD;VTAEVE
DEN;DEN;PRINT;TIENGD;VTAEJE
DEN;DEN;PRINT;TIENGD;VTAEVE
DEN;DEN;PRINT;TIENGD;VTAEJE
DEN;DEN;PRINT;TIENGD;VTAEVE
DEN;DEN;PRINT;TIENGD;TIENGD
DEN;DEN;PRINT;TIENGD;VTAEVE
DEN;DEN;PRINT;TIENGD;VTAEJE
DEN;DEN;PRINT;TIENGD;VTAEVE
DEN;DEN;PRINT;TIENGD;VTAEJE
DEN;DEN;PRINT;TIENGD;VTAEVE
DEN;DEN;PRINT;TIENGD;VTAEJE
DEN;DEN;PRINT;TIENGD;VTAEVE
DEN;DEN;PRINT;TIENGD;VTAEJE
DEN;DEN;PRINT;TIENGD;VTAEVE
DEN;DEN;PRINT;TIENGD;VTAEJE
DEN;DEN;PRINT;TIENGD;VTAEVE
DEN;DEN;PRINT;TIENGD;VTAEJE
DEN;DEN;PRINT;TIENGD;VTAEVE
DEN;DEN;PRINT;TIENGD;VTAEJE
DEN;DEN;PRINT;TIENGD;VTAEVE
DEN;DEN;PRINT;TIENGD;VTAEJE
DEN;DEN;PRINT;TIENGD;VTAEVE
DEN;DEN;PRINT;TIENGD;VTAEJE
DEN;DEN;PRINT;TIENGD;VTAEVE
DEN;DEN;PRINT;TIENGD;VTAEJE
DEN;DEN;PRINT;TIENGD;VTAEVE
DEN;DEN;PRINT;TIENGD;VTAEJE
DEN;DEN;PRINT;TIENGD;VTAEVE
DEN;DEN;PRINT;TIENGD;VTAEJE
DEN;DEN;PRINT;TIENGD;VTAEVE
DEN;DEN;PRINT;TIENGD;VTAEJE
DEN;DEN;PRINT;TIENGD;VTAEVE
DEN;DEN;PRINT;TIENGD;VTAEJE
DEN;DEN;PRINT;TIENGD;VTAEVE
DEN;DEN;PRINT;TIENGD;VTAEVE
DEN;DEN;PRINT;TIENGD;VTAEJE
DEN;DEN;PRINT;TIENGD;VTAEVE
DEN;DEN;PRINT;TIENGD;VTAEJE
DEN;DEN;PRINT;TIENGD;VTAEVE
DEN;DEN;PRINT;TIENGD;VTAEJE
DEN;DEN;PRINT;TIENGD;VTAEVE
DEN;DEN;PRINT;TIENGD;VTAEJE
DEN;DEN;PRINT;TIENGD;VTAEVE
DEN;DEN;PRINT;TIENGD;VTAEJE
DEN;DEN;PRINT;TIENGD;VTAEVE
DEN;DEN;PRINT;TIENGD;TIENGD
DEN;DEN;PRINT;TIENGD;VTAEVE
DEN;DEN;PRINT;TIENGD;VTAEJE
DEN;DEN;PRINT;TIENGD;VTAEVE
DEN;DEN;PRINT;TIENGD;VTAEJE
DEN;DEN;PRINT;TIENGD;VTAEVE
DEN;DEN;PRINT;TIENGD;VTAEJE
DEN;DEN;PRINT;TIENGD;VTAEVE
DEN;DEN;PRINT;TIENGD;VTAEJE
DEN;DEN;PRINT;TIENGD;VTAEVE
DEN;DEN;PRINT;TIENGD;VTAEJE
DEN;DEN;PRINT;TIENGD;VTAEVE
DEN;DEN;PRINT;TIENGD;VTAEVE
DEN;DEN;PRINT;TIENGD;VTAEJE
DEN;DEN;PRINT;TIENGD;VTAEVE
DEN;DEN;PRINT;TIENGD;VTAEJE
DEN;DEN;PRINT;TIENGD;VTAEVE
DEN;DEN;PRINT;TIENGD;VTAEJE
DEN;DEN;PRINT;TIENGD;VTAEVE
DEN;DEN;PRINT;TIENGD;VTAEJE
DEN;DEN;PRINT;TIENGD;VTAEVE
DEN;DEN;PRINT;TIENGD;VTAEJE
DEN;DEN;PRINT;TIENGD;VTAEVE
DEN;DEN;PRINT;TIENGD;VTAEJE
DEN;DEN;PRINT;TIENGD;VTAEVE
DEN;DEN;PRINT;TIENGD;VTAEJE
DEN;DEN;PRINT;TIENGD;VTAEVE
DEN;DEN;PRINT;TIENGD;VTAEJE
DEN;DEN;PRINT;TIENGD;VTAEVE
DEN;DEN;PRINT;TIENGD;VTAEVE
DEN;DEN;PRINT;TIENGD;VTAEJE
DEN;DEN;PRINT;TIENGD;VTAEVE
DEN;DEN;PRINT;TIENGD;VTAEJE
DEN;DEN;PRINT;TIENGD;VTAEVE
DEN;DEN;PRINT;TIENGD;VTAEJE
DEN;DEN;PRINT;TIENGD;VTAEVE
DEN;DEN;PRINT;TIENGD;VTAEJE
DEN;DEN;PRINT;TIENGD;VTAEVE
DEN;DEN;PRINT;TIENGD;VTAEJE
DEN;DEN;PRINT;TIENGD;VTAEJE
DEN;DEN;PRINT;TIENGD;VTAEJE
DEN;DEN;PRINT;TIENGD;VTAEJE
DEN;DEN;PRINT;TIENGD;VTAEJE
DEN;DEN;PRINT;TIENGD;VTAEJE
DEN;DEN;PRINT;TIENGD;VTAEJE
DEN;DEN;PRINT;TIENGD;VTAEJE
DEN;DEN;PRINT;TIENGD;VTAEJE
DEN;DEN;PRINT;TIENGD;VTAEVE
DEN;DEN;PRINT;TIENGD;VTAEJE
DEN;DEN;PRINT;TIENGD;VTAEVE
DEN;DEN;PRINT;TIENGD;VTAEJE
DEN;DEN;PRINT;TIENGD;VTAEVE
DEN;DEN;PRINT;TIENGD;VTAEJE
DEN;DEN;PRINT;TIENGD;VTAEVE
DEN;DEN;PRINT;TIENGD;VTAEJE
DEN;DEN;PRINT;TIENGD;VTAEVE
DEN;DEN;PRINT;TIENGD;VTAEJE
DEN;DEN;PRINT;TIENGD;VTAEVE
DEN;DEN;PRINT;TIENGD;VTAEJE
DEN;DEN;PRINT;TIENGD;VTAEVE
DEN;DEN;PRINT;TIENGD;VTAEJE
DEN;DEN;PRINT;TIENGD;VTAEVE
DEN;DEN;PRINT;TIENGD;VTAEJE
DEN;DEN;PRINT;TIENGD;VTAEVE
DEN;DEN;PRINT;TIENGD;VTAEJE
DEN;DEN;PRINT;TIENGD;VTAEVE
DEN;DEN;PRINT;TIENGD;VTAEJE
DEN;DEN;PRINT;TIENGD;VTAEVE
DEN;DEN;PRINT;TIENGD;VTAEJE
DEN;DEN;PRINT;TIENGD;VTAEVE
DEN;DEN;PRINT;TIENGD;VTAEJE
DEN;DEN;PRINT;TIENGD;VTAEVE
DEN;DEN;PRINT;TIENGD;VTAEJE
DEN;DEN;PRINT;TIENGD;VTAEVE
DEN;DEN;PRINT;TIENGD;VTAEJE
DEN;DEN;PRINT;TIENGD;VTAEVE
DEN;DEN;PRINT;TIENGD;VTAEJE
DEN;DEN;PRINT;TIENGD;VTAEVE
DEN;DEN;PRINT;TIENGD;VTAEJE
DEN;DEN;PRINT;TIENGD;VTAEVE
DEN;DEN;PRINT;TIENGD;VTAEJE
DEN;DEN;PRINT;TIENGD;VTAEVE
DEN;DEN;PRINT;TIENGD;VTAEJE
DEN;DEN;PRINT;TIENGD;VTAEVE
DEN;DEN;PRINT;TIENGD;VTAEJE
DEN;DEN;PRINT;TIENGD;VTAEVE
DEN;DEN;PRINT;TIENGD;VTAEJE
DEN;DEN;PRINT;TIENGD;VTAEVE
DEN;DEN;PRINT;TIENGD;VTAEJE
DEN;DEN;PRINT;TIENGD;VTAEVE
DEN;DEN;PRINT;TIENGD;VTAEJE
DEN;DEN;PRINT;TIENGD;VTAEVE
DEN;DEN;PRINT;TIENGD;VTAEJE
DEN;DEN;PRINT;TIENGD;VTAEVE
DEN;DEN;PRINT;TIENGD;VTAEJE
DEN;DEN;PRINT;TIENGD;VTAEVE
DEN;DEN;PRINT;TIENGD;VTAEJE
DEN;DEN;PRINT;TIENGD;VTAEVE
DEN;DEN;PRINT;TIENGD;VTAEJE
DEN;DEN;PRINT;TIENGD;VTAEVE
DEN;DEN;PRINT;TIENGD;VTAEJE
DEN;DEN;PRINT;TIENGD;VTAEJE
DEN;DEN;PRINT;TIENGD;VTAEJE
DEN;DEN;PRINT;TIENGD;VTAEJE
DEN;DEN;PRINT;TIENGD;VTAEJE
DEN;DEN;PRINT;TIENGD;VTAEJE
DEN;DEN;PRINT;TIENGD;VTAEJE
DEN;DEN;PRINT;TIENGD;VTAEJE
DEN;DEN;PRINT;TIENGD;VTAEJE
DEN;DEN;PRINT;TIENGD;VTAEJE
DEN;DEN;PRINT;TIENGD;VTAEJE
DEN;DEN;PRINT;TIENGD;VTAEJE