PECK;ACRED;GEN;GEN
TUR;CAR;PRINT;AUTOC
TUR;CAR;PRINT;AUTOC
TUR;CAR;PRINT;AUTOC
TUR;CAR;PRINT;AUTOC
TUR;CAR;PRINT;AUTOC
TUR;CAR;PRINT;AUTOC
TUR;CAR;PRINT;AUTOC
TUR;CAR;PRINT;AUTOC
TUR;CAR;PRINT;AUTOC
TUR;CAR;PRINT;AUTOC
TUR;CAR;PRINT;AUTOC
TUR;CAR;PRINT;AUTOC
TUR;CAR;PRINT;AUTOC
TUR;CAR;PRINT;AUTOC
TUR;CAR;PRINT;AUTOC
TUR;CAR;PRINT;AUTOC
TUR;CAR;PRINT;AUTOC
TUR;CAR;PRINT;AUTOC
TUR;CAR;PRINT;AUTOC
TUR;CAR;PRINT;AUTOC
TUR;CAR;PRINT;AUTOC
TUR;CAR;PRINT;AUTOC
TUR;CAR;PRINT;AUTOC
TUR;CAR;PRINT;AUTOC
TUR;CAR;PRINT;AUTOC
TUR;CAR;PRINT;AUTOC
TUR;CAR;PRINT;AUTOC
TUR;CAR;PRINT;AUTOC
TUR;CAR;PRINT;AUTOC
TUR;CAR;PRINT;AUTOC
TUR;CAR;PRINT;AUTOC
TUR;CAR;PRINT;AUTOC
TUR;CAR;PRINT;AUTOC
TUR;CAR;PRINT;AUTOC
TUR;CAR;PRINT;AUTOC
TUR;CAR;PRINT;AUTOC
TUR;CAR;PRINT;AUTOC
TUR;CAR;PRINT;AUTOC
TUR;CAR;PRINT;AUTOC
TUR;CAR;PRINT;AUTOC
TUR;CAR;PRINT;AUTOC
TUR;CAR;PRINT;AUTOC
TUR;CAR;PRINT;AUTOC
TUR;CAR;PRINT;AUTOC
TUR;CAR;PRINT;AUTOC
TUR;CAR;PRINT;AUTOC
TUR;CAR;PRINT;AUTOC
TUR;CAR;PRINT;AUTOC
TUR;CAR;PRINT;AUTOC
TUR;CAR;PRINT;AUTOC
TUR;CAR;PRINT;AUTOC
TUR;CAR;PRINT;AUTOC
TUR;CAR;PRINT;AUTOC
TUR;CAR;PRINT;AUTOC
TUR;CAR;PRINT;AUTOC
TUR;CAR;PRINT;AUTOC
TUR;CAR;PRINT;AUTOC
TUR;CAR;PRINT;AUTOC
TUR;CAR;PRINT;AUTOC
TUR;CAR;PRINT;AUTOC
TUR;CAR;PRINT;AUTOC
TUR;CAR;PRINT;AUTOC
TUR;CAR;PRINT;AUTOC
TUR;CAR;PRINT;AUTOC
TUR;CAR;PRINT;AUTOC
TUR;CAR;PRINT;AUTOC
TUR;CAR;PRINT;AUTOC
TUR;CAR;PRINT;AUTOC
TUR;CAR;PRINT;AUTOC
TUR;CAR;PRINT;AUTOC
TUR;CAR;PRINT;AUTOC
TUR;CAR;PRINT;AUTOC
TUR;CAR;PRINT;AUTOC
TUR;CAR;PRINT;AUTOC
TUR;CAR;PRINT;AUTOC
TUR;CAR;PRINT;AUTOC
TUR;CAR;PRINT;AUTOC
TUR;CAR;PRINT;AUTOC
TUR;CAR;PRINT;AUTOC
TUR;CAR;PRINT;AUTOC
TUR;CAR;PRINT;AUTOC
TUR;CAR;PRINT;AUTOC
TUR;CAR;PRINT;AUTOC
TUR;CAR;PRINT;AUTOC
TUR;CAR;PRINT;AUTOC
TUR;CAR;PRINT;AUTOC
TUR;CAR;PRINT;AUTOC
TUR;CAR;PRINT;AUTOC
TUR;CAR;PRINT;AUTOC
TUR;CAR;PRINT;AUTOC
TUR;CAR;PRINT;AUTOC
TUR;CAR;PRINT;AUTOC
TUR;CAR;PRINT;AUTOC
TUR;CAR;PRINT;AUTOC
TUR;CAR;PRINT;AUTOC
TUR;CAR;PRINT;AUTOC
TUR;CAR;PRINT;AUTOC
TUR;CAR;PRINT;AUTOC
TUR;CAR;PRINT;AUTOC
TUR;CAR;PRINT;AUTOC
TUR;CAR;PRINT;AUTOC
TUR;CAR;PRINT;AUTOC
TUR;CAR;PRINT;AUTOC
TUR;CAR;PRINT;AUTOC
TUR;CAR;PRINT;AUTOC
TUR;CAR;PRINT;AUTOC
TUR;CAR;PRINT;AUTOC
TUR;CAR;PRINT;AUTOC
TUR;CAR;PRINT;AUTOC
TUR;CAR;PRINT;AUTOC
TUR;CAR;PRINT;AUTOC
TUR;CAR;PRINT;AUTOC
TUR;CAR;PRINT;AUTOC
TUR;CAR;PRINT;AUTOC
TUR;CAR;PRINT;AUTOC
TUR;CAR;PRINT;AUTOC
TUR;CAR;PRINT;AUTOC
TUR;CAR;PRINT;AUTOC
TUR;CAR;PRINT;AUTOC
TUR;CAR;PRINT;AUTOC
TUR;CAR;PRINT;AUTOC
TUR;CAR;PRINT;AUTOC
TUR;CAR;DIG;AUTOC
TUR;CAR;DIG;AUTOC
TUR;CAR;PRINT;AUTOC
TUR;CAR;PRINT;AUTOC
TUR;CAR;PRINT;AUTOC
TUR;CAR;PRINT;AUTOC
TUR;CAR;PRINT;AUTOC
TUR;CAR;PRINT;AUTOC
TUR;CAR;PRINT;AUTOC
TUR;CAR;PRINT;AUTOC
TUR;CAR;PRINT;AUTOC
TUR;CAR;PRINT;AUTOC
TUR;CAR;PRINT;AUTOC
TUR;CAR;PRINT;AUTOC
TUR;CAR;PRINT;AUTOC
TUR;CAR;PRINT;AUTOC
TUR;CAR;PRINT;AUTOC
TUR;CAR;PRINT;AUTOC
TUR;CPROF;DIG;CPROF
TUR;CPROF;DIG;CPROF
TUR;CPROF;DIG;CPROF
TUR;CPROF;DIG;CPROF
TUR;CPROF;DIG;CPROF
TUR;CPROF;DIG;CPROF
TUR;CPROF;DIG;CPROF
TUR;CPROF;DIG;CPROF
TUR;CPROF;DIG;CPROF
TUR;CPROF;DIG;CPROF
TUR;CPROF;DIG;CPROF
TUR;CPROF;DIG;CPROF
TUR;CPROF;DIG;CPROF
TUR;CPROF;DIG;CPROF
TUR;CPROF;DIG;CPROF
TUR;CPROF;DIG;CPROF
TUR;CPROF;DIG;CPROF
TUR;CPROF;DIG;CPROF
TUR;CPROF;DIG;CPROF
TUR;CPROF;DIG;CPROF
TUR;CPROF;DIG;CPROF
TUR;CPROF;DIG;CPROF
TUR;CPROF;DIG;CPROF
TUR;CPROF;DIG;CPROF
TUR;CPROF;DIG;CPROF
TUR;CPROF;DIG;CPROF
TUR;CPROF;DIG;CPROF
TUR;CPROF;DIG;CPROF
TUR;CPROF;DIG;CPROF
TUR;CPROF;DIG;CPROF
TUR;CPROF;DIG;CPROF
TUR;CPROF;DIG;CPROF
TUR;CPROF;DIG;CPROF
TUR;CPROF;DIG;CPROF
TUR;CAR;PRINT;GAS
TUR;CAR;PRINT;GAS
TUR;CAR;PRINT;GAS
TUR;CAR;PRINT;GAS
TUR;CAR;PRINT;GAS
TUR;CAR;PRINT;GAS
TUR;CAR;PRINT;GAS
TUR;CAR;PRINT;GAS
TUR;CAR;PRINT;GAS
TUR;CAR;PRINT;GAS
TUR;CAR;PRINT;GAS
TUR;CAR;PRINT;GAS
TUR;CAR;PRINT;GAS
TUR;CAR;PRINT;GAS
TUR;CAR;PRINT;GAS
TUR;CAR;PRINT;GAS
TUR;CAR;PRINT;GAS
TUR;CAR;PRINT;GAS
TUR;CAR;PRINT;GAS
TUR;CAR;PRINT;GAS
TUR;CAR;PRINT;GAS
TUR;CAR;PRINT;GAS
TUR;CAR;PRINT;GAS
TUR;CAR;PRINT;GAS
TUR;CAR;PRINT;GAS
TUR;CAR;PRINT;GAS
TUR;CAR;PRINT;GAS
TUR;CAR;PRINT;GAS
TUR;CAR;PRINT;GAS
TUR;CAR;PRINT;GAS
TUR;CAR;PRINT;GAS
TUR;CAR;PRINT;GAS
TUR;CAR;PRINT;GAS
TUR;CAR;PRINT;GAS
TUR;CAR;PRINT;GAS
TUR;CAR;PRINT;GAS
TUR;CAR;PRINT;GAS
TUR;CAR;PRINT;GAS
TUR;CAR;PRINT;GAS
TUR;CAR;PRINT;GAS
TUR;CAR;PRINT;GAS
TUR;CAR;PRINT;GAS
TUR;CPROF;PRINT;CPROF
TUR;CPROF;PRINT;CPROF
TUR;CPROF;PRINT;CPROF
TUR;CPROF;PRINT;CPROF
TUR;CPROF;PRINT;CPROF
TUR;CPROF;PRINT;CPROF
TUR;CPROF;PRINT;CPROF
TUR;CPROF;PRINT;CPROF
TUR;CPROF;PRINT;CPROF
TUR;CPROF;PRINT;CPROF
TUR;CPROF;PRINT;CPROF
TUR;CPROF;PRINT;CPROF
TUR;CPROF;PRINT;CPROF
TUR;CPROF;PRINT;CPROF
TUR;CPROF;PRINT;CPROF
TUR;CPROF;PRINT;CPROF
TUR;CPROF;PRINT;CPROF
TUR;CPROF;PRINT;CPROF
TUR;CPROF;PRINT;CPROF
TUR;CPROF;PRINT;CPROF
TUR;CPROF;PRINT;CPROF
TUR;CPROF;PRINT;CPROF
TUR;CPROF;PRINT;CPROF
TUR;CPROF;PRINT;CPROF
TUR;CPROF;PRINT;CPROF
TUR;CPROF;PRINT;CPROF
TUR;CPROF;PRINT;CPROF
TUR;CPROF;PRINT;CPROF
TUR;CPROF;PRINT;CPROF
TUR;CPROF;PRINT;CPROF
TUR;CPROF;PRINT;CPROF
TUR;CPROF;PRINT;CPROF
TUR;CPROF;PRINT;CPROF
TUR;CPROF;PRINT;CPROF
TUR;CPROF;PRINT;CPROF
TUR;CPROF;PRINT;CPROF
TUR;CPROF;PRINT;CPROF
TUR;CPROF;PRINT;CPROF
TUR;CPROF;PRINT;CPROF
TUR;CPROF;PRINT;CPROF
TUR;CPROF;PRINT;CPROF
TUR;CPROF;PRINT;CPROF
TUR;CPROF;PRINT;CPROF
TUR;CPROF;PRINT;CPROF
TUR;CPROF;PRINT;CPROF
TUR;CPROF;PRINT;CPROF
TUR;CPROF;PRINT;CPROF
TUR;CPROF;PRINT;CPROF
TUR;CPROF;PRINT;CPROF
TUR;CPROF;PRINT;CPROF
TUR;CPROF;PRINT;CPROF
TUR;CPROF;PRINT;CPROF
TUR;CPROF;PRINT;CPROF
TUR;CPROF;PRINT;CPROF
TUR;CPROF;PRINT;CPROF
TUR;CPROF;PRINT;CPROF
TUR;CPROF;PRINT;CPROF
TUR;CPROF;PRINT;CPROF
TUR;CPROF;PRINT;CPROF
TUR;CPROF;PRINT;CPROF
TUR;CPROF;PRINT;CPROF
TUR;CPROF;PRINT;CPROF
TUR;CPROF;PRINT;CPROF
TUR;CPROF;PRINT;CPROF
TUR;CPROF;PRINT;CPROF
TUR;CPROF;PRINT;CPROF
TUR;CPROF;PRINT;CPROF
TUR;CPROF;PRINT;CPROF
TUR;CPROF;PRINT;CPROF
TUR;CPROF;PRINT;CPROF
TUR;CPROF;PRINT;CPROF
TUR;CPROF;PRINT;CPROF
TUR;CPROF;PRINT;CPROF
TUR;CPROF;PRINT;CPROF
TUR;CPROF;PRINT;CPROF
TUR;CPROF;PRINT;CPROF
TUR;CPROF;PRINT;CPROF
TUR;CAM;EVE;SIC
TUR;CAM;EVE;SIC
TUR;CAM;EVE;SIC
TUR;CAM;EVE;SIC
TUR;CAM;EVE;SIC
TUR;CAM;EVE;SIC
TUR;CAR;PRINT;SIC
TUR;CAM;EVE;SIC
TUR;CAM;EVE;SIC
TUR;CAM;EVE;SIC
TUR;CAM;EVE;SIC
TUR;CAM;EVE;SIC
TUR;CAM;EVE;SIC
TUR;CAM;EVE;SIC
TUR;CAM;EVE;SIC
TUR;CAM;EVE;SIC
TUR;CAM;EVE;SIC
TUR;CAM;EVE;SIC
TUR;CAM;EVE;SIC
TUR;CAM;EVE;SIC
TUR;CAM;EVE;SIC
TUR;CAM;EVE;SIC
TUR;CAM;EVE;SIC
TUR;CAM;EVE;SIC
TUR;CAM;EVE;SIC
TUR;CAM;EVE;SIC
TUR;CAM;DIG;CSALON
TUR;CAM;DIG;CSALON
TUR;CAM;DIG;CSALON
TUR;CAM;DIG;CSALON
TUR;CAM;DIG;CSALON
TUR;CAM;DIG;CSALON
TUR;CAM;DIG;CSALON
TUR;CAM;DIG;CSALON
TUR;CAM;DIG;CSALON
TUR;CAM;DIG;CSALON
TUR;CAM;DIG;CSALON
TUR;CAM;DIG;CSALON
TUR;CAM;DIG;CSALON
TUR;CAM;DIG;CSALON
TUR;CAM;DIG;CSALON
TUR;CAM;DIG;CSALON
TUR;CAM;DIG;CSALON
TUR;CAM;DIG;CSALON
TUR;CAM;DIG;CSALON
TUR;CAM;DIG;CSALON
TUR;CAM;DIG;CSALON
TUR;CAM;DIG;CSALON
TUR;CAM;DIG;CSALON
TUR;CAM;DIG;CSALON
TUR;CAM;DIG;CSALON
TUR;CAM;DIG;CSALON
TUR;CAM;DIG;CSALON
TUR;CAM;DIG;CSALON
TUR;CAM;DIG;CSALON
TUR;CAM;DIG;CSALON
TUR;CAM;DIG;CSALON
TUR;CAM;DIG;CSALON
TUR;CAM;DIG;CSALON
TUR;CAM;DIG;CSALON
TUR;CAM;DIG;CSALON
TUR;CAM;DIG;CSALON
TUR;CAM;DIG;CSALON
TUR;CAM;DIG;CSALON
TUR;CAM;DIG;CSALON
TUR;CAM;DIG;CSALON
TUR;CAM;DIG;CSALON
TUR;CAM;DIG;CSALON
TUR;CAM;DIG;CSALON
TUR;CAM;DIG;CSALON
TUR;CAM;DIG;CSALON
TUR;CAM;DIG;CSALON
TUR;CAM;DIG;CSALON
TUR;CAM;DIG;CSALON
TUR;CAM;DIG;CSALON
TUR;CAM;DIG;CSALON
TUR;CAM;DIG;CSALON
TUR;CAM;DIG;CSALON
TUR;CAM;DIG;CSALON
TUR;CAM;DIG;CSALON
TUR;CAM;DIG;CSALON
TUR;CAM;DIG;CSALON
TUR;CAM;DIG;CSALON
TUR;CAM;DIG;CSALON
TUR;CAM;DIG;CSALON
TUR;CAM;DIG;CSALON
TUR;CAM;DIG;CSALON
TUR;CAM;DIG;CSALON
TUR;CAM;DIG;CSALON
TUR;CAM;DIG;CSALON
TUR;CAM;DIG;CSALON
TUR;CAM;DIG;CSALON
TUR;CAM;DIG;CSALON
TUR;CAM;DIG;CSALON
TUR;CAM;DIG;CSALON
TUR;CAM;DIG;CSALON
TUR;CAM;DIG;CSALON
TUR;CAM;DIG;CSALON
TUR;CAM;DIG;CSALON
TUR;CAM;DIG;CSALON
TUR;CAM;DIG;CSALON
TUR;CAM;DIG;CSALON
TUR;CAM;DIG;CSALON
TUR;CAM;DIG;CSALON
TUR;CAM;DIG;CSALON
TUR;CAM;DIG;CSALON
TUR;CAM;DIG;CSALON
TUR;CAM;DIG;CSALON
TUR;CAM;DIG;CSALON
TUR;CAM;DIG;CSALON
TUR;CAM;DIG;CSALON
TUR;CAM;DIG;CSALON
TUR;CAM;DIG;CSALON
TUR;CAM;DIG;CSALON
TUR;CAM;DIG;CSALON
TUR;CAM;DIG;CSALON
TUR;CAM;DIG;CSALON
TUR;CAM;DIG;CSALON
TUR;CAM;DIG;CSALON
TUR;CAM;DIG;CSALON
TUR;CAM;DIG;CSALON
TUR;CAM;DIG;CSALON
TUR;CAM;DIG;CSALON
TUR;CAM;DIG;CSALON
TUR;CAM;DIG;CSALON
TUR;CAM;DIG;CSALON
TUR;CAM;DIG;CSALON
TUR;CAM;DIG;CSALON
TUR;CAM;DIG;CSALON
TUR;CAM;DIG;CSALON
TUR;CAM;DIG;CSALON
TUR;CAM;DIG;CSALON
TUR;CAM;DIG;CSALON
TUR;CAM;DIG;CSALON
TUR;CAM;DIG;CSALON
TUR;CAM;DIG;CSALON
TUR;CAM;DIG;CSALON
TUR;CAM;DIG;CSALON
TUR;CAM;DIG;CSALON
TUR;CAM;DIG;CSALON
TUR;CAM;DIG;CSALON
TUR;CAM;DIG;CSALON
TUR;CAM;DIG;CSALON
TUR;CAM;DIG;CSALON
TUR;CAM;DIG;CSALON
TUR;CAM;DIG;CSALON
TUR;CAM;DIG;CSALON
TUR;CAM;DIG;CSALON
TUR;CAM;DIG;CSALON
TUR;CAM;DIG;CSALON
TUR;CAM;PRINT;LIBRO
TUR;CAM;PRINT;LIBRO
TUR;CAM;EVE;CSALON
TUR;CAM;EVE;CSALON
TUR;CAM;EVE;CSALON
TUR;CAM;EVE;CSALON
TUR;CAM;EVE;CSALON
TUR;CAM;EVE;CSALON
TUR;CAM;EVE;CSALON
TUR;CAM;EVE;CSALON
TUR;CAM;DIG;CSALON
TUR;CAM;DIG;CSALON
TUR;CAM;GEN;CSALON
TUR;CAM;GEN;CSALON
TUR;CAM;GEN;CSALON
TUR;CAM;GEN;CSALON
TUR;CAM;EVE;SIC
TUR;CAM;EVE;SIC
TUR;CAM;EVE;SIC
TUR;CAM;EVE;SIC
TUR;CAM;EVE;SIC
TUR;CAM;EVE;SIC
TUR;CAM;EVE;SIC
TUR;CAM;EVE;SIC
TUR;CAM;EVE;SIC
TUR;CAM;EVE;SIC
TUR;CAM;EVE;SIC
TUR;CAM;EVE;SIC
TUR;CAM;EVE;SIC
TUR;CAM;EVE;SIC
TUR;CAM;EVE;SIC
TUR;CAM;EVE;SIC
TUR;CAM;EVE;SIC
TUR;CAM;EVE;SIC
TUR;CAM;EVE;SIC
TUR;CAM;EVE;SIC
TUR;CAM;EVE;SIC
TUR;CAM;EVE;SIC
TUR;CAR;DIG;AUTOC
TUR;CAR;DIG;AUTOC
TUR;CAR;DIG;AUTOC
TUR;CAR;DIG;AUTOC
TUR;CAR;DIG;AUTOC
TUR;CAR;DIG;AUTOC
TUR;CAR;PRINT;AUTOC
TUR;CAR;PRINT;AUTOC
TUR;CAM;DIG;BUNGC
TUR;CAM;DIG;BUNGC
TUR;CAR;DIG;AUTOC
TUR;CAR;DIG;AUTOC
TUR;CAR;DIG;AUTOC
TUR;CAR;DIG;AUTOC
TUR;CAR;DIG;AUTOC
TUR;CAR;DIG;AUTOC
TUR;CAR;DIG;AUTOC
TUR;CAR;DIG;AUTOC
TUR;CAR;DIG;AUTOC
TUR;CAR;DIG;AUTOC
TUR;CAR;DIG;AUTOC
TUR;CAR;DIG;AUTOC
TUR;CAR;DIG;AUTOC
TUR;CAR;DIG;AUTOC
TUR;CAR;DIG;AUTOC
TUR;CAR;DIG;AUTOC
TUR;CAR;DIG;AUTOC
TUR;CAR;DIG;AUTOC
TUR;CAR;DIG;AUTOC
TUR;CAR;DIG;AUTOC
TUR;CAR;DIG;AUTOC
TUR;CAR;DIG;AUTOC
TUR;CAR;DIG;AUTOC
TUR;CAR;DIG;AUTOC
TUR;CAR;DIG;AUTOC
TUR;CAR;DIG;AUTOC
TUR;CAR;DIG;AUTOC
TUR;CAR;DIG;AUTOC
TUR;CAR;DIG;AUTOC
TUR;CAR;DIG;AUTOC
TUR;CAR;DIG;AUTOC
TUR;CAR;DIG;AUTOC
TUR;CAR;DIG;AUTOC
TUR;CAR;DIG;AUTOC
TUR;CAR;DIG;AUTOC
TUR;CAR;DIG;AUTOC
TUR;CAR;DIG;AUTOC
TUR;CAR;DIG;AUTOC
TUR;CAR;DIG;AUTOC
TUR;CAR;DIG;AUTOC
TUR;CAR;DIG;AUTOC
TUR;CAR;DIG;AUTOC
TUR;CAR;DIG;AUTOC
TUR;CAR;DIG;AUTOC
TUR;CAR;DIG;AUTOC
TUR;CAR;DIG;AUTOC
TUR;CAR;DIG;AUTOC
TUR;CAR;DIG;AUTOC
TUR;CAR;DIG;AUTOC
TUR;CAR;DIG;AUTOC
TUR;CAR;DIG;AUTOC
TUR;CAR;DIG;AUTOC
TUR;CAR;DIG;AUTOC
TUR;CAR;DIG;AUTOC
TUR;CAR;DIG;AUTOC
TUR;CAR;DIG;AUTOC
TUR;CAR;DIG;AUTOC
TUR;CAR;DIG;AUTOC
TUR;CAR;DIG;AUTOC
TUR;CAR;DIG;AUTOC
TUR;CAR;DIG;AUTOC
TUR;CAR;DIG;AUTOC
TUR;CAR;DIG;AUTOC
TUR;CAR;DIG;AUTOC
TUR;CAR;DIG;AUTOC
TUR;CAR;DIG;AUTOC
TUR;CAR;DIG;AUTOC
TUR;CAR;DIG;AUTOC
TUR;CAR;DIG;AUTOC
TUR;CAR;DIG;AUTOC
TUR;CAR;DIG;AUTOC
TUR;CAR;DIG;AUTOC
TUR;CAR;DIG;AUTOC
TUR;CAR;DIG;AUTOC
TUR;CAR;DIG;AUTOC
TUR;CAR;DIG;AUTOC
TUR;CAR;DIG;AUTOC
TUR;CAR;DIG;AUTOC
TUR;CAR;DIG;AUTOC
TUR;CAR;DIG;AUTOC
TUR;CAR;DIG;AUTOC
TUR;CAR;DIG;AUTOC
TUR;CAR;DIG;AUTOC
TUR;CAR;DIG;AUTOC
TUR;CAR;DIG;AUTOC
TUR;CAR;DIG;AUTOC
TUR;CAR;DIG;AUTOC
TUR;CAR;DIG;AUTOC
TUR;CAR;DIG;AUTOC
TUR;CAR;DIG;AUTOC
TUR;CAR;DIG;AUTOC
TUR;CAR;DIG;AUTOC
TUR;CAR;DIG;AUTOC
TUR;CAR;EVE;EVEVAR
TUR;CAR;EVE;EVE
TUR;CAR;DIG;AUTOC
TUR;CAR;DIG;AUTOC
TUR;CAR;DIG;AUTOC
TUR;CAR;DIG;AUTOC
TUR;CAR;DIG;AUTOC
TUR;CAR;DIG;AUTOC
TUR;CAR;DIG;AUTOC
TUR;CAR;DIG;AUTOC
TUR;CAR;DIG;AUTOC
TUR;CAR;DIG;AUTOC
TUR;CAR;DIG;AUTOC
TUR;CAR;DIG;AUTOC
TUR;CAR;DIG;AUTOC
TUR;CAR;DIG;AUTOC
TUR;CAR;DIG;AUTOC
TUR;CAR;DIG;AUTOC
TUR;CAR;DIG;AUTOC
TUR;CAR;DIG;AUTOC
TUR;CAR;DIG;AUTOC
TUR;CAR;DIG;AUTOC
TUR;CAR;DIG;AUTOC
TUR;CAR;DIG;AUTOC
TUR;CAR;DIG;AUTOC
TUR;CAR;DIG;AUTOC
TUR;CAM;DIG;CSALON
TUR;CAM;DIG;CSALON
TUR;CAM;DIG;CSALON
TUR;CAM;DIG;CSALON
TUR;CAM;DIG;CSALON
TUR;CAM;DIG;CSALON
TUR;CAM;DIG;CSALON
TUR;CAM;DIG;CSALON
TUR;CAM;DIG;CSALON
TUR;CAM;DIG;CSALON
TUR;CAM;DIG;CSALON
TUR;CAM;DIG;CSALON
TUR;CAM;DIG;CSALON
TUR;CAM;DIG;CSALON
TUR;CAM;DIG;CSALON
TUR;CAM;DIG;CSALON
TUR;CAM;DIG;CSALON
TUR;CAM;DIG;CSALON
TUR;CAM;DIG;CSALON
TUR;CAM;DIG;CSALON
TUR;CAM;DIG;CSALON
TUR;CAM;DIG;CSALON
TUR;CAM;DIG;CSALON
TUR;CAM;DIG;CSALON
TUR;CAM;DIG;CSALON
TUR;CAM;DIG;CSALON
TUR;CAM;DIG;CSALON
TUR;CAM;DIG;CSALON
TUR;CAM;DIG;CSALON
TUR;CAM;DIG;CSALON
TUR;CAM;DIG;CSALON
TUR;CAM;DIG;CSALON
TUR;CAM;DIG;CSALON
TUR;CAM;DIG;CSALON
PECK;LIC;GEN;GEN
EDU;EDU;PRINT;EE
EDU;EDU;PRINT;EE
EDU;EDU;PRINT;EE
EDU;EDU;PRINT;EE
EDU;EDU;PRINT;EE
EDU;EDU;PRINT;EE
EDU;EDU;PRINT;EE
EDU;EDU;PRINT;EE
EDU;EDU;PRINT;EE
EDU;EDU;PRINT;EE
EDU;EDU;PRINT;EE
EDU;EDU;PRINT;EE
EDU;EDU;PRINT;EE
EDU;EDU;PRINT;EE
EDU;EDU;PRINT;EE
EDU;EDU;PRINT;EE
EDU;EDU;PRINT;EE
EDU;EDU;PRINT;EE
EDU;EDU;PRINT;EE
EDU;EDU;PRINT;EE
EDU;EDU;PRINT;EE
EDU;EDU;PRINT;EE
EDU;EDU;PRINT;EE
EDU;EDU;PRINT;EE
EDU;EDU;PRINT;EE
EDU;EDU;PRINT;EE
EDU;EDU;PRINT;EE
EDU;EDU;PRINT;EE
EDU;EDU;PRINT;EE
EDU;EDU;PRINT;EE
EDU;EDU;PRINT;EE
EDU;EDU;PRINT;EE
EDU;EDU;PRINT;EE
EDU;EDU;PRINT;EE
EDU;EDU;PRINT;EE
EDU;EDU;PRINT;EE
EDU;EDU;PRINT;EE
EDU;EDU;PRINT;EE
EDU;EDU;PRINT;EE
EDU;EDU;PRINT;EE
EDU;EDU;PRINT;EE
EDU;EDU;PRINT;EE
EDU;EDU;PRINT;EE
EDU;EDU;PRINT;EE
EDU;EDU;PRINT;EE
EDU;EDU;PRINT;EE
EDU;EDU;PRINT;EE
EDU;EDU;PRINT;EE
EDU;EDU;PRINT;EE
EDU;EDU;PRINT;EE
EDU;EDU;PRINT;EE
EDU;EDU;PRINT;EE
EDU;EDU;PRINT;EE
EDU;EDU;PRINT;EE
EDU;EDU;PRINT;EE
EDU;EDU;PRINT;EE
EDU;EDU;PRINT;EE
EDU;EDU;PRINT;EE
EDU;EDU;DIG;EE
EDU;EDU;DIG;EE
EDU;EDU;DIG;EE
EDU;EDU;DIG;EE
EDU;EDU;DIG;EE
EDU;EDU;DIG;EE
EDU;EDU;DIG;EE
EDU;EDU;DIG;EE
EDU;EDU;DIG;EE
EDU;EDU;DIG;EE
EDU;EDU;DIG;EE
EDU;EDU;DIG;EE
EDU;EDU;DIG;EE
EDU;EDU;DIG;EE
EDU;EDU;DIG;EE
EDU;EDU;DIG;EE
EDU;EDU;DIG;EE
EDU;EDU;DIG;EE
EDU;EDU;DIG;EE
EDU;EDU;DIG;EE
EDU;EDU;DIG;EE
EDU;EDU;DIG;EE
EDU;EDU;DIG;EE
EDU;EDU;DIG;EE
EDU;EDU;DIG;EE
EDU;EDU;DIG;EE
EDU;EDU;PRINT;AEE
EDU;EDU;PRINT;AEE
EDU;EDU;PRINT;AEE
EDU;EDU;PRINT;AEE
EDU;EDU;PRINT;AEE
EDU;EDU;PRINT;AEE
EDU;EDU;DIG;AEE
EDU;EDU;DIG;AEE
EDU;EDU;DIG;AEE
EDU;EDU;DIG;AEE
EDU;EDU;DIG;AEE
EDU;EDU;DIG;AEE
EDU;EDU;DIG;AEE
EDU;EDU;DIG;AEE
EDU;EDU;DIG;AEE
EDU;EDU;DIG;AEE
EDU;EDU;DIG;AEE
EDU;EDU;DIG;AEE
EDU;EDU;DIG;AEE
EDU;EDU;DIG;AEE
EDU;EDU;DIG;AEE
EDU;EDU;DIG;AEE
EDU;EDU;DIG;AEE
EDU;EDU;DIG;AEE
EDU;EDU;DIG;AEE
EDU;EDU;DIG;AEE
EDU;EDU;DIG;AEE
EDU;EDU;DIG;AEE
EDU;EDU;DIG;AEE
EDU;EDU;DIG;AEE
EDU;EDU;DIG;AEE
EDU;EDU;DIG;AEE
EDU;EDU;DIG;AEE
EDU;EDU;DIG;AEE
EDU;EDU;DIG;AEE
EDU;EDU;DIG;AEE
EDU;EDU;DIG;AEE
EDU;EDU;DIG;AEE
EDU;EDU;DIG;AEE
EDU;EDU;DIG;AEE
EDU;EDU;DIG;AEE
EDU;EDU;DIG;AEE
EDU;EDU;DIG;AEE
EDU;EDU;DIG;AEE
EDU;EDU;DIG;ANUEE
EDU;EDU;DIG;ANUEE
EDU;EDU;DIG;AEE
EDU;EDU;DIG;AEE
EDU;EDU;DIG;AEE
EDU;EDU;DIG;AEE
PECK;LIC;GEN;GEN
EDU;EDU;DIG;AEE
EDU;EDU;DIG;AEE
PECK;PROG;GEN;GEN
EDU;EDU;DIG;EE
EDU;EDU;DIG;EE
EDU;EDU;DIG;EE
EDU;EDU;DIG;EE
PECK;PROG;GEN;GEN
EDU;EDU;DIG;EE
EDU;EDU;DIG;EE
EDU;EDU;DIG;EE
EDU;EDU;DIG;EE
EDU;EDU;DIG;EE
EDU;EDU;DIG;EE
EDU;EDU;DIG;EE
EDU;EDU;DIG;EE
PEL;SOFT;GEN;GEN
PEL;SOFT;GEN;GEN
PEL;SOFT;GEN;GEN
PEL;SOFT;GEN;GEN
PEL;SOFT;GEN;GEN
HOS;HOST;PRINT;MAB
HOS;HOST;PRINT;MAB
HOS;HOST;PRINT;MAB
HOS;HOST;PRINT;MAB
HOS;HOST;PRINT;MAB
HOS;HOST;PRINT;MAB
HOS;HOST;PRINT;MAB
HOS;HOST;PRINT;MAB
HOS;HOST;PRINT;MAB
HOS;HOST;PRINT;MAB
HOS;HOST;PRINT;MAB
HOS;HOST;PRINT;MAB
HOS;HOST;PRINT;MAB
HOS;HOST;PRINT;MAB
HOS;HOST;PRINT;MAB
HOS;HOST;PRINT;MAB
HOS;HOST;PRINT;MAB
HOS;HOST;PRINT;MAB
HOS;HOST;PRINT;MAB
HOS;HOST;PRINT;MAB
HOS;HOST;PRINT;MAB
HOS;HOST;PRINT;MAB
HOS;HOST;PRINT;MAB
HOS;HOST;PRINT;MAB
HOS;HOST;PRINT;MAB
HOS;HOST;PRINT;MAB
HOS;HOST;PRINT;MAB
HOS;HOST;PRINT;MAB
HOS;HOST;PRINT;MAB
HOS;HOST;PRINT;MAB
HOS;HOST;PRINT;MAB
HOS;HOST;PRINT;MAB
HOS;HOST;PRINT;MAB
HOS;HOST;PRINT;MAB
HOS;HOST;PRINT;MAB
HOS;HOST;PRINT;MAB
HOS;HOST;PRINT;MAB
HOS;HOST;PRINT;MAB
HOS;HOST;PRINT;MAB
HOS;HOST;PRINT;MAB
HOS;HOST;PRINT;MAB
HOS;HOST;PRINT;MAB
HOS;HOST;PRINT;MAB
HOS;HOST;PRINT;MAB
HOS;HOST;PRINT;MAB
HOS;HOST;PRINT;MAB
HOS;HOST;PRINT;MAB
HOS;HOST;PRINT;MAB
HOS;HOST;PRINT;MAB
HOS;HOST;PRINT;MAB
HOS;HOST;PRINT;MAB
HOS;HOST;PRINT;MAB
HOS;HOST;PRINT;MAB
HOS;HOST;PRINT;MAB
HOS;HOST;PRINT;MAB
HOS;HOST;PRINT;MAB
HOS;HOST;PRINT;MAB
HOS;HOST;PRINT;MAB
HOS;HOST;PRINT;MAB
HOS;HOST;PRINT;MAB
HOS;HOST;PRINT;MAB
HOS;HOST;PRINT;MAB
HOS;HOST;PRINT;MAB
HOS;HOST;PRINT;MAB
HOS;HOST;PRINT;MAB
HOS;HOST;PRINT;MAB
HOS;HOST;PRINT;MAB
HOS;HOST;PRINT;MAB
HOS;HOST;PRINT;MAB
HOS;HOST;PRINT;MAB
HOS;HOST;PRINT;MAB
HOS;HOST;PRINT;MAB
HOS;HOST;PRINT;MAB
HOS;HOST;PRINT;MAB
HOS;HOST;PRINT;MAB
HOS;HOST;PRINT;MAB
HOS;HOST;PRINT;MAB
HOS;HOST;PRINT;MAB
HOS;HOST;PRINT;MAB
HOS;HOST;PRINT;MAB
HOS;HOST;PRINT;MAB
HOS;HOST;PRINT;MAB
HOS;HOST;PRINT;MAB
HOS;HOST;PRINT;MAB
HOS;HOST;PRINT;MAB
HOS;HOST;PRINT;MAB
HOS;HOST;PRINT;MAB
HOS;HOST;PRINT;MAB
HOS;HOST;PRINT;MAB
HOS;HOST;PRINT;MAB
HOS;HOST;PRINT;MAB
HOS;HOST;PRINT;MAB
HOS;HOST;PRINT;MAB
HOS;HOST;PRINT;MAB
HOS;HOST;PRINT;MAB
HOS;HOST;PRINT;MAB
HOS;HOST;PRINT;MAB
HOS;HOST;PRINT;MAB
HOS;HOST;PRINT;MAB
HOS;HOST;PRINT;MAB
HOS;HOST;PRINT;MAB
HOS;HOST;PRINT;MAB
HOS;HOST;PRINT;MAB
HOS;HOST;DIG;MAB
HOS;HOST;DIG;MAB
HOS;HOST;DIG;MAB
HOS;HOST;DIG;MAB
HOS;HOST;DIG;MAB
HOS;HOST;DIG;MAB
HOS;HOST;DIG;MAB
HOS;HOST;DIG;MAB
HOS;MARH;PRINT;TH
HOS;MARH;PRINT;TH
HOS;MARH;PRINT;TH
HOS;MARH;PRINT;TH
HOS;MARH;PRINT;TH
HOS;MARH;PRINT;TH
HOS;MARH;PRINT;TH
HOS;MARH;PRINT;TH
HOS;MARH;PRINT;TH
HOS;MARH;PRINT;TH
HOS;MARH;PRINT;TH
HOS;MARH;PRINT;TH
HOS;MARH;PRINT;TH
HOS;MARH;PRINT;TH
HOS;MARH;PRINT;TH
HOS;MARH;PRINT;TH
HOS;MARH;PRINT;TH
HOS;MARH;PRINT;TH
HOS;MARH;PRINT;TH
HOS;MARH;PRINT;TH
HOS;MARH;PRINT;TH
HOS;MARH;PRINT;TH
HOS;MARH;PRINT;TH
HOS;MARH;PRINT;TH
HOS;MARH;PRINT;TH
HOS;MARH;PRINT;TH
HOS;MARH;PRINT;TH
HOS;MARH;PRINT;TH
HOS;MARH;PRINT;TH
HOS;MARH;PRINT;TH
HOS;MARH;PRINT;TH
HOS;MARH;PRINT;TH
HOS;MARH;PRINT;TH
HOS;MARH;PRINT;TH
HOS;MARH;PRINT;TH
HOS;MARH;PRINT;TH
HOS;MARH;PRINT;TH
HOS;MARH;PRINT;TH
HOS;MARH;PRINT;TH
HOS;MARH;PRINT;TH
HOS;MARH;PRINT;TH
HOS;MARH;PRINT;TH
HOS;MARH;PRINT;TH
HOS;MARH;PRINT;TH
HOS;MARH;PRINT;TH
HOS;MARH;PRINT;TH
HOS;MARH;PRINT;TH
HOS;MARH;PRINT;TH
HOS;MARH;PRINT;TH
HOS;MARH;PRINT;TH
HOS;MARH;PRINT;TH
HOS;MARH;PRINT;TH
HOS;MARH;PRINT;TH
HOS;MARH;PRINT;TH
HOS;MARH;PRINT;TH
HOS;MARH;PRINT;TH
HOS;MARH;PRINT;TH
HOS;MARH;PRINT;TH
HOS;MARH;PRINT;TH
HOS;MARH;PRINT;TH
HOS;MARH;PRINT;TH
HOS;MARH;PRINT;TH
HOS;MARH;PRINT;TH
HOS;MARH;PRINT;TH
HOS;MARH;PRINT;TH
HOS;MARH;PRINT;TH
HOS;MARH;PRINT;TH
HOS;MARH;PRINT;TH
HOS;MARH;PRINT;TH
HOS;MARH;PRINT;TH
HOS;MARH;PRINT;TH
HOS;MARH;PRINT;TH
HOS;MARH;PRINT;TH
HOS;MARH;PRINT;TH
HOS;MARH;PRINT;TH
HOS;MARH;PRINT;TH
HOS;MARH;PRINT;TH
HOS;MARH;PRINT;TH
HOS;MARH;PRINT;TH
HOS;MARH;PRINT;TH
HOS;MARH;PRINT;TH
HOS;HOST;DIG;MAB
HOS;HOST;DIG;MAB
HOS;HOST;DIG;MAB
HOS;HOST;DIG;MAB
HOS;HOST;DIG;MAB
HOS;HOST;DIG;MAB
HOS;HOST;DIG;MAB
HOS;HOST;DIG;MAB
HOS;HOST;DIG;MAB
HOS;HOST;DIG;MAB
HOS;HOST;DIG;MAB
HOS;HOST;DIG;MAB
HOS;HOST;DIG;MAB
HOS;HOST;DIG;MAB
HOS;HOST;DIG;MAB
HOS;HOST;DIG;MAB
HOS;HOST;DIG;MAB
HOS;HOST;DIG;MAB
HOS;HOST;DIG;MAB
HOS;HOST;DIG;MAB
HOS;HOST;DIG;MAB
HOS;HOST;DIG;MAB
HOS;HOST;DIG;MAB
HOS;HOST;DIG;MAB
HOS;HOST;DIG;MAB
HOS;HOST;DIG;MAB
HOS;HOST;DIG;MAB
HOS;HOST;DIG;MAB
HOS;HOST;DIG;MAB
HOS;HOST;DIG;MAB
HOS;HOST;DIG;MAB
HOS;HOST;DIG;MAB
HOS;HOST;DIG;MAB
HOS;HOST;DIG;MAB
HOS;HOST;DIG;MAB
HOS;HOST;DIG;MAB
HOS;HOST;DIG;MAB
HOS;HOST;DIG;MAB
HOS;HOST;DIG;MAB
HOS;HOST;DIG;MAB
HOS;HOST;DIG;MAB
HOS;HOST;DIG;MAB
HOS;HOST;DIG;MAB
HOS;HOST;DIG;MAB
HOS;HOST;DIG;MAB
HOS;HOST;DIG;MAB
HOS;HOST;DIG;MAB
HOS;HOST;DIG;MAB
HOS;HOST;DIG;MAB
HOS;HOST;DIG;MAB
HOS;HOST;DIG;MAB
HOS;HOST;DIG;MAB
HOS;HOST;DIG;MAB
HOS;HOST;DIG;MAB
HOS;HOST;DIG;MAB
HOS;HOST;DIG;MAB
HOS;HOST;DIG;MAB
HOS;HOST;DIG;MAB
HOS;HOST;DIG;MAB
HOS;HOST;DIG;MAB
HOS;HOST;DIG;MAB
HOS;HOST;DIG;MAB
HOS;HOST;DIG;MAB
HOS;HOST;DIG;MAB
HOS;HOST;DIG;MAB
HOS;HOST;DIG;MAB
HOS;HOST;DIG;MAB
HOS;HOST;DIG;MAB
HOS;HOST;DIG;MAB
HOS;HOST;DIG;MAB
HOS;HOST;DIG;MAB
HOS;HOST;DIG;MAB
HOS;HOST;DIG;MAB
HOS;HOST;DIG;MAB
HOS;HOST;DIG;MAB
HOS;HOST;DIG;MAB
HOS;MARH;DIG;TH
HOS;MARH;DIG;TH
HOS;MARH;DIG;TH
HOS;MARH;DIG;TH
HOS;MARH;DIG;TH
HOS;MARH;DIG;TH
HOS;MARH;DIG;TH
HOS;MARH;DIG;TH
HOS;MARH;DIG;TH
HOS;MARH;DIG;TH
HOS;MARH;DIG;TH
HOS;MARH;DIG;TH
HOS;MARH;DIG;TH
HOS;MARH;DIG;TH
HOS;MARH;DIG;TH
HOS;MARH;DIG;TH
HOS;MARH;DIG;TH
HOS;MARH;DIG;TH
HOS;MARH;DIG;TH
HOS;MARH;DIG;TH
HOS;MARH;DIG;TH
HOS;MARH;DIG;TH
HOS;MARH;DIG;TH
HOS;MARH;DIG;TH
HOS;MARH;DIG;TH
HOS;MARH;DIG;TH
HOS;MARH;DIG;TH
HOS;MARH;DIG;TH
HOS;MARH;DIG;TH
HOS;MARH;DIG;TH
HOS;MARH;DIG;TH
HOS;MARH;DIG;TH
HOS;MARH;DIG;TH
HOS;MARH;DIG;TH
HOS;MARH;DIG;TH
HOS;MARH;DIG;TH
HOS;MARH;DIG;TH
HOS;MARH;DIG;TH
HOS;MARH;DIG;TH
HOS;MARH;DIG;TH
HOS;MARH;DIG;TH
HOS;MARH;DIG;TH
HOS;MARH;DIG;TH
HOS;MARH;DIG;TH
HOS;MARH;DIG;TH
HOS;MARH;DIG;TH
HOS;MARH;DIG;TH
HOS;MARH;DIG;TH
HOS;MARH;DIG;TH
HOS;MARH;DIG;TH
HOS;MARH;DIG;TH
HOS;MARH;DIG;TH
HOS;MARH;DIG;TH
HOS;MARH;DIG;TH
HOS;MARH;DIG;TH
HOS;MARH;DIG;TH
HOS;MARH;DIG;TH
HOS;MARH;DIG;TH
HOS;MARH;DIG;TH
HOS;MARH;DIG;TH
HOS;MARH;DIG;TH
HOS;MARH;DIG;TH
HOS;MARH;DIG;TH
HOS;MARH;DIG;TH
HOS;MARH;DIG;TH
HOS;MARH;DIG;TH
HOS;MARH;DIG;TH
HOS;MARH;DIG;TH
HOS;MARH;DIG;TH
HOS;MARH;DIG;TH
HOS;MARH;DIG;TH
HOS;MARH;DIG;TH
HOS;MARH;DIG;TH
HOS;MARH;DIG;TH
HOS;MARH;DIG;TH
HOS;MARH;DIG;TH
HOS;MARH;DIG;TH
HOS;MARH;DIG;TH
HOS;MARH;DIG;TH
HOS;MARH;DIG;TH
HOS;MARH;DIG;TH
HOS;MARH;DIG;TH
HOS;MARH;DIG;TH
HOS;MARH;DIG;TH
HOS;MARH;DIG;TH
HOS;MARH;DIG;TH
HOS;MARH;DIG;TH
HOS;MARH;DIG;TH
HOS;MARH;DIG;TH
HOS;MARH;DIG;TH
HOS;MARH;DIG;TH
HOS;MARH;DIG;TH
HOS;MARH;DIG;TH
HOS;MARH;DIG;TH
HOS;MARH;DIG;TH
HOS;MARH;DIG;TH
HOS;MARH;DIG;TH
HOS;MARH;DIG;TH
HOS;MARH;DIG;TH
HOS;MARH;DIG;TH
HOS;MARH;DIG;TH
HOS;MARH;DIG;TH
HOS;MARH;DIG;TH
HOS;MARH;DIG;TH
HOS;MARH;DIG;TH
HOS;MARH;DIG;TH
HOS;MARH;DIG;TH
HOS;MARH;DIG;TH
HOS;MARH;DIG;TH
HOS;MARH;DIG;TH
HOS;MARH;DIG;TH
HOS;MARH;DIG;TH
HOS;MARH;DIG;TH
HOS;MARH;DIG;TH
HOS;MARH;DIG;TH
HOS;MARH;DIG;TH
HOS;MARH;DIG;TH
HOS;MARH;DIG;TH
HOS;MARH;DIG;TH
HOS;MARH;DIG;TH
HOS;MARH;DIG;TH
HOS;MARH;DIG;TH
HOS;MARH;DIG;TH
HOS;MARH;DIG;TH
HOS;MARH;DIG;TH
HOS;MARH;DIG;TH
HOS;MARH;DIG;TH
HOS;MARH;DIG;TH
HOS;MARH;DIG;TH
HOS;MARH;DIG;TH
HOS;MARH;DIG;TH
HOS;MARH;DIG;TH
HOS;MARH;PRINT;TH
HOS;MARH;PRINT;TH
HOS;MARH;DIG;TH
HOS;MARH;DIG;TH
HOS;MARH;EVE;TH
HOS;MARH;EVE;TH
HOS;MARH;EVE;TH
HOS;MARH;EVE;TH
HOS;MARH;GEN;TH
HOS;MARH;GEN;TH
HOS;MARH;EVE;TH
HOS;MARH;EVE;TH
HOS;MARH;DIG;TH
HOS;MARH;DIG;TH
HOS;MARH;DIG;TH
HOS;MARH;DIG;TH
HOS;MARH;DIG;TH
HOS;MARH;DIG;TH
HOS;MARH;PRINT;TH
HOS;MARH;PRINT;TH
HOS;MARH;EVE;TH
HOS;MARH;EVE;TH
HOS;MARH;EVE;TH
HOS;MARH;EVE;TH
HOS;RES;PRINT;RN
HOS;RES;PRINT;RN
HOS;RES;PRINT;RN
HOS;RES;PRINT;RN
HOS;MARH;DIG;TH
HOS;MARH;DIG;TH
HOS;MARH;DIG;TH
HOS;MARH;DIG;TH
HOS;MARH;DIG;TH
HOS;MARH;DIG;TH
HOS;MARH;EVE;TH
HOS;MARH;EVE;TH
HOS;MARH;EVE;TH
HOS;MARH;EVE;TH
HOS;MARH;EVE;TH
HOS;MARH;EVE;TH
HOS;MARH;EVE;TH
HOS;MARH;EVE;TH
HOS;MARH;EVE;EVEDIG
HOS;MARH;EVE;TH
HOS;MARH;EVE;TH
HOS;MARH;EVE;TH
HOS;MARH;EVE;PN-THF
HOS;MARH;EVE;PN-THF
HOS;MARH;EVE;TH
HOS;MARH;EVE;TH
HOS;MARH;EVE;PN-THF
HOS;MARH;EVE;PN-THF
HOS;MARH;EVE;PN-THF
HOS;MARH;EVE;PN-THF
HOS;MARH;EVE;PN-THF
HOS;MARH;EVE;PN-THF
HOS;MARH;EVE;PN-THF
HOS;MARH;EVE;PN-THF
HOS;MARH;EVE;PN-THF
HOS;MARH;EVE;PN-THF
HOS;MARH;EVE;PN-THF
HOS;MARH;EVE;PN-THF
HOS;MARH;EVE;PN-THF
HOS;MARH;EVE;PN-THF
HOS;MARH;EVE;PN-THF
HOS;MARH;EVE;PN-THF
HOS;MARH;EVE;PN-THF
HOS;MARH;EVE;PN-THF
HOS;MARH;EVE;PN-THF
HOS;MARH;EVE;PN-THF
HOS;MARH;EVE;PN-THF
HOS;MARH;EVE;PN-THF
HOS;MARH;EVE;PN-THF
HOS;MARH;EVE;PN-THF
HOS;MARH;EVE;PN-THF
HOS;MARH;EVE;PN-THF
HOS;MARH;EVE;PN-THF
HOS;MARH;EVE;PN-THF
HOS;MARH;EVE;PN-THF
HOS;MARH;EVE;PN-THF
HOS;MARH;EVE;PN-THF
HOS;MARH;EVE;PN-THF
HOS;MARH;EVE;PN-THF
HOS;MARH;EVE;PN-THF
HOS;MARH;EVE;PN-THF
HOS;MARH;EVE;PN-THF
HOS;MARH;EVE;PN-THF
HOS;MARH;EVE;PN-THF
HOS;MARH;EVE;PN-THF
HOS;MARH;EVE;PN-THF
HOS;MARH;EVE;PN-THF
HOS;MARH;EVE;PN-THF
HOS;MARH;EVE;PN-THF
HOS;MARH;EVE;PN-THF
HOS;MARH;EVE;PN-THF
HOS;MARH;EVE;PN-THF
HOS;MARH;EVE;PN-THF
HOS;MARH;EVE;PN-THF
HOS;MARH;EVE;PN-THF
HOS;MARH;EVE;PN-THF
HOS;MARH;EVE;PN-THF
HOS;MARH;EVE;PN-THF
HOS;MARH;EVE;PN-THF
HOS;MARH;EVE;PN-THF
HOS;MARH;EVE;PN-THF
HOS;MARH;EVE;PN-THF
HOS;MARH;EVE;PN-THF
HOS;MARH;EVE;PN-THF
HOS;MARH;EVE;PN-THF
HOS;MARH;EVE;PN-THF
HOS;MARH;EVE;PN-THF
HOS;MARH;EVE;PN-THF
HOS;RES;PRINT;RN
HOS;RES;PRINT;RN
HOS;RES;PRINT;RN
HOS;RES;PRINT;RN
HOS;RES;PRINT;RN
HOS;RES;PRINT;RN
HOS;RES;PRINT;RN
HOS;RES;PRINT;RN
HOS;RES;PRINT;RN
HOS;RES;PRINT;RN
HOS;RES;PRINT;RN
HOS;RES;PRINT;RN
HOS;RES;PRINT;RN
HOS;RES;PRINT;RN
HOS;RES;PRINT;RN
HOS;RES;PRINT;RN
HOS;RES;PRINT;RN
HOS;RES;PRINT;RN
HOS;RES;PRINT;RN
HOS;RES;PRINT;RN
HOS;RES;PRINT;RN
HOS;RES;PRINT;RN
HOS;RES;PRINT;RN
HOS;RES;PRINT;RN
HOS;RES;PRINT;RN
HOS;RES;PRINT;RN
HOS;RES;EVE;HOT
HOS;RES;EVE;HOT
HOS;RES;PRINT;RN
HOS;RES;PRINT;RN
HOS;RES;PRINT;RN
HOS;RES;PRINT;RN
HOS;RES;PRINT;RN
HOS;RES;PRINT;RN
HOS;RES;PRINT;RN
HOS;RES;PRINT;RN
HOS;RES;PRINT;RN
HOS;RES;PRINT;RN
HOS;RES;PRINT;RN
HOS;RES;PRINT;RN
HOS;RES;PRINT;RN
HOS;RES;PRINT;RN
HOS;RES;PRINT;RN
HOS;RES;PRINT;RN
HOS;RES;PRINT;RN
HOS;RES;PRINT;RN
HOS;RES;PRINT;RN
HOS;RES;PRINT;RN
HOS;RES;PRINT;RN
HOS;RES;PRINT;RN
HOS;RES;PRINT;RN
HOS;RES;PRINT;RN
HOS;RES;PRINT;RN
HOS;RES;PRINT;RN
HOS;RES;PRINT;RN
HOS;RES;PRINT;RN
HOS;RES;PRINT;RN
HOS;RES;PRINT;RN
HOS;RES;PRINT;RN
HOS;RES;PRINT;RN
HOS;RES;PRINT;RN
HOS;RES;PRINT;RN
HOS;RES;PRINT;RN
HOS;RES;PRINT;RN
HOS;RES;PRINT;RN
HOS;RES;PRINT;RN
HOS;RES;PRINT;RN
HOS;RES;PRINT;RN
HOS;RES;PRINT;RN
HOS;RES;PRINT;RN
HOS;RES;PRINT;RN
HOS;RES;PRINT;RN
HOS;RES;PRINT;RN
HOS;RES;PRINT;RN
HOS;RES;PRINT;RN
HOS;RES;PRINT;RN
HOS;RES;PRINT;RN
HOS;RES;PRINT;RN
HOS;RES;PRINT;RN
HOS;RES;PRINT;RN
HOS;RES;PRINT;RN
HOS;RES;PRINT;RN
HOS;RES;PRINT;RN
HOS;RES;PRINT;RN
HOS;RES;PRINT;RN
HOS;RES;PRINT;RN
HOS;RES;PRINT;RN
HOS;RES;PRINT;RN
HOS;RES;PRINT;RN
HOS;RES;PRINT;RN
HOS;RES;PRINT;RN
HOS;RES;PRINT;RN
HOS;RES;PRINT;RN
HOS;RES;PRINT;RN
HOS;RES;PRINT;RN
HOS;RES;PRINT;RN
HOS;RES;PRINT;RN
HOS;RES;PRINT;RN
HOS;RES;DIG;RN
HOS;RES;DIG;RN
HOS;RES;DIG;RN
HOS;RES;DIG;RN
HOS;RES;DIG;RN
HOS;RES;DIG;RN
HOS;RES;DIG;RN
HOS;RES;DIG;RN
HOS;RES;DIG;RN
HOS;RES;DIG;RN
HOS;RES;DIG;RN
HOS;RES;DIG;RN
HOS;RES;DIG;RN
HOS;RES;DIG;RN
HOS;RES;DIG;RN
HOS;RES;DIG;RN
HOS;RES;DIG;RN
HOS;RES;DIG;RN
HOS;RES;DIG;RN
HOS;RES;DIG;RN
HOS;RES;DIG;RN
HOS;RES;DIG;RN
HOS;RES;DIG;RN
HOS;RES;DIG;RN
HOS;RES;DIG;RN
HOS;RES;DIG;RN
HOS;RES;DIG;RN
HOS;RES;DIG;RN
HOS;RES;DIG;RN
HOS;RES;DIG;RN
HOS;RES;DIG;RN
HOS;RES;DIG;RN
HOS;RES;DIG;RN
HOS;RES;DIG;RN
HOS;RES;DIG;RN
HOS;RES;DIG;RN
HOS;RES;DIG;RN
HOS;RES;DIG;RN
HOS;RES;DIG;RN
HOS;RES;DIG;RN
HOS;RES;DIG;RN
HOS;RES;DIG;RN
HOS;RES;DIG;RN
HOS;RES;DIG;RN
HOS;RES;DIG;RN
HOS;RES;DIG;RN
HOS;RES;DIG;RN
HOS;RES;DIG;RN
HOS;RES;DIG;RN
HOS;RES;DIG;RN
HOS;RES;DIG;RN
HOS;RES;DIG;RN
HOS;RES;DIG;RN
HOS;RES;DIG;RN
HOS;RES;DIG;RN
HOS;RES;DIG;RN
HOS;RES;DIG;RN
HOS;RES;DIG;RN
HOS;RES;DIG;RN
HOS;RES;DIG;RN
HOS;RES;DIG;RN
HOS;RES;DIG;RN
HOS;RES;DIG;RN
HOS;RES;DIG;RN
HOS;RES;DIG;RN
HOS;RES;DIG;RN
HOS;RES;DIG;RN
HOS;RES;DIG;RN
HOS;RES;DIG;RN
HOS;RES;DIG;RN
HOS;RES;DIG;RN
HOS;RES;DIG;RN
HOS;RES;DIG;RN
HOS;RES;DIG;RN
HOS;RES;DIG;RN
HOS;RES;DIG;RN
HOS;RES;DIG;RN
HOS;RES;DIG;RN
HOS;RES;DIG;RN
HOS;RES;DIG;RN
HOS;RES;DIG;RN
HOS;RES;DIG;RN
HOS;RES;DIG;RN
HOS;RES;DIG;RN
HOS;RES;DIG;RN
HOS;RES;DIG;RN
HOS;RES;DIG;RN
HOS;RES;DIG;RN
HOS;RES;DIG;RN
HOS;RES;DIG;RN
HOS;RES;DIG;RN
HOS;RES;DIG;RN
HOS;RES;DIG;RN
HOS;RES;DIG;RN
HOS;RES;DIG;RN
HOS;RES;DIG;RN
HOS;RES;DIG;RN
HOS;RES;DIG;RN
HOS;RES;DIG;RN
HOS;RES;DIG;RN
HOS;RES;DIG;RN
HOS;RES;DIG;RN
HOS;RES;DIG;RN
HOS;RES;DIG;RN
HOS;RES;DIG;RN
HOS;RES;DIG;RN
HOS;RES;DIG;RN
HOS;RES;DIG;RN
HOS;RES;DIG;RN
HOS;RES;DIG;RN
HOS;RES;DIG;RN
HOS;RES;DIG;RN
HOS;RES;DIG;RN
HOS;RES;DIG;RN
HOS;RES;DIG;RN
HOS;RES;DIG;RN
HOS;RES;DIG;RN
HOS;RES;DIG;RN
HOS;RES;EVE;EXPOF
HOS;RES;EVE;EXPOF
HOS;RES;EVE;EXPOF
HOS;RES;EVE;EXPOF
HOS;RES;EVE;EXPOF
HOS;RES;EVE;EXPOF
HOS;RES;EVE;EXPOF
HOS;RES;EVE;EXPOF
HOS;RES;EVE;EXPOF
HOS;RES;EVE;EXPOF
HOS;RES;EVE;EXPOF
HOS;RES;EVE;EXPOF
HOS;RES;EVE;EXPOF
HOS;RES;EVE;EXPOF
HOS;RES;EVE;EXPOF
HOS;RES;EVE;EXPOF
HOS;RES;EVE;EXPOF
HOS;RES;EVE;EXPOF
HOS;RES;EVE;EXPOF
HOS;RES;EVE;EXPOF
HOS;RES;EVE;EXPOF
HOS;RES;EVE;EXPOF
HOS;RES;EVE;EXPOF
HOS;RES;EVE;EXPOF
HOS;RES;EVE;EXPOF
HOS;RES;EVE;EXPOF
HOS;RES;EVE;EXPOF
HOS;RES;EVE;EXPOF
HOS;RES;EVE;EXPOF
HOS;RES;EVE;EXPOF
HOS;RES;EVE;EXPOF
HOS;RES;EVE;EXPOF
HOS;RES;EVE;EXPOF
HOS;RES;EVE;EXPOF
HOS;RES;EVE;EXPOF
HOS;RES;EVE;EXPOF
HOS;RES;EVE;EXPOF
HOS;RES;EVE;EXPOF
HOS;RES;EVE;EXPOF
HOS;RES;EVE;EXPOF
HOS;RES;EVE;EXPOF
HOS;RES;EVE;EXPOF
HOS;RES;EVE;EXPOF
HOS;RES;EVE;EXPOF
HOS;RES;EVE;EXPOF
HOS;RES;EVE;EXPOF
HOS;RES;EVE;EXPOF
HOS;RES;EVE;EXPOF
HOS;RES;EVE;EXPOF
HOS;RES;EVE;EXPOF
HOS;RES;EVE;EXPOF
HOS;RES;EVE;EXPOF
HOS;RES;EVE;EXPOF
HOS;RES;EVE;EXPOF
HOS;RES;EVE;EXPOF
HOS;RES;EVE;EXPOF
HOS;RES;EVE;EXPOF
HOS;RES;EVE;EXPOF
HOS;RES;EVE;EXPOF
HOS;RES;EVE;EXPOF
HOS;RES;EVE;EXPOF
HOS;RES;EVE;EXPOF
HOS;RES;DIG;RN
HOS;RES;DIG;RN
HOS;RES;DIG;RN
HOS;RES;DIG;RN
HOS;RES;DIG;RN
HOS;RES;DIG;RN
HOS;RES;DIG;RN
HOS;RES;DIG;RN
HOS;RES;DIG;RN
HOS;RES;DIG;RN
HOS;MARH;PRINT;THP
HOS;MARH;PRINT;THP
HOS;MARH;PRINT;THP
HOS;MARH;PRINT;THP
HOS;MARH;PRINT;THP
HOS;MARH;PRINT;THP
HOS;MARH;PRINT;THP
HOS;MARH;PRINT;THP
HOS;MARH;DIG;THP
HOS;MARH;DIG;THP
HOS;MARH;DIG;THP
HOS;MARH;DIG;THP
HOS;MARH;DIG;THP
HOS;MARH;DIG;THP
HOS;MARH;DIG;THP
HOS;MARH;DIG;THP
HOS;RES;EVE;HOT
HOS;RES;EVE;HOT
HOS;RES;EVE;HOT
HOS;RES;EVE;HOT
HOS;RES;EVE;HOT
HOS;RES;EVE;HOT
HOS;RES;EVE;HOT
HOS;RES;EVE;HOT
HOS;RES;EVE;HOT
HOS;RES;EVE;HOT
HOS;RES;EVE;RN
HOS;RES;EVE;RN
HOS;RES;EVE;RN
HOS;RES;EVE;EVEDIG
HOS;RES;EVE;EVE
HOS;RES;EVE;RN
HOS;RES;EVE;EVEDIG
HOS;RES;EVE;RN
HOS;RES;EVE;PN-FSF
HOS;RES;EVE;RN
HOS;RES;EVE;RN
HOS;RES;EVE;RN
HOS;RES;EVE;EVEDIG
HOS;MARH;PRINT;TH
HOS;MARH;PRINT;TH
HOS;MARH;PRINT;TH
HOS;MARH;PRINT;TH
HOS;MARH;PRINT;TH
HOS;MARH;PRINT;TH
HOS;MARH;PRINT;TH
HOS;MARH;PRINT;TH
HOS;MARH;PRINT;TH
HOS;MARH;PRINT;TH
HOS;MARH;PRINT;TH
HOS;MARH;PRINT;TH
HOS;MARH;PRINT;TH
HOS;MARH;PRINT;TH
HOS;MARH;PRINT;TH
HOS;MARH;PRINT;TH
HOS;MARH;PRINT;TH
HOS;MARH;PRINT;TH
HOS;MARH;PRINT;TH
HOS;MARH;PRINT;TH
HOS;MARH;PRINT;TH
HOS;MARH;PRINT;TH
HOS;MARH;PRINT;TH
HOS;MARH;PRINT;TH
HOS;MARH;PRINT;TH
HOS;MARH;PRINT;TH
HOS;MARH;DIG;TH
HOS;MARH;DIG;TH
HOS;MARH;DIG;TH
HOS;MARH;DIG;TH
HOS;MARH;DIG;TH
HOS;MARH;DIG;TH
HOS;MARH;DIG;TH
HOS;MARH;DIG;TH
HOS;MARH;DIG;TH
HOS;MARH;DIG;TH
HOS;MARH;DIG;TH
HOS;MARH;DIG;TH
HOS;MARH;DIG;TH
HOS;MARH;DIG;TH
HOS;MARH;DIG;TH
HOS;MARH;DIG;TH
HOS;MARH;DIG;TH
HOS;MARH;DIG;TH
HOS;MARH;DIG;TH
HOS;MARH;DIG;TH
HOS;MARH;DIG;TH
HOS;MARH;DIG;TH
HOS;MARH;DIG;TH
HOS;MARH;DIG;TH
HOS;MARH;DIG;TH
HOS;MARH;DIG;TH
HOS;MARH;DIG;TH
HOS;MARH;DIG;TH
HOS;MARH;DIG;TH
HOS;MARH;DIG;TH
HOS;MARH;DIG;TH
HOS;MARH;DIG;TH
HOS;MARH;DIG;TH
HOS;MARH;DIG;TH
HOS;MARH;DIG;TH
HOS;MARH;DIG;TH
HOS;MARH;DIG;TH
HOS;MARH;DIG;TH
HOS;MARH;DIG;TH
HOS;MARH;DIG;TH
HOS;MARH;DIG;TH
HOS;MARH;DIG;TH
HOS;MARH;DIG;TH
HOS;MARH;DIG;TH
HOS;MARH;DIG;TH
HOS;MARH;DIG;TH
HOS;RES;DIG;RN
HOS;RES;DIG;RN
HOS;RES;DIG;RN
HOS;RES;DIG;RN
HOS;RES;DIG;RN
HOS;RES;DIG;RN
HOS;MARH;DIG;TH
HOS;MARH;DIG;TH
HOS;MARH;DIG;TH
HOS;MARH;DIG;TH
HOS;RES;DIG;RN
HOS;RES;DIG;RN
HOS;RES;DIG;RN
HOS;RES;DIG;RN
HOS;RES;DIG;RN
HOS;RES;DIG;RN
HOS;RES;DIG;RN
HOS;RES;DIG;RN
HOS;RES;EVE;HOT
HOS;RES;EVE;HOT
HOS;RES;EVE;HOT
HOS;RES;EVE;HOT
HOS;RES;EVE;HOT
HOS;RES;EVE;HOT
HOS;RES;EVE;HOT
HOS;RES;EVE;HOT
HOS;RES;EVE;HOT
HOS;RES;EVE;HOT
HOS;RES;EVE;PN-FSF
HOS;RES;EVE;PN-FSF
HOS;RES;EVE;PN-FSF
HOS;RES;EVE;PN-FSF
HOST;RES;EVE;PN-FSF
HOS;RES;EVE;PN-FSF
HOS;RES;EVE;PN-FSF
HOS;RES;EVE;PN-FSF
HOS;RES;EVE;PN-FSF
HOS;RES;EVE;PN-FSF
HOS;RES;EVE;PN-FSF
HOS;RES;EVE;PN-FSF
HOS;RES;EVE;PN-FSF
HOS;RES;EVE;PN-FSF
HOST;RES;EVE;PN-FSF
HOS;RES;EVE;PN-FSF
HOST;RES;EVE;PN-FSF
HOS;RES;EVE;PN-FSF
HOS;RES;EVE;PN-FSF
HOS;RES;EVE;PN-FSF
HOS;RES;EVE;PN-FSF
HOS;RES;EVE;PN-FSF
HOS;RES;EVE;PN-FSF
HOS;RES;EVE;PN-FSF
HOS;RES;EVE;PN-FSF
HOS;RES;EVE;PN-FSF
HOS;RES;EVE;PN-FSF
HOS;RES;EVE;PN-FSF
SEG;SEG;PRINT;CSEG
SEG;SEG;PRINT;CSEG
SEG;SEG;PRINT;CSEG
SEG;SEG;PRINT;CSEG
SEG;SEG;PRINT;CSEG
SEG;SEG;PRINT;CSEG
SEG;SEG;PRINT;CSEG
SEG;SEG;PRINT;CSEG
SEG;SEG;PRINT;CSEG
SEG;SEG;PRINT;CSEG
SEG;SEG;PRINT;CSEG
SEG;SEG;PRINT;CSEG
SEG;SEG;PRINT;CSEG
SEG;SEG;PRINT;CSEG
SEG;SEG;PRINT;CSEG
SEG;SEG;PRINT;CSEG
SEG;SEG;PRINT;CSEG
SEG;SEG;PRINT;CSEG
SEG;SEG;PRINT;CSEG
SEG;SEG;PRINT;CSEG
SEG;SEG;PRINT;CSEG
SEG;SEG;PRINT;CSEG
SEG;SEG;PRINT;CSEG
SEG;SEG;PRINT;CSEG
SEG;SEG;PRINT;CSEG
SEG;SEG;PRINT;CSEG
SEG;SEG;PRINT;CSEG
SEG;SEG;PRINT;CSEG
SEG;SEG;PRINT;CSEG
SEG;SEG;PRINT;CSEG
SEG;SEG;PRINT;CSEG
SEG;SEG;PRINT;CSEG
SEG;SEG;PRINT;CSEG
SEG;SEG;PRINT;CSEG
SEG;SEG;PRINT;CSEG
SEG;SEG;PRINT;CSEG
SEG;SEG;PRINT;CSEG
SEG;SEG;PRINT;CSEG
SEG;SEG;PRINT;CSEG
SEG;SEG;PRINT;CSEG
SEG;SEG;PRINT;CSEG
SEG;SEG;PRINT;CSEG
SEG;SEG;PRINT;CSEG
SEG;SEG;PRINT;CSEG
SEG;SEG;PRINT;CSEG
SEG;SEG;PRINT;CSEG
SEG;SEG;PRINT;CSEG
SEG;SEG;PRINT;CSEG
SEG;SEG;PRINT;CSEG
SEG;SEG;PRINT;CSEG
SEG;SEG;PRINT;CSEG
SEG;SEG;PRINT;CSEG
SEG;SEG;DIG;CSEG
SEG;SEG;DIG;CSEG
SEG;SEG;PRINT;CSEG
SEG;SEG;PRINT;CSEG
SEG;SEG;PRINT;CSEG
SEG;SEG;PRINT;CSEG
SEG;SEG;PRINT;CSEG
SEG;SEG;PRINT;CSEG
SEG;SEG;PRINT;CSEG
SEG;SEG;PRINT;CSEG
SEG;SEG;PRINT;CSEG
SEG;SEG;PRINT;CSEG
SEG;SEG;PRINT;CSEG
SEG;SEG;PRINT;CSEG
SEG;SEG;PRINT;CSEG
SEG;SEG;PRINT;CSEG
SEG;SEG;PRINT;CSEG
SEG;SEG;PRINT;CSEG
SEG;SEG;PRINT;CSEG
SEG;SEG;PRINT;CSEG
SEG;SEG;PRINT;CSEG
SEG;SEG;PRINT;CSEG
SEG;SEG;PRINT;CSEG
SEG;SEG;PRINT;CSEG
SEG;SEG;DIG;CSEG
SEG;SEG;DIG;CSEG
SEG;SEG;DIG;CSEG
SEG;SEG;DIG;CSEG
SEG;SEG;DIG;CSEG
SEG;SEG;DIG;CSEG
SEG;SEG;DIG;CSEG
SEG;SEG;DIG;CSEG
SEG;SEG;DIG;CSEG
SEG;SEG;DIG;CSEG
SEG;SEG;DIG;CSEG
SEG;SEG;DIG;CSEG
SEG;SEG;DIG;CSEG
SEG;SEG;DIG;CSEG
SEG;SEG;DIG;CSEG
SEG;SEG;DIG;CSEG
SEG;SEG;PRINT;GVISIT
SEG;SEG;PRINT;GVISIT
SEG;SEG;PRINT;GVISIT
SEG;SEG;PRINT;GVISIT
SEG;SEG;PRINT;GVISIT
SEG;SEG;PRINT;GVISIT
SEG;SEG;PRINT;GVISIT
SEG;SEG;PRINT;GVISIT
SEG;SEG;PRINT;GVISIT
SEG;SEG;PRINT;GVISIT
SEG;SEG;PRINT;GVISIT
SEG;SEG;PRINT;GVISIT
SEG;SEG;PRINT;GVISIT
SEG;SEG;PRINT;GVISIT
SEG;SEG;PRINT;GVISIT
SEG;SEG;PRINT;GVISIT
SEG;SEG;PRINT;GVISIT
SEG;SEG;PRINT;GVISIT
SEG;SEG;PRINT;CSEG
SEG;SEG;PRINT;CSEG
SEG;SEG;PRINT;GVISIT
SEG;SEG;PRINT;GVISIT
SEG;SEG;PRINT;GVISIT
SEG;SEG;PRINT;GVISIT
SEG;SEG;PRINT;GVISIT
SEG;SEG;PRINT;GVISIT
SEG;SEG;PRINT;GVISIT
SEG;SEG;PRINT;GVISIT
SEG;SEG;PRINT;GVISIT
SEG;SEG;PRINT;GVISIT
SEG;SEG;PRINT;GVISIT
SEG;SEG;PRINT;GVISIT
SEG;SEG;PRINT;GVISIT
SEG;SEG;PRINT;GVISIT
SEG;SEG;PRINT;GVISIT
SEG;SEG;PRINT;GVISIT
SEG;SEG;PRINT;GVISIT
SEG;SEG;PRINT;GVISIT
SEG;SEG;PRINT;GVISIT
SEG;SEG;PRINT;GVISIT
SEG;SEG;PRINT;GVISIT
SEG;SEG;PRINT;GVISIT
SEG;SEG;EVE;PN-SF
SEG;SEG;EVE;PN-SF
SEG;SEG;EVE;PN-SF
SEG;SEG;EVE;PN-SF
SEG;SEG;EVE;PN-SF
SEG;SEG;EVE;PN-SF
SEG;SEG;EVE;PN-SF
SEG;SEG;EVE;PN-SF
SEG;SEG;EVE;PN-SF
SEG;SEG;EVE;PN-SF
SEG;SEG;EVE;PN-SF
SEG;SEG;EVE;PN-SF
SEG;SEG;EVE;PN-SF
SEG;SEG;EVE;PN-SF
SEG;SEG;EVE;PN-SF
SEG;SEG;EVE;PN-SF
SEG;SEG;EVE;PN-SF
SEG;SEG;EVE;PN-SF
SEG;SEG;EVE;PN-SF
SEG;SEG;EVE;PN-SF
SEG;SEG;EVE;PN-SF
SEG;SEG;EVE;PN-SF
SEG;SEG;EVE;PN-SF
SEG;SEG;EVE;PN-SF
SEG;SEG;EVE;PN-SF
SEG;SEG;EVE;PN-SF
SEG;SEG;EVE;PN-SF
SEG;SEG;EVE;PN-SF
SEG;SEG;EVE;PN-SF
SEG;SEG;EVE;PN-SF
SEG;SEG;EVE;PN-SF
SEG;SEG;EVE;PN-SF
SEG;SEG;EVE;PN-SF
SEG;SEG;EVE;PN-SF
SEG;SEG;EVE;PN-SF
SEG;SEG;EVE;PN-SF
SEG;SEG;EVE;PN-SF
SEG;SEG;EVE;PN-SF
SEG;SEG;EVE;PN-SF
SEG;SEG;EVE;PN-SF
SEG;SEG;EVE;PN-SF
SEG;SEG;EVE;PN-SF
SEG;SEG;EVE;PN-SF
SEG;SEG;EVE;PN-SF
SEG;SEG;EVE;PN-SF
SEG;SEG;EVE;PN-SF
SEG;SEG;EVE;PN-SF
SEG;SEG;EVE;PN-SF
SEG;SEG;EVE;PN-SF
SEG;SEG;EVE;PN-SF
SEG;SEG;EVE;PN-SF
SEG;SEG;EVE;PN-SF
SEG;SEG;EVE;PN-SF
SEG;SEG;EVE;PN-SF
SEG;SEG;EVE;PN-SF
SEG;SEG;EVE;PN-SF
SEG;SEG;EVE;PN-SF
SEG;SEG;EVE;PN-SF
SEG;SEG;EVE;PN-SF
SEG;SEG;EVE;PN-SF
SEG;SEG;EVE;PN-SF
SEG;SEG;EVE;PN-SF
SEG;SEG;EVE;PN-SF
SEG;SEG;EVE;PN-SF
SEG;SEG;EVE;PN-SF
SEG;SEG;EVE;PN-SF
SEG;SEG;EVE;PN-SF
SEG;SEG;EVE;PN-SF
SEG;SEG;EVE;PN-SF
SEG;SEG;EVE;PN-SF
SEG;SEG;EVE;PN-SF
SEG;SEG;EVE;PN-SF
SEG;SEG;EVE;PN-SF
SEG;SEG;EVE;PN-SF
SEG;SEG;EVE;PN-SF
SEG;SEG;EVE;PN-SF
SEG;SEG;EVE;PN-SF
SEG;SEG;EVE;PN-SF
SEG;SEG;EVE;PN-SF
SEG;SEG;EVE;PN-SF
SEG;SEG;EVE;PN-SF
SEG;SEG;EVE;PN-SF
SEG;SEG;EVE;CSE
SEG;SEG;EVE;CSE
SEG;SEG;EVE;CSE
SEG;SEG;EVE;CSE
SEG;SEG;EVE;CSE
SEG;SEG;EVE;CSE
SEG;SEG;EVE;CSE
SEG;SEG;EVE;CSE
SEG;SEG;EVE;CSE
SEG;SEG;EVE;CSE
SEG;SEG;EVE;CSE
SEG;SEG;EVE;CSE
SEG;SEG;DIG;CSEG
SEG;SEG;DIG;CSEG
SEG;SEG;DIG;CSEG
SEG;SEG;DIG;CSEG
SEG;SEG;DIG;CSEG
SEG;SEG;DIG;CSEG
SEG;SEG;DIG;CSEG
SEG;SEG;DIG;CSEG
SEG;SEG;DIG;CSEG
SEG;SEG;DIG;CSEG
SEG;SEG;DIG;CSEG
SEG;SEG;DIG;CSEG
SEG;SEG;DIG;CSEG
SEG;SEG;DIG;CSEG
SEG;SEG;DIG;CSEG
SEG;SEG;DIG;CSEG
SEG;SEG;DIG;CSEG
SEG;SEG;DIG;CSEG
SEG;SEG;DIG;CSEG
SEG;SEG;DIG;CSEG
SEG;SEG;DIG;CSEG
SEG;SEG;DIG;CSEG
SEG;SEG;DIG;CSEG
SEG;SEG;DIG;CSEG
SEG;SEG;DIG;CSEG
SEG;SEG;DIG;CSEG
SEG;SEG;DIG;CSEG
SEG;SEG;DIG;CSEG
SEG;SEG;DIG;CSEG
SEG;SEG;DIG;CSEG
SEG;SEG;DIG;CSEG
SEG;SEG;DIG;CSEG
SEG;SEG;DIG;CSEG
SEG;SEG;DIG;CSEG
SEG;SEG;DIG;CSEG
SEG;SEG;DIG;CSEG
SEG;SEG;DIG;CSEG
SEG;SEG;DIG;CSEG
SEG;SEG;DIG;CSEG
SEG;SEG;DIG;CSEG
SEG;SEG;DIG;CSEG
SEG;SEG;DIG;CSEG
SEG;SEG;DIG;CSEG
SEG;SEG;DIG;CSEG
SEG;SEG;DIG;CSEG
SEG;SEG;DIG;CSEG
SEG;SEG;DIG;CSEG
SEG;SEG;DIG;CSEG
SEG;SEG;DIG;CSEG
SEG;SEG;DIG;CSEG
SEG;SEG;DIG;CSEG
SEG;SEG;DIG;CSEG
SEG;SEG;DIG;CSEG
SEG;SEG;DIG;CSEG
SEG;SEG;DIG;CSEG
SEG;SEG;DIG;CSEG
SEG;SEG;DIG;CSEG
SEG;SEG;DIG;CSEG
SEG;SEG;DIG;CSEG
SEG;SEG;DIG;CSEG
SEG;SEG;DIG;CSEG
SEG;SEG;DIG;CSEG
SEG;SEG;DIG;CSEG
SEG;SEG;DIG;CSEG
SEG;SEG;DIG;CSEG
SEG;SEG;DIG;CSEG
SEG;SEG;DIG;CSEG
SEG;SEG;DIG;CSEG
SEG;SEG;DIG;CSEG
SEG;SEG;DIG;CSEG
SEG;SEG;DIG;CSEG
SEG;SEG;DIG;CSEG
SEG;SEG;DIG;CSEG
SEG;SEG;DIG;CSEG
SEG;SEG;DIG;CSEG
SEG;SEG;DIG;CSEG
SEG;SEG;DIG;CSEG
SEG;SEG;DIG;CSEG
SEG;SEG;DIG;CSEG
SEG;SEG;DIG;CSEG
SEG;SEG;DIG;CSEG
SEG;SEG;DIG;CSEG
SEG;SEG;DIG;CSEG
SEG;SEG;DIG;CSEG
SEG;SEG;DIG;CSEG
SEG;SEG;DIG;CSEG
SEG;SEG;DIG;CSEG
SEG;SEG;DIG;CSEG
SEG;SEG;DIG;CSEG
SEG;SEG;DIG;CSEG
SEG;SEG;DIG;CSEG
SEG;SEG;DIG;CSEG
SEG;SEG;DIG;CSEG
SEG;SEG;DIG;CSEG
SEG;SEG;DIG;CSEG
SEG;SEG;DIG;CSEG
SEG;SEG;DIG;CSEG
SEG;SEG;DIG;CSEG
SEG;SEG;DIG;CSEG
SEG;SEG;PRINT;CSEG
SEG;SEG;PRINT;CSEG
SEG;SEG;DIG;CSEG
SEG;SEG;DIG;CSEG
SEG;SEG;EVE;CSE
SEG;SEG;EVE;CSE
SEG;SEG;EVE;EVEVAR
SEG;SEG;EVE;EVEVAR
SEG;SEG;EVE;EVEVAR
SEG;SEG;EVE;EVEVAR
SEG;SEG;EVE;EVEVAR
SEG;SEG;EVE;EVEVAR
SEG;SEG;EVE;EVEVAR
SEG;SEG;EVE;EVEVAR
SEG;SEG;EVE;EVEVAR
SEG;SEG;EVE;EVEVAR
SEG;SEG;EVE;EVEVAR
SEG;SEG;EVE;EVEVAR
SEG;SEG;EVE;EVEVAR
SEG;SEG;EVE;EVEVAR
SEG;SEG;EVE;CSE
SEG;SEG;EVE;CSE
SEG;SEG;EVE;CSE
SEG;SEG;DIG;CSEG
SEG;SEG;DIG;CSEG
SEG;SEG;DIG;CSEG
SEG;SEG;PRINT;CSEG
SEG;SEG;PRINT;CSEG
SEG;SEG;EVE;EVEVAR
SEG;SEG;EVE;EVEVAR
SEG;SEG;EVE;CSE
SEG;SEG;EVE;CSE
SEG;SEG;EVE;CSE
SEG;SEG;EVE;CSE
SEG;SEG;EVE;CSE
SEG;SEG;EVE;CSE
SEG;SEG;EVE;CSE
SEG;SEG;EVE;CSE
SEG;SEG;EVE;CSE
SEG;SEG;EVE;CSE
SEG;SEG;EVE;CSE
SEG;SEG;EVE;CSE
SEG;SEG;EVE;CCASINO
SEG;SEG;EVE;EVEPRESEN
SEG;SEG;DIG;CSEG
SEG;SEG;DIG;CSEG
SEG;SEG;DIG;CSEG
SEG;SEG;DIG;CSEG
SEG;SEG;DIG;CSEG
SEG;SEG;DIG;CSEG
SEG;SEG;DIG;CSEG
SEG;SEG;DIG;CSEG
SEG;SEG;DIG;CSEG
SEG;SEG;DIG;CSEG
SEG;SEG;DIG;CSEG
SEG;SEG;DIG;CSEG
SEG;SEG;DIG;CSEG
SEG;SEG;DIG;CSEG
SEG;SEG;DIG;CSEG
SEG;SEG;DIG;CSEG
SEG;SEG;GEN;CSEG
SEG;SEG;GEN;CSEG
SEG;SEG;GEN;CSEG
SEG;SEG;GEN;CSEG
PEL;GEN;GEN;PEL
PEL;GEN;GEN;PEL
PEL;GEN;PRINT;LIBRO
PEL;GEN;PRINT;GEN
INT;GEN;GEN;GEN
INT;GEN;GEN;GEN
INT;GEN;GEN;GEN
INT;GEN;GEN;GEN
INT;GEN;GEN;GEN
INT;GEN;GEN;GEN
INT;GEN;GEN;GEN
INT;GEN;GEN;GEN
PEL;GEN;GEN;EVEVAR
PEL;GEN;GEN;EVEVAR
PEL;GEN;GEN;EVEVAR
SEG;SEG;PRINT;CSEG
SEG;SEG;PRINT;CSEG
SEG;SEG;PRINT;CSEG
SEG;SEG;PRINT;CSEG
SEG;SEG;PRINT;CSEG
SEG;SEG;PRINT;CSEG
TUR;CAM;PRINT;UCC
TUR;CAM;PRINT;UCC
TUR;CAM;PRINT;UCC
TUR;CAM;PRINT;UCC
KAU;PECK;DIG;PECK
KAU;PECK;DIG;PECK
KAU;PECK;DIG;PECK
KAU;PECK;DIG;PECK
KAU;PECK;DIG;PECK
KAU;PECK;DIG;PECK
KAU;PECK;DIG;PECK
KAU;PECK;DIG;PECK
PEL;GEN;DIG;GEN
PEL;GEN;DIG;GEN
EVE;EVE;EVE;PFINE
EVE;EVE;EVE;PFINE
EVE;EVE;EVE;PFINE
EVE;EVE;EVE;PFINE
EVE;EVE;EVE;PFINE
EVE;EVE;EVE;PFINE
EVE;EVE;EVE;PFINE
EVE;EVE;EVE;PFINE
EVE;EVE;EVE;EVEVAR
EVE;EVE;EVE;EVEVAR
EVE;EVE;EVE;ASIS
EVE;EVE;EVE;ASIS
EVE;EVE;EVE;ASIS
EVE;EVE;EVE;ASIS
EVE;EVE;EVE;ASIS
EVE;EVE;EVE;ASIS
EVE;EVE;EVE;EVE
EVE;EVE;EVE;EVE
EVE;EVE;EVE;EVE
EVE;EVE;EVE;EVE
EVE;EVE;EVE;EVE
EVE;EVE;EVE;EVE
EVE;EVE;EVE;EVE
EVE;EVE;EVE;EVE
EVE;EVE;EVE;EVE
EVE;EVE;EVE;EVE
EVE;EVE;EVE;EVE
EVE;EVE;EVE;EVE
ARQ;ARQ;PRINT;NAN
ARQ;ARQ;PRINT;NAN
ARQ;ARQ;PRINT;NAN
ARQ;ARQ;PRINT;NAN
ARQ;ARQ;PRINT;NAN
ARQ;ARQ;PRINT;NAN
ARQ;ARQ;PRINT;NAN
ARQ;ARQ;PRINT;NAN
ARQ;ARQ;PRINT;NAN
ARQ;ARQ;PRINT;NAN
ARQ;ARQ;PRINT;NAN
ARQ;ARQ;PRINT;NAN
ARQ;ARQ;PRINT;NAN
ARQ;ARQ;PRINT;NAN
ARQ;ARQ;PRINT;NAN
ARQ;ARQ;PRINT;NAN
ARQ;ARQ;PRINT;NAN
ARQ;ARQ;PRINT;NAN
ARQ;ARQ;PRINT;NAN
ARQ;ARQ;PRINT;NAN
ARQ;ARQ;PRINT;NAN
ARQ;ARQ;PRINT;NAN
ARQ;ARQ;PRINT;NAN
ARQ;ARQ;PRINT;NAN
ARQ;ARQ;PRINT;NAN
ARQ;ARQ;PRINT;NAN
ARQ;ARQ;PRINT;NAN
ARQ;ARQ;DIG;NAN
ARQ;ARQ;DIG;NAN
ARQ;ARQ;DIG;NAN
ARQ;ARQ;DIG;NAN
ARQ;ARQ;DIG;NAN
ARQ;ARQ;DIG;NAN
ARQ;ARQ;DIG;NAN
ARQ;ARQ;DIG;NAN
ARQ;ARQ;DIG;NAN
ARQ;ARQ;DIG;NAN
ARQ;ARQ;DIG;NAN
ARQ;ARQ;DIG;NAN
ARQ;ARQ;DIG;NAN
ARQ;ARQ;DIG;NAN
ARQ;ARQ;DIG;NAN
ARQ;ARQ;DIG;NAN
ARQ;ARQ;DIG;NAN
ARQ;ARQ;DIG;NAN
ARQ;ARQ;DIG;NAN
ARQ;ARQ;DIG;NAN
ARQ;ARQ;DIG;NAN
ARQ;ARQ;DIG;NAN
ARQ;ARQ;DIG;NAN
ARQ;ARQ;DIG;NAN
ARQ;ARQ;DIG;NAN
ARQ;ARQ;DIG;NAN
ARQ;ARQ;DIG;NAN
ARQ;ARQ;DIG;NAN
ARQ;ARQ;DIG;NAN
ARQ;ARQ;DIG;NAN
ARQ;ARQ;DIG;NAN
ARQ;ARQ;DIG;NAN
ARQ;ARQ;DIG;NAN
ARQ;ARQ;DIG;NAN
ARQ;ARQ;DIG;NAN
ARQ;ARQ;DIG;NAN
ARQ;ARQ;DIG;NAN
ARQ;ARQ;DIG;NAN
ARQ;ARQ;DIG;NAN
ARQ;ARQ;EVE;PNAN
ARQ;ARQ;EVE;PNAN
ARQ;ARQ;EVE;PNAN
ARQ;ARQ;EVE;00699
ARQ;ARQ;EVE;PNAN
ARQ;ARQ;DIG;NAN
ARQ;ARQ;DIG;NAN
ARQ;ARQ;DIG;NAN
ARQ;ARQ;DIG;NAN
ARQ;ARQ;DIG;NAN
ARQ;ARQ;DIG;NAN
ARQ;ARQ;DIG;NAN
ARQ;ARQ;EVE;ESNAN
ARQ;ARQ;EVE;ESNAN
ARQ;ARQ;EVE;ESNAN
ARQ;ARQ;EVE;ESNAN
ARQ;ARQ;EVE;PN-NAN
ARQ;ARQ;EVE;PN-NAN
DEN;DEN;PRINT;GD
DEN;DEN;PRINT;GD
DEN;DEN;PRINT;GD
DEN;DEN;PRINT;GD
DEN;DEN;PRINT;GD
DEN;DEN;PRINT;GD
DEN;DEN;PRINT;GD
DEN;DEN;PRINT;GD
DEN;DEN;PRINT;GD
DEN;DEN;PRINT;GD
DEN;DEN;PRINT;GD
DEN;DEN;PRINT;GD
DEN;DEN;PRINT;GD
DEN;DEN;PRINT;GD
DEN;DEN;PRINT;GD
DEN;DEN;PRINT;GD
DEN;DEN;PRINT;GD
DEN;DEN;PRINT;GD
DEN;DEN;PRINT;GD
DEN;DEN;PRINT;GD
DEN;DEN;PRINT;GD
DEN;DEN;PRINT;GD
DEN;DEN;PRINT;GD
DEN;DEN;PRINT;GD
DEN;DEN;PRINT;GD
DEN;DEN;PRINT;GD
DEN;DEN;PRINT;GD
DEN;DEN;PRINT;GD
DEN;DEN;PRINT;GD
DEN;DEN;PRINT;GD
DEN;DEN;PRINT;GD
DEN;DEN;PRINT;GD
DEN;DEN;PRINT;GD
DEN;DEN;PRINT;GD
DEN;DEN;PRINT;GD
DEN;DEN;PRINT;GD
DEN;DEN;PRINT;GD
DEN;DEN;PRINT;GD
DEN;DEN;PRINT;GD
DEN;DEN;PRINT;GD
DEN;DEN;PRINT;GD
DEN;DEN;PRINT;GD
DEN;DEN;PRINT;GD
DEN;DEN;PRINT;GD
DEN;DEN;PRINT;GD
DEN;DEN;PRINT;GD
DEN;DEN;PRINT;GD
DEN;DEN;PRINT;GD
DEN;DEN;PRINT;GD
DEN;DEN;PRINT;GD
DEN;DEN;PRINT;GD
DEN;DEN;PRINT;GD
DEN;DEN;PRINT;GD
DEN;DEN;PRINT;GD
DEN;DEN;PRINT;GD
DEN;DEN;PRINT;GD
DEN;DEN;PRINT;GD
DEN;DEN;PRINT;GD
DEN;DEN;PRINT;GD
DEN;DEN;PRINT;GD
DEN;DEN;PRINT;GD
DEN;DEN;PRINT;GD
DEN;DEN;PRINT;GD
DEN;DEN;PRINT;GD
DEN;DEN;PRINT;GD
DEN;DEN;PRINT;GD
DEN;DEN;PRINT;GD
DEN;DEN;PRINT;GD
DEN;DEN;PRINT;GD
DEN;DEN;PRINT;GD
DEN;DEN;PRINT;GD
DEN;DEN;PRINT;GD
DEN;DEN;PRINT;GD
DEN;DEN;PRINT;GD
DEN;DEN;PRINT;GD
DEN;DEN;PRINT;GD
DEN;DEN;PRINT;GD
DEN;DEN;PRINT;GD
DEN;DEN;PRINT;GD
DEN;DEN;PRINT;GD
DEN;DEN;PRINT;GD
DEN;DEN;PRINT;GD
DEN;DEN;PRINT;GD
DEN;DEN;PRINT;GD
DEN;DEN;PRINT;GD
DEN;DEN;PRINT;GD
DEN;DEN;PRINT;GD
DEN;DEN;PRINT;GD
DEN;DEN;PRINT;GD
DEN;DEN;PRINT;GD
DEN;DEN;PRINT;GD
DEN;DEN;PRINT;GD
DEN;DEN;PRINT;GD
DEN;DEN;PRINT;GD
DEN;DEN;PRINT;GD
DEN;DEN;PRINT;GD
DEN;DEN;PRINT;GD
DEN;DEN;PRINT;GD
DEN;DEN;PRINT;GD
DEN;DEN;PRINT;GD
DEN;DEN;PRINT;GD
DEN;DEN;PRINT;GD
DEN;DEN;PRINT;GD
DEN;DEN;PRINT;GD
DEN;DEN;PRINT;GD
DEN;DEN;PRINT;GD
DEN;DEN;PRINT;GD
DEN;DEN;PRINT;GD
DEN;DEN;PRINT;GD
DEN;DEN;PRINT;GD
DEN;DEN;PRINT;GD
DEN;DEN;PRINT;GD
DEN;DEN;PRINT;GD
DEN;DEN;PRINT;GD
DEN;DEN;PRINT;GD
DEN;DEN;PRINT;GD
DEN;DEN;PRINT;GD
DEN;DEN;PRINT;GD
DEN;DEN;PRINT;GD
DEN;DEN;PRINT;GD
DEN;DEN;PRINT;GD
DEN;DEN;PRINT;GD
DEN;DEN;PRINT;LIBRO
DEN;DEN;PRINT;LIBRO
DEN;DEN;DIG;GD
DEN;DEN;DIG;GD
DEN;DEN;DIG;GD
DEN;DEN;DIG;GD
DEN;DEN;DIG;GD
DEN;DEN;DIG;GD
DEN;DEN;DIG;GD
DEN;DEN;DIG;GD
DEN;DEN;DIG;GD
DEN;DEN;DIG;GD
DEN;DEN;DIG;GD
DEN;DEN;DIG;GD
DEN;DEN;DIG;GD
DEN;DEN;DIG;GD
DEN;DEN;DIG;GD
DEN;DEN;DIG;GD
DEN;DEN;DIG;GD
DEN;DEN;DIG;GD
DEN;DEN;DIG;GD
DEN;DEN;DIG;GD
DEN;DEN;DIG;GD
DEN;DEN;DIG;GD
DEN;DEN;DIG;GD
DEN;DEN;DIG;GD
DEN;DEN;DIG;GD
DEN;DEN;DIG;GD
DEN;DEN;DIG;GD
DEN;DEN;DIG;GD
DEN;DEN;DIG;GD
DEN;DEN;DIG;GD
DEN;DEN;DIG;GD
DEN;DEN;DIG;GD
DEN;DEN;DIG;GD
DEN;DEN;DIG;GD
DEN;DEN;DIG;GD
DEN;DEN;DIG;GD
DEN;DEN;DIG;GD
DEN;DEN;DIG;GD
DEN;DEN;DIG;GD
DEN;DEN;DIG;GD
DEN;DEN;DIG;GD
DEN;DEN;DIG;GD
DEN;DEN;PRINT;GD
DEN;DEN;PRINT;GD
DEN;DEN;PRINT;GD
DEN;DEN;PRINT;GD
DEN;DEN;PRINT;GD
DEN;DEN;PRINT;GD
DEN;DEN;PRINT;GD
DEN;DEN;PRINT;GD
DEN;DEN;PRINT;GD
DEN;DEN;PRINT;GD
DEN;DEN;PRINT;GD
DEN;DEN;PRINT;GD
DEN;DEN;PRINT;GD
DEN;DEN;PRINT;GD
DEN;DEN;PRINT;GD
DEN;DEN;PRINT;GD
DEN;DEN;PRINT;GD
DEN;DEN;PRINT;GD
DEN;DEN;PRINT;GD
DEN;DEN;PRINT;GD
DEN;DEN;PRINT;GD
DEN;DEN;PRINT;GD
DEN;DEN;PRINT;GD
DEN;DEN;PRINT;GD
DEN;DEN;PRINT;GD
DEN;DEN;PRINT;GD
DEN;DEN;PRINT;GD
DEN;DEN;PRINT;GD
DEN;DEN;EVE;GD
DEN;DEN;EVE;GD
DEN;DEN;EVE;GD
DEN;DEN;EVE;GD
DEN;DEN;EVE;GD
DEN;DEN;EVE;GD
DEN;DEN;EVE;GD
DEN;DEN;EVE;GD
DEN;DEN;EVE;GD
DEN;DEN;EVE;GD
DEN;DEN;PRINT;GDF
DEN;DEN;PRINT;GDF
DEN;DEN;PRINT;GDF
DEN;DEN;PRINT;GDF
DEN;DEN;PRINT;GDF
DEN;DEN;PRINT;GDF
DEN;DEN;PRINT;GDF
DEN;DEN;PRINT;GDF
DEN;DEN;PRINT;GDF
DEN;DEN;PRINT;GDF
DEN;DEN;PRINT;GDF
DEN;DEN;PRINT;GDF
DEN;DEN;PRINT;GDF
DEN;DEN;PRINT;GDF
DEN;DEN;PRINT;GDF
DEN;DEN;PRINT;GDF
DEN;DEN;PRINT;GDF
DEN;DEN;PRINT;GDF
DEN;DEN;PRINT;GDF
DEN;DEN;PRINT;GDF
DEN;DEN;DIG;GDF
DEN;DEN;DIG;GDF
DEN;DEN;DIG;GDF
DEN;DEN;DIG;GDF
DEN;DEN;DIG;GD
DEN;DEN;DIG;GD
DEN;DEN;DIG;GD
DEN;DEN;DIG;GD
DEN;DEN;DIG;GD
DEN;DEN;DIG;GD
DEN;DEN;DIG;GD
DEN;DEN;DIG;GD
DEN;DEN;DIG;GD
DEN;DEN;DIG;GD
DEN;DEN;DIG;GD
DEN;DEN;DIG;GD
DEN;DEN;DIG;GD
DEN;DEN;DIG;GD
DEN;DEN;DIG;GD
DEN;DEN;DIG;GD
DEN;DEN;DIG;GD
DEN;DEN;DIG;GD
DEN;DEN;DIG;GD
DEN;DEN;DIG;GD
DEN;DEN;DIG;GD
DEN;DEN;DIG;GD
DEN;DEN;DIG;GD
DEN;DEN;DIG;GD
DEN;DEN;DIG;GD
DEN;DEN;DIG;GD
DEN;DEN;DIG;GD
DEN;DEN;DIG;GD
DEN;DEN;DIG;GD
DEN;DEN;DIG;GD
DEN;DEN;DIG;GD
DEN;DEN;DIG;GD
DEN;DEN;DIG;GD
DEN;DEN;DIG;GD
DEN;DEN;DIG;GD
DEN;DEN;DIG;GD
DEN;DEN;DIG;GD
DEN;DEN;DIG;GD
DEN;DEN;DIG;GD
DEN;DEN;DIG;GD
DEN;DEN;DIG;GD
DEN;DEN;DIG;GD
DEN;DEN;DIG;GD
DEN;DEN;DIG;GD
DEN;DEN;DIG;GD
DEN;DEN;DIG;GD
DEN;DEN;DIG;GD
DEN;DEN;DIG;GD
DEN;DEN;DIG;GD
DEN;DEN;DIG;GD
DEN;DEN;DIG;GD
DEN;DEN;DIG;GD
DEN;DEN;DIG;GD
DEN;DEN;DIG;GD
DEN;DEN;DIG;GD
DEN;DEN;DIG;GD
DEN;DEN;DIG;GD
DEN;DEN;DIG;GD
DEN;DEN;DIG;GD
DEN;DEN;DIG;GD
DEN;DEN;DIG;GD
DEN;DEN;DIG;GD
DEN;DEN;DIG;GD
DEN;DEN;DIG;GD
DEN;DEN;DIG;GD
DEN;DEN;DIG;GD
DEN;DEN;DIG;GD
DEN;DEN;DIG;GD
DEN;DEN;DIG;GD
DEN;DEN;DIG;GD
DEN;DEN;DIG;GD
DEN;DEN;DIG;GD
DEN;DEN;DIG;GD
DEN;DEN;DIG;GD
DEN;DEN;DIG;GD
DEN;DEN;DIG;GD
DEN;DEN;DIG;GD
DEN;DEN;DIG;GD
DEN;DEN;DIG;GD
DEN;DEN;DIG;GD
DEN;DEN;DIG;GD
DEN;DEN;DIG;GD
DEN;DEN;DIG;GD
DEN;DEN;DIG;GD
DEN;DEN;DIG;GD
DEN;DEN;DIG;GD
DEN;DEN;DIG;GD
DEN;DEN;DIG;GD
DEN;DEN;DIG;GD
DEN;DEN;DIG;GD
DEN;DEN;DIG;GD
DEN;DEN;DIG;GD
DEN;DEN;DIG;GD
DEN;DEN;DIG;GD
DEN;DEN;DIG;GD
DEN;DEN;DIG;GD
DEN;DEN;DIG;GD
DEN;DEN;DIG;GD
DEN;DEN;DIG;GD
DEN;DEN;DIG;GD
DEN;DEN;DIG;GD
DEN;DEN;DIG;GD
DEN;DEN;DIG;GD
DEN;DEN;DIG;GD
DEN;DEN;DIG;GD
DEN;DEN;DIG;GD
DEN;DEN;DIG;GD
DEN;DEN;DIG;GD
DEN;DEN;DIG;GD
DEN;DEN;DIG;GD
DEN;DEN;DIG;DNEWS
DEN;DEN;DIG;GD
DEN;DEN;DIG;GD
DEN;DEN;DIG;GD
DEN;DEN;DIG;GD
DEN;DEN;DIG;GD
DEN;DEN;DIG;GD
DEN;DEN;DIG;GD
DEN;DEN;DIG;GD
DEN;DEN;DIG;GD
DEN;DEN;DIG;GD
DEN;DEN;DIG;GD
DEN;DEN;DIG;GD
DEN;DEN;DIG;GD
DEN;DEN;DIG;GD
DEN;DEN;DIG;GD
DEN;DEN;DIG;GD
DEN;DEN;DIG;GD
DEN;DEN;DIG;GD
DEN;DEN;DIG;GD
DEN;DEN;DIG;GD
DEN;DEN;DIG;GD
DEN;DEN;DIG;GD
DEN;DEN;DIG;GD
DEN;DEN;DIG;GD
DEN;DEN;DIG;GD
DEN;DEN;DIG;GD
DEN;DEN;DIG;GD
DEN;DEN;DIG;GD
DEN;DEN;DIG;GD
DEN;DEN;DIG;GD
DEN;DEN;DIG;GD
DEN;DEN;DIG;GD
DEN;DEN;DIG;GD
DEN;DEN;DIG;GD
DEN;DEN;DIG;GD
DEN;DEN;DIG;GD
DEN;DEN;DIG;GD
DEN;DEN;DIG;GD
DEN;DEN;DIG;GD
DEN;DEN;DIG;GD
DEN;DEN;DIG;GD
DEN;DEN;DIG;GD
DEN;DEN;DIG;GD
DEN;DEN;DIG;GD
DEN;DEN;DIG;GD
DEN;DEN;DIG;GD
DEN;DEN;DIG;GD
DEN;DEN;DIG;GD
DEN;DEN;DIG;GD
DEN;DEN;DIG;GD
DEN;DEN;DIG;GD
DEN;DEN;DIG;GD
DEN;DEN;DIG;GD
DEN;DEN;DIG;GD
DEN;DEN;DIG;GD
DEN;DEN;DIG;GD
DEN;DEN;DIG;GD
DEN;DEN;DIG;GD
DEN;DEN;DIG;GD
DEN;DEN;DIG;GD
DEN;DEN;DIG;GD
DEN;DEN;DIG;GD
DEN;DEN;DIG;07127
DEN;DEN;DIG;07127
DEN;DEN;DIG;GD
DEN;DEN;DIG;07127
DEN;DEN;DIG;GD
DEN;DEN;DIG;GD
DEN;DEN;PRINT;GD
DEN;DEN;PRINT;GD
DEN;DEN;DIG;GD
DEN;DEN;DIG;GD
DEN;DEN;DIG;GD
DEN;DEN;DIG;GD
DEN;DEN;DIG;GD
DEN;DEN;DIG;GD
DEN;DEN;PRINT;GD
DEN;DEN;PRINT;GD
DEN;DEN;EVE;PGD
DEN;DEN;EVE;PGD
DEN;DEN;EVE;EVEVAR
DEN;DEN;EVE;EVEVAR
DEN;DEN;EVE;EVEVAR
DEN;DEN;EVE;EVEVAR
DEN;DEN;DIG;GD
DEN;DEN;DIG;GD
DEN;DEN;PRINT;GD
DEN;DEN;EVE;PGD
DEN;DEN;EVE;EVEVAR
DEN;DEN;EVE;EVEVAR
DEN;DEN;PRINT;GD
DEN;DEN;EVE;PGD
DEN;DEN;PRINT;GD
DEN;DEN;EVE;PGD
DEN;DEN;EVE;PGD
DEN;DEN;EVE;PGD
DEN;DEN;EVE;PGD
DEN;DEN;EVE;PGD
DEN;DEN;PRINT;GD
DEN;DEN;EVE;PGD
DEN;DEN;EVE;PGD
DEN;DEN;EVE;DESGD
DEN;DEN;PRINT;GD
DEN;DEN;PRINT;GD
DEN;DEN;PRINT;GD
DEN;DEN;PRINT;GD
DEN;DEN;PRINT;GD
DEN;DEN;PRINT;GD
DEN;DEN;PRINT;GDEXPO
DEN;DEN;PRINT;GDEXPO
DEN;DEN;PRINT;GDEXPO
DEN;DEN;PRINT;GDEXPO
DEN;DEN;PRINT;GDEXPO
DEN;DEN;PRINT;GDEXPO
DEN;DEN;PRINT;GDEXPO
DEN;DEN;PRINT;GDEXPO
DEN;DEN;PRINT;GDEXPO
DEN;DEN;PRINT;GDEXPO
DEN;DEN;PRINT;GDEXPO
DEN;DEN;PRINT;GDEXPO
DEN;DEN;PRINT;GDEXPO
DEN;DEN;PRINT;GDEXPO
DEN;DEN;DIG;GD
DEN;DEN;DIG;GD
DEN;DEN;DIG;GD
DEN;DEN;DIG;GD
DEN;DEN;DIG;GD
DEN;DEN;DIG;GD
DEN;DEN;DIG;GD
DEN;DEN;DIG;GD
DEN;DEN;DIG;GD
DEN;DEN;DIG;GD
DEN;DEN;DIG;GD
DEN;DEN;DIG;GD
DEN;DEN;DIG;DNEWS
DEN;DEN;PRINT;GD
DEN;DEN;PRINT;GD
DEN;DEN;PRINT;GD
DEN;DEN;PRINT;GD
DEN;DEN;EVE;PGD
DEN;DEN;EVE;PGD
DEN;DEN;EVE;DESGD
DEN;DEN;EVE;DESCSEG
DEN;DEN;EVE;DESGD
DEN;DEN;EVE;DESCSEG
DEN;DEN;EVE;GD
DEN;DEN;EVE;GD
DEN;DEN;EVE;PN-DF
DEN;DEN;EVE;PN-DF
DEN;DEN;EVE;PGD
DEN;DEN;EVE;PGD
DEN;DEN;EVE;PGD
DEN;DEN;DIG;GD
DEN;DEN;DIG;GD
DEN;DEN;DIG;GD
DEN;DEN;DIG;GD
DEN;DEN;DIG;GD
DEN;DEN;DIG;GD
DEN;DEN;DIG;GD
DEN;DEN;DIG;GD
DEN;DEN;DIG;GD
DEN;DEN;DIG;GD
DEN;DEN;DIG;GD
DEN;DEN;DIG;GD
DEN;DEN;DIG;GD
DEN;DEN;DIG;GD
DEN;DEN;DIG;GD
DEN;DEN;DIG;GD
DEN;DEN;PRINT;LIBRO
DEN;DEN;PRINT;LIBRO
DEN;DEN;PRINT;LIBRO
DEN;DEN;PRINT;LIBRO
DEP;DEP;PRINT;DS
DEP;DEP;PRINT;DS
DEP;DEP;PRINT;DS
DEP;DEP;PRINT;DS
DEP;DEP;PRINT;DS
DEP;DEP;PRINT;DS
DEP;DEP;PRINT;DS
DEP;DEP;PRINT;DS
DEP;DEP;PRINT;DS
DEP;DEP;PRINT;DS
DEP;DEP;PRINT;DS
DEP;DEP;PRINT;DS
DEP;DEP;PRINT;DS
DEP;DEP;PRINT;DS
DEP;DEP;PRINT;DS
DEP;DEP;PRINT;DS
DEP;DEP;PRINT;DS
DEP;DEP;PRINT;DS
DEP;DEP;PRINT;DS
DEP;DEP;PRINT;DS
DEP;DEP;PRINT;DS
DEP;DEP;PRINT;DS
DEP;DEP;PRINT;DS
DEP;DEP;PRINT;DS
DEP;DEP;PRINT;DS
DEP;DEP;PRINT;DS
DEP;DEP;PRINT;DS
DEP;DEP;PRINT;DS
DEP;DEP;PRINT;DS
DEP;DEP;PRINT;DS
DEP;DEP;PRINT;DS
DEP;DEP;PRINT;DS
DEP;DEP;PRINT;DS
DEP;DEP;PRINT;DS
DEP;DEP;PRINT;DS
DEP;DEP;PRINT;DS
DEP;DEP;PRINT;DS
DEP;DEP;PRINT;DS
DEP;DEP;PRINT;DS
DEP;DEP;PRINT;DS
DEP;DEP;PRINT;DS
DEP;DEP;PRINT;DS
DEP;DEP;PRINT;DS
DEP;DEP;PRINT;DS
DEP;DEP;PRINT;DS
DEP;DEP;PRINT;DS
DEP;DEP;PRINT;DS
DEP;DEP;PRINT;DS
DEP;DEP;PRINT;DS
DEP;DEP;PRINT;DS
DEP;DEP;PRINT;DS
DEP;DEP;PRINT;DS
DEP;DEP;PRINT;DS
DEP;DEP;PRINT;DS
DEP;DEP;PRINT;DS
DEP;DEP;PRINT;DS
DEP;DEP;PRINT;DS
DEP;DEP;PRINT;DS
DEP;DEP;PRINT;DS
DEP;DEP;PRINT;DS
DEP;DEP;PRINT;DS
DEP;DEP;PRINT;DS
DEP;DEP;PRINT;DS
DEP;DEP;PRINT;DS
DEP;DEP;PRINT;DS
DEP;DEP;PRINT;DS
DEP;DEP;PRINT;DS
DEP;DEP;PRINT;DS
DEP;DEP;PRINT;DS
DEP;DEP;PRINT;DS
DEP;DEP;PRINT;DS
DEP;DEP;PRINT;DS
DEP;DEP;PRINT;DS
DEP;DEP;PRINT;DS
DEP;DEP;PRINT;DS
DEP;DEP;PRINT;DS
DEP;DEP;PRINT;DS
DEP;DEP;PRINT;DS
DEP;DEP;PRINT;DS
DEP;DEP;PRINT;DS
DEP;DEP;PRINT;DS
DEP;DEP;PRINT;DS
DEP;DEP;PRINT;DS
DEP;DEP;PRINT;DS
DEP;DEP;PRINT;DS
DEP;DEP;PRINT;DS
DEP;DEP;PRINT;DS
DEP;DEP;PRINT;DS
DEP;DEP;PRINT;DS
DEP;DEP;PRINT;DS
DEP;DEP;PRINT;GUIADS
DEP;DEP;PRINT;GUIADS
DEP;DEP;PRINT;GUIADS
DEP;DEP;PRINT;GUIADS
DEP;DEP;PRINT;GUIADS
DEP;DEP;PRINT;GUIADS
DEP;DEP;PRINT;GUIADS
DEP;DEP;PRINT;GUIADS
DEP;DEP;PRINT;AGEN
DEP;DEP;PRINT;AGEN
DEP;DEP;PRINT;AGEN
DEP;DEP;PRINT;AGEN
DEP;DEP;PRINT;AGEN
DEP;DEP;PRINT;AGEN
DEP;DEP;PRINT;AGEN
DEP;DEP;PRINT;AGEN
DEP;DEP;PRINT;AGEN
DEP;DEP;PRINT;AGEN
DEP;DEP;PRINT;AGEN
DEP;DEP;PRINT;AGEN
DEP;DEP;PRINT;AGEN
DEP;DEP;PRINT;AGEN
DEP;DEP;PRINT;AGEN
DEP;DEP;PRINT;AGEN
DEP;DEP;PRINT;AGEN
DEP;DEP;PRINT;AGEN
DEP;DEP;DIG;DS
DEP;DEP;DIG;DS
DEP;DEP;DIG;DS
DEP;DEP;DIG;DS
DEP;DEP;DIG;DS
DEP;DEP;DIG;DS
DEP;DEP;DIG;DS
DEP;DEP;DIG;DS
DEP;DEP;DIG;DS
DEP;DEP;DIG;DS
DEP;DEP;DIG;DS
DEP;DEP;DIG;DS
DEP;DEP;DIG;DS
DEP;DEP;DIG;DS
DEP;DEP;DIG;DS
DEP;DEP;DIG;DS
DEP;DEP;DIG;DS
DEP;DEP;DIG;DS
DEP;DEP;DIG;DS
DEP;DEP;DIG;DS
DEP;DEP;DIG;DS
DEP;DEP;DIG;DS
DEP;DEP;DIG;DS
DEP;DEP;DIG;DS
DEP;DEP;DIG;DS
DEP;DEP;DIG;DS
DEP;DEP;DIG;DS
DEP;DEP;DIG;DS
DEP;DEP;DIG;DS
DEP;DEP;DIG;DS
DEP;DEP;DIG;DS
DEP;DEP;DIG;DS
DEP;DEP;DIG;DS
DEP;DEP;DIG;DS
DEP;DEP;DIG;DS
DEP;DEP;DIG;DS
DEP;DEP;DIG;DS
DEP;DEP;DIG;DS
DEP;DEP;DIG;DS
DEP;DEP;DIG;DS
DEP;DEP;DIG;DS
DEP;DEP;DIG;DS
DEP;DEP;DIG;DS
DEP;DEP;DIG;DS
DEP;DEP;DIG;DS
DEP;DEP;DIG;DS
DEP;DEP;DIG;DS
DEP;DEP;DIG;DS
DEP;DEP;DIG;DS
DEP;DEP;DIG;DS
DEP;DEP;DIG;DS
DEP;DEP;DIG;DS
DEP;DEP;DIG;DS
DEP;DEP;DIG;DS
DEP;DEP;DIG;DS
DEP;DEP;DIG;DS
DEP;DEP;DIG;DS
DEP;DEP;DIG;DS
DEP;DEP;DIG;DS
DEP;DEP;DIG;DS
DEP;DEP;DIG;DS
DEP;DEP;DIG;DS
DEP;DEP;DIG;DS
DEP;DEP;DIG;DS
DEP;DEP;DIG;DS
DEP;DEP;DIG;DS
DEP;DEP;DIG;DS
DEP;DEP;DIG;DS
DEP;DEP;DIG;DS
DEP;DEP;PRINT;DS
DEP;DEP;PRINT;DS
DEP;DEP;EVE;DS
DEP;DEP;EVE;DS
DEP;DEP;GEN;DS
DEP;DEP;GEN;DS
DEP;DEP;GEN;DS
DEP;DEP;GEN;DS
DEP;DEP;GEN;DS
DEP;DEP;GEN;DS
DEP;DEP;DIG;DS
DEP;DEP;DIG;DS
DEP;DEP;DIG;DS
DEP;DEP;DIG;DS
DEP;DEP;DIG;DS
DEP;DEP;DIG;DS
DEP;DEP;DIG;DS
DEP;DEP;DIG;DS
DEP;DEP;DIG;DS
DEP;DEP;PRINT;DS
DEP;DEP;PRINT;DS
DEP;DEP;EVE;DS
DEP;DEP;EVE;DS
DEP;DEP;EVE;DS
DEP;DEP;EVE;DS
DEP;DEP;EVE;DS
DEP;DEP;EVE;DS
DEP;DEP;EVE;PN-SPF
DEP;DEP;EVE;PN-SF
DEP;DEP;EVE;PN-SF
DEP;DEP;EVE;PN-SF
DEP;DEP;EVE;PN-SF
DEP;DEP;EVE;PN-SF
DEP;DEP;EVE;PN-SF
DEP;DEP;EVE;PN-SF
DEP;DEP;DIG;DS
DEP;DEP;DIG;DS
DEP;DEP;DIG;DS
DEP;DEP;DIG;DS
DEP;DEP;DIG;DS
DEP;DEP;DIG;DS
DEP;DEP;DIG;DS
DEP;DEP;DIG;DS
DEP;DEP;DIG;DS
DEP;DEP;DIG;DS
DEP;DEP;DIG;DS
DEP;DEP;DIG;DS
DEP;DEP;DIG;DS
DEP;DEP;DIG;DS
DEP;DEP;DIG;DS
DEP;DEP;DIG;DS
DEP;DEP;EVE;ANIDS
DEP;DEP;EVE;ANIDS
DEP;DEP;EVE;ANIDS
DEP;DEP;EVE;ANIDS
CON;CON;PRINT;CCH
CON;CON;PRINT;CCH
CON;CON;PRINT;CCH
CON;CON;PRINT;CCH
CON;CON;PRINT;CCH
CON;CON;PRINT;CCH
CON;CON;PRINT;CCH
CON;CON;PRINT;CCH
CON;CON;PRINT;CCH
CON;CON;PRINT;CCH
CON;CON;PRINT;CCH
CON;CON;PRINT;CCH
CON;CON;PRINT;CCH
CON;CON;PRINT;CCH
CON;CON;PRINT;CCH
CON;CON;PRINT;CCH
CON;CON;PRINT;CCH
CON;CON;PRINT;CCH
CON;CON;PRINT;CCH
CON;CON;PRINT;CCH
CON;CON;PRINT;CCH
CON;CON;PRINT;CCH
CON;CON;PRINT;CCH
CON;CON;PRINT;CCH
CON;CON;PRINT;CCH
CON;CON;PRINT;CCH
CON;CON;PRINT;CCH
CON;CON;PRINT;CCH
CON;CON;PRINT;CCH
CON;CON;PRINT;CCH
CON;CON;PRINT;CCH
CON;CON;PRINT;CCH
CON;CON;PRINT;CCH
CON;CON;PRINT;CCH
CON;CON;PRINT;CCH
CON;CON;PRINT;CCH
CON;CON;PRINT;CCH
CON;CON;PRINT;CCH
CON;CON;PRINT;CCH
CON;CON;PRINT;CCH
CON;CON;PRINT;CCH
CON;CON;PRINT;CCH
CON;CON;PRINT;CCH
CON;CON;PRINT;CCH
CON;CON;PRINT;CCH
CON;CON;PRINT;CCH
CON;CON;PRINT;CCH
CON;CON;PRINT;CCH
CON;CON;PRINT;CCH
CON;CON;PRINT;CCH
CON;CON;PRINT;CCH
CON;CON;PRINT;CCH
CON;CON;PRINT;CCH
CON;CON;PRINT;CCH
CON;CON;PRINT;CCH
CON;CON;PRINT;CCH
CON;CON;PRINT;CCH
CON;CON;PRINT;CCH
CON;CON;PRINT;CCH
CON;CON;PRINT;CCH
CON;CON;PRINT;CCH
CON;CON;PRINT;CCH
CON;CON;PRINT;CCH
CON;CON;PRINT;CCH
CON;CON;PRINT;CCH
CON;CON;DIG;CCH
CON;CON;DIG;CCH
CON;CON;DIG;CCH
CON;CON;DIG;CCH
CON;CON;DIG;CCH
CON;CON;DIG;CCH
CON;CON;DIG;CCH
CON;CON;DIG;CCH
CON;CON;DIG;CCH
CON;CON;DIG;CCH
CON;CON;DIG;CCH
CON;CON;DIG;CCH
CON;CON;DIG;CCH
CON;CON;DIG;CCH
CON;CON;PRINT;CCH
CON;CON;PRINT;CCH
CON;CON;PRINT;CCH
CON;CON;PRINT;CCH
CON;CON;EVE;PCCA
CON;CON;EVE;PCCA
CON;CON;EVE;PCCA
CON;CON;EVE;PCCA
CON;CON;EVE;PCCA
CON;CON;EVE;PCCA
CON;CON;EVE;PCCA
CON;CON;EVE;PCCA
CON;CON;EVE;PCCA
CON;CON;EVE;PCCA
CON;CON;EVE;PCCA
CON;CON;EVE;PCCA
CON;CON;EVE;PCCA
CON;CON;EVE;PCCA
CON;CON;EVE;PCCA
CON;CON;EVE;PCCA
CON;CON;EVE;PCCA
CON;CON;EVE;PCCA
CON;CON;EVE;PCCA
CON;CON;EVE;PCCA
CON;CON;EVE;PCCA
CON;CON;EVE;PCCA
CON;CON;EVE;PCCA
CON;CON;EVE;PCCA
CON;CON;EVE;PCCA
CON;CON;EVE;PCCA
CON;CON;EVE;PCCA
CON;CON;EVE;PCCA
CON;CON;EVE;PCCA
CON;CON;EVE;PCCA
CON;CON;EVE;PCCA
CON;CON;EVE;PCCA
CON;CON;EVE;PCCA
CON;CON;EVE;PCCA
CON;CON;EVE;PCCA
CON;CON;EVE;PCCA
CON;CON;EVE;PCCA
CON;CON;EVE;PCCA
CON;CON;EVE;PCCA
CON;CON;EVE;PCCA
CON;CON;EVE;PCCA
CON;CON;EVE;PCCA
CON;CON;EVE;PCCA
CON;CON;EVE;PCCA
CON;CON;EVE;PCCA
CON;CON;EVE;PCCA
CON;CON;EVE;PCCA
CON;CON;EVE;PCCA
CON;CON;EVE;PCCA
CON;CON;EVE;PCCA
CON;CON;EVE;PCCA
CON;CON;EVE;PCCA
CON;CON;EVE;PCCA
CON;CON;EVE;PCCA
CON;CON;EVE;PCCA
CON;CON;EVE;PCCA
CON;CON;EVE;PCCA
CON;CON;EVE;BUSMET
CON;CON;EVE;BUSMET
CON;CON;EVE;BUSMET
CON;CON;EVE;BUSMET
CON;CON;EVE;BUSMET
CON;CON;EVE;BUSMET
CON;CON;EVE;BUSMET
CON;CON;EVE;BUSMET
CON;CON;EVE;BUSMET
CON;CON;EVE;BUSMET
CON;CON;EVE;BUSMET
CON;CON;EVE;BUSMET
CON;CON;EVE;BUSMET
CON;CON;EVE;BUSMET
CON;CON;EVE;BUSMET
CON;CON;EVE;BUSMET
CON;CON;EVE;BUSMET
CON;CON;EVE;BUSMET
CON;CON;EVE;BUSMET
CON;CON;EVE;BUSMET
CON;CON;EVE;BUSMET
CON;CON;EVE;BUSMET
CON;CON;EVE;BUSMET
CON;CON;EVE;BUSMET
CON;CON;EVE;BUSDAT
CON;CON;EVE;EVEPRESEN
CON;CON;EVE;PCCA
CON;CON;EVE;PCCA
CON;CON;EVE;PCCA
CON;CON;EVE;PCCA
CON;CON;EVE;PCCA
CON;CON;DIG;CCH
CON;CON;DIG;CCH
CON;CON;PRINT;CCH
CON;CON;PRINT;CCH
CON;CON;PRINT;CCH
CON;CON;PRINT;CCH
CON;CON;PRINT;CCH
CON;CON;PRINT;CCH
CON;CON;PRINT;CCH
CON;CON;PRINT;CCH
CON;CON;DIG;CCH
CON;CON;DIG;CCH
CON;CON;DIG;CCH
CON;CON;DIG;CCH
CON;CON;DIG;CCH
CON;CON;DIG;CCH
CON;CON;DIG;CCH
CON;CON;DIG;CCH
CON;CON;DIG;CCH
CON;CON;DIG;CCH
CON;CON;DIG;CCH
CON;CON;DIG;CCH
CON;CON;DIG;CCH
CON;CON;DIG;CCH
CON;CON;DIG;CCH
CON;CON;DIG;CCH
CON;CON;DIG;CCH
CON;CON;DIG;CCH
CON;CON;DIG;CCH
CON;CON;DIG;CCH
CON;CON;DIG;CCH
CON;CON;DIG;CCH
CON;CON;DIG;CCH
CON;CON;DIG;CCH
CON;CON;DIG;CCH
CON;CON;DIG;CCH
CON;CON;DIG;CCH
CON;CON;DIG;CCH
CON;CON;DIG;CCH
CON;CON;DIG;CCH
CON;CON;DIG;CCH
CON;CON;DIG;CCH
CON;CON;DIG;CCH
CON;CON;DIG;CCH
CON;CON;DIG;CCH
CON;CON;DIG;CCH
CON;CON;DIG;CCH
CON;CON;DIG;CCH
CON;CON;DIG;CCH
CON;CON;DIG;CCH
CON;CON;DIG;CCH
CON;CON;DIG;CCH
CON;CON;DIG;CCH
CON;CON;DIG;CCH
CON;CON;DIG;CCH
CON;CON;DIG;CCH
CON;CON;DIG;CCH
CON;CON;DIG;CCH
CON;CON;DIG;CCH
CON;CON;DIG;CCH
CON;CON;DIG;CCH
CON;CON;DIG;CCH
CON;CON;DIG;CCH
CON;CON;DIG;CCH
CON;CON;DIG;CCH
CON;CON;DIG;CCH
CON;CON;DIG;CCH
CON;CON;DIG;CCH
CON;CON;DIG;CCH
CON;CON;DIG;PCCA
CON;CON;DIG;CCH
CON;CON;DIG;CCH
CON;CON;DIG;CCH
CON;CON;DIG;CCH
CON;CON;DIG;CCH
CON;CON;DIG;CCH
CON;CON;DIG;CCH
CON;CON;DIG;CCH
CON;CON;DIG;CCH
CON;CON;DIG;CCH
CON;CON;DIG;CCH
CON;CON;DIG;CCH
CON;CON;DIG;CCH
CON;CON;DIG;CCH
CON;CON;DIG;CCH
CON;CON;DIG;CCH
CON;CON;DIG;CCH
CON;CON;DIG;CCH
CON;CON;DIG;CCH
CON;CON;DIG;CCH
CON;CON;DIG;CCH
CON;CON;DIG;CCH
CON;CON;DIG;CCH
CON;CON;DIG;CCH
CON;CON;EVE;PN-CF
CON;CON;EVE;PN-CF
CON;CON;EVE;PN-CF
CON;CON;EVE;PN-CF
CON;CON;EVE;PN-CF
CON;CON;EVE;PN-CF
CON;CON;EVE;PN-CF
CON;CON;EVE;PN-CF
CON;CON;EVE;PN-CF
CON;CON;EVE;PN-CF
CON;CON;EVE;PN-CF
CON;CON;EVE;PN-CF
CON;CON;EVE;PN-CF
CON;CON;EVE;PN-CF
CON;CON;EVE;PN-CF
CON;CON;EVE;PN-CF
CON;CON;EVE;PN-CF
CON;CON;EVE;PN-CF
CON;CON;EVE;PN-CF
CON;CON;EVE;PN-CF
CON;CON;EVE;PN-CF
CON;CON;EVE;PN-CF
CON;CON;EVE;PN-CF
CON;CON;EVE;PN-CF
CON;CON;EVE;PN-CF
CON;CON;EVE;PN-CF
CON;CON;EVE;PN-CF
CON;CON;EVE;PN-CF
CON;CON;EVE;PN-CF
CON;CON;EVE;PN-CF
CON;CON;EVE;PN-CF
CON;CON;EVE;PN-CF
CON;CON;EVE;PN-CF
CON;CON;EVE;PN-CF
CON;CON;EVE;PN-CF
CON;CON;EVE;PN-CF
CON;CON;EVE;PN-CF
CON;CON;EVE;PN-CF
CON;CON;EVE;PN-CF
CON;CON;EVE;PN-CF
CON;CON;EVE;PN-CF
CON;CON;EVE;PN-CF
CON;CON;EVE;PN-CF
CON;CON;EVE;PN-CF
CON;CON;EVE;PN-CF
CON;CON;EVE;PN-CF
CON;CON;EVE;PN-CF
CON;CON;EVE;PN-CF
CON;CON;EVE;PN-CF
CON;CON;EVE;PN-CF
CON;CON;EVE;PN-CF
CON;CON;EVE;PN-CF
CON;CON;EVE;PN-CF
CON;CON;EVE;PN-CF
CON;CON;EVE;PN-CF
CON;CON;EVE;PN-CF
CON;CON;EVE;PN-CF
CON;CON;EVE;PN-CF
CON;CON;DIG;CCH
CON;CON;DIG;CCH
CON;CON;DIG;CCH
CON;CON;DIG;CCH
CON;CON;DIG;CCH
CON;CON;DIG;CCH
CON;CON;DIG;CCH
CON;CON;DIG;CCH
DEN;DEN;PRINT;TIENGD
DEN;DEN;PRINT;TIENGD
DEN;DEN;PRINT;TIENGD
DEN;DEN;PRINT;TIENGD
DEN;DEN;PRINT;TIENGD
DEN;DEN;PRINT;TIENGD
DEN;DEN;PRINT;TIENGD
DEN;DEN;PRINT;TIENGD
DEN;DEN;PRINT;TIENGD
DEN;DEN;PRINT;TIENGD
DEN;DEN;PRINT;TIENGD
DEN;DEN;PRINT;TIENGD
DEN;DEN;PRINT;TIENGD
DEN;DEN;PRINT;TIENGD
DEN;DEN;PRINT;TIENGD
DEN;DEN;PRINT;TIENGD
DEN;DEN;PRINT;TIENGD
DEN;DEN;PRINT;TIENGD
DEN;DEN;PRINT;TIENGD
DEN;DEN;PRINT;TIENGD
DEN;DEN;PRINT;TIENGD
DEN;DEN;PRINT;LIBRO
DEN;DEN;PRINT;TIENGD
DEN;DEN;PRINT;TIENGD
DEN;DEN;PRINT;TIENGD
DEN;DEN;PRINT;TIENGD
DEN;DEN;PRINT;TIENGD
DEN;DEN;PRINT;TIENGD
DEN;DEN;PRINT;TIENGD
DEN;DEN;PRINT;TIENGD
DEN;DEN;PRINT;TIENGD
DEN;DEN;PRINT;TIENGD
DEN;DEN;PRINT;TIENGD
DEN;DEN;PRINT;TIENGD
DEN;DEN;PRINT;TIENGD
DEN;DEN;PRINT;TIENGD
DEN;DEN;PRINT;TIENGD
DEN;DEN;PRINT;TIENGD
DEN;DEN;PRINT;TIENGD
DEN;DEN;PRINT;TIENGD
DEN;DEN;PRINT;TIENGD
DEN;DEN;PRINT;TIENGD
DEN;DEN;PRINT;TIENGD
DEN;DEN;PRINT;TIENGD
DEN;DEN;PRINT;TIENGD
DEN;DEN;PRINT;TIENGD
DEN;DEN;PRINT;TIENGD
DEN;DEN;PRINT;TIENGD
DEN;DEN;PRINT;TIENGD
DEN;DEN;PRINT;TIENGD
DEN;DEN;PRINT;TIENGD
DEN;DEN;PRINT;TIENGD
DEN;DEN;PRINT;TIENGD
DEN;DEN;PRINT;TIENGD
DEN;DEN;PRINT;TIENGD
DEN;DEN;PRINT;TIENGD
DEN;DEN;PRINT;TIENGD
DEN;DEN;PRINT;TIENGD
DEN;DEN;PRINT;TIENGD
DEN;DEN;PRINT;TIENGD
DEN;DEN;PRINT;TIENGD
DEN;DEN;PRINT;TIENGD
DEN;DEN;PRINT;TIENGD
DEN;DEN;PRINT;TIENGD
DEN;DEN;PRINT;TIENGD
DEN;DEN;PRINT;TIENGD
DEN;DEN;PRINT;TIENGD
DEN;DEN;PRINT;TIENGD
DEN;DEN;PRINT;TIENGD
DEN;DEN;PRINT;TIENGD
DEN;DEN;PRINT;TIENGD
DEN;DEN;PRINT;TIENGD
DEN;DEN;PRINT;TIENGD
DEN;DEN;PRINT;TIENGD
DEN;DEN;PRINT;TIENGD
DEN;DEN;PRINT;TIENGD
DEN;DEN;PRINT;TIENGD
DEN;DEN;PRINT;TIENGD
DEN;DEN;PRINT;TIENGD
DEN;DEN;PRINT;TIENGD
DEN;DEN;PRINT;TIENGD
DEN;DEN;PRINT;TIENGD
DEN;DEN;PRINT;TIENGD
DEN;DEN;PRINT;TIENGD
DEN;DEN;PRINT;TIENGD
DEN;DEN;PRINT;TIENGD
DEN;DEN;PRINT;TIENGD
DEN;DEN;PRINT;TIENGD
DEN;DEN;PRINT;TIENGD
DEN;DEN;PRINT;TIENGD
DEN;DEN;PRINT;TIENGD
DEN;DEN;PRINT;TIENGD
DEN;DEN;PRINT;TIENGD
DEN;DEN;PRINT;TIENGD
DEN;DEN;PRINT;TIENGD
DEN;DEN;PRINT;TIENGD
DEN;DEN;PRINT;TIENGD
DEN;DEN;PRINT;TIENGD
DEN;DEN;PRINT;TIENGD
DEN;DEN;PRINT;TIENGD
DEN;DEN;PRINT;TIENGD
DEN;DEN;PRINT;TIENGD
DEN;DEN;PRINT;TIENGD
DEN;DEN;PRINT;TIENGD
DEN;DEN;PRINT;TIENGD
DEN;DEN;PRINT;TIENGD
DEN;DEN;PRINT;TIENGD
DEN;DEN;PRINT;TIENGD
DEN;DEN;PRINT;TIENGD
DEN;DEN;PRINT;TIENGD
DEN;DEN;PRINT;TIENGD
DEN;DEN;PRINT;TIENGD
DEN;DEN;PRINT;TIENGD
DEN;DEN;PRINT;TIENGD
DEN;DEN;PRINT;TIENGD
DEN;DEN;PRINT;TIENGD
DEN;DEN;PRINT;TIENGD
DEN;DEN;PRINT;TIENGD
DEN;DEN;PRINT;TIENGD
DEN;DEN;PRINT;TIENGD
DEN;DEN;PRINT;TIENGD
DEN;DEN;PRINT;TIENGD
DEN;DEN;PRINT;TIENGD
DEN;DEN;PRINT;TIENGD
DEN;DEN;PRINT;TIENGD
DEN;DEN;PRINT;TIENGD
DEN;DEN;PRINT;TIENGD
DEN;DEN;PRINT;TIENGD
DEN;DEN;PRINT;TIENGD
DEN;DEN;PRINT;TIENGD
DEN;DEN;PRINT;TIENGD
DEN;DEN;PRINT;TIENGD
DEN;DEN;PRINT;TIENGD
DEN;DEN;PRINT;TIENGD
DEN;DEN;PRINT;TIENGD
DEN;DEN;PRINT;TIENGD
DEN;DEN;PRINT;TIENGD
DEN;DEN;PRINT;TIENGD
DEN;DEN;PRINT;TIENGD
DEN;DEN;PRINT;TIENGD
DEN;DEN;PRINT;TIENGD
DEN;DEN;PRINT;TIENGD
DEN;DEN;PRINT;TIENGD
DEN;DEN;PRINT;TIENGD
DEN;DEN;PRINT;TIENGD
DEN;DEN;PRINT;TIENGD
DEN;DEN;PRINT;TIENGD
DEN;DEN;PRINT;TIENGD
DEN;DEN;PRINT;TIENGD
DEN;DEN;PRINT;TIENGD
DEN;DEN;PRINT;TIENGD
DEN;DEN;PRINT;TIENGD
DEN;DEN;PRINT;TIENGD
DEN;DEN;PRINT;TIENGD
DEN;DEN;PRINT;TIENGD
DEN;DEN;PRINT;TIENGD
DEN;DEN;PRINT;TIENGD
DEN;DEN;PRINT;TIENGD
DEN;DEN;PRINT;TIENGD
DEN;DEN;PRINT;TIENGD
DEN;DEN;PRINT;TIENGD
DEN;DEN;PRINT;TIENGD
DEN;DEN;PRINT;TIENGD
DEN;DEN;PRINT;TIENGD
DEN;DEN;PRINT;TIENGD
DEN;DEN;PRINT;TIENGD
DEN;DEN;PRINT;TIENGD
DEN;DEN;PRINT;TIENGD
DEN;DEN;PRINT;TIENGD
DEN;DEN;PRINT;TIENGD
DEN;DEN;PRINT;TIENGD
DEN;DEN;PRINT;TIENGD
DEN;DEN;PRINT;TIENGD
DEN;DEN;PRINT;TIENGD
DEN;DEN;PRINT;TIENGD
DEN;DEN;PRINT;TIENGD
DEN;DEN;PRINT;TIENGD
DEN;DEN;PRINT;TIENGD
DEN;DEN;PRINT;TIENGD
DEN;DEN;PRINT;TIENGD
DEN;DEN;PRINT;TIENGD
DEN;DEN;PRINT;TIENGD
DEN;DEN;PRINT;TIENGD
DEN;DEN;PRINT;TIENGD
DEN;DEN;PRINT;TIENGD
DEN;DEN;PRINT;TIENGD
DEN;DEN;PRINT;TIENGD
DEN;DEN;PRINT;TIENGD
DEN;DEN;PRINT;TIENGD
DEN;DEN;PRINT;TIENGD
DEN;DEN;PRINT;TIENGD
DEN;DEN;PRINT;TIENGD
DEN;DEN;PRINT;TIENGD
DEN;DEN;PRINT;TIENGD
DEN;DEN;PRINT;TIENGD
DEN;DEN;PRINT;TIENGD
DEN;DEN;PRINT;TIENGD
DEN;DEN;PRINT;TIENGD
DEN;DEN;PRINT;TIENGD
DEN;DEN;PRINT;TIENGD
DEN;DEN;PRINT;TIENGD
DEN;DEN;PRINT;TIENGD
DEN;DEN;PRINT;TIENGD
DEN;DEN;PRINT;TIENGD
DEN;DEN;PRINT;TIENGD
DEN;DEN;PRINT;TIENGD
DEN;DEN;PRINT;TIENGD
DEN;DEN;PRINT;TIENGD
DEN;DEN;PRINT;TIENGD
DEN;DEN;PRINT;TIENGD
DEN;DEN;PRINT;TIENGD
DEN;DEN;PRINT;TIENGD
DEN;DEN;PRINT;TIENGD
DEN;DEN;PRINT;TIENGD
DEN;DEN;PRINT;TIENGD
DEN;DEN;PRINT;TIENGD
DEN;DEN;PRINT;TIENGD
DEN;DEN;PRINT;TIENGD
DEN;DEN;PRINT;TIENGD
DEN;DEN;PRINT;TIENGD
DEN;DEN;PRINT;TIENGD
DEN;DEN;PRINT;TIENGD
DEN;DEN;PRINT;TIENGD
DEN;DEN;PRINT;TIENGD
DEN;DEN;PRINT;TIENGD
DEN;DEN;PRINT;TIENGD
DEN;DEN;PRINT;TIENGD
DEN;DEN;PRINT;TIENGD
DEN;DEN;PRINT;TIENGD
DEN;DEN;PRINT;TIENGD
DEN;DEN;PRINT;TIENGD
DEN;DEN;PRINT;TIENGD
DEN;DEN;PRINT;TIENGD
DEN;DEN;PRINT;TIENGD
DEN;DEN;PRINT;TIENGD
DEN;DEN;PRINT;TIENGD
DEN;DEN;PRINT;TIENGD
DEN;DEN;PRINT;TIENGD
DEN;DEN;PRINT;TIENGD
DEN;DEN;PRINT;TIENGD
DEN;DEN;PRINT;TIENGD
DEN;DEN;PRINT;TIENGD
DEN;DEN;PRINT;TIENGD
DEN;DEN;PRINT;TIENGD
DEN;DEN;PRINT;TIENGD
DEN;DEN;PRINT;TIENGD
DEN;DEN;PRINT;TIENGD
DEN;DEN;PRINT;TIENGD
DEN;DEN;PRINT;TIENGD
DEN;DEN;PRINT;TIENGD
DEN;DEN;PRINT;TIENGD
DEN;DEN;PRINT;TIENGD
DEN;DEN;PRINT;TIENGD
DEN;DEN;PRINT;TIENGD
DEN;DEN;PRINT;TIENGD
DEN;DEN;PRINT;TIENGD
DEN;DEN;PRINT;TIENGD
DEN;DEN;PRINT;TIENGD
DEN;DEN;PRINT;TIENGD
DEN;DEN;PRINT;TIENGD
DEN;DEN;PRINT;TIENGD
DEN;DEN;PRINT;TIENGD
DEN;DEN;PRINT;TIENGD
DEN;DEN;PRINT;TIENGD
DEN;DEN;PRINT;TIENGD
DEN;DEN;PRINT;TIENGD
DEN;DEN;PRINT;TIENGD
DEN;DEN;PRINT;TIENGD
DEN;DEN;PRINT;TIENGD
DEN;DEN;PRINT;TIENGD
DEN;DEN;PRINT;TIENGD
DEN;DEN;PRINT;TIENGD
DEN;DEN;PRINT;TIENGD
DEN;DEN;PRINT;TIENGD
DEN;DEN;PRINT;TIENGD
DEN;DEN;PRINT;TIENGD
DEN;DEN;PRINT;TIENGD
DEN;DEN;PRINT;TIENGD
DEN;DEN;PRINT;TIENGD
DEN;DEN;PRINT;TIENGD
DEN;DEN;PRINT;TIENGD
DEN;DEN;PRINT;TIENGD
DEN;DEN;PRINT;TIENGD
DEN;DEN;PRINT;TIENGD
DEN;DEN;PRINT;TIENGD
DEN;DEN;PRINT;TIENGD
DEN;DEN;PRINT;TIENGD
DEN;DEN;PRINT;TIENGD
DEN;DEN;PRINT;TIENGD
DEN;DEN;PRINT;TIENGD
DEN;DEN;PRINT;TIENGD
DEN;DEN;PRINT;TIENGD
DEN;DEN;PRINT;TIENGD
DEN;DEN;PRINT;TIENGD
DEN;DEN;PRINT;TIENGD
DEN;DEN;PRINT;TIENGD
DEN;DEN;PRINT;TIENGD
DEN;DEN;PRINT;TIENGD
DEN;DEN;PRINT;TIENGD
DEN;DEN;PRINT;TIENGD
DEN;DEN;PRINT;TIENGD
DEN;DEN;PRINT;TIENGD
DEN;DEN;PRINT;TIENGD
DEN;DEN;PRINT;TIENGD
DEN;DEN;PRINT;TIENGD
DEN;DEN;PRINT;TIENGD
DEN;DEN;PRINT;TIENGD
DEN;DEN;PRINT;TIENGD
DEN;DEN;PRINT;TIENGD
DEN;DEN;PRINT;TIENGD
DEN;DEN;PRINT;TIENGD
DEN;DEN;PRINT;TIENGD
DEN;DEN;PRINT;TIENGD
DEN;DEN;PRINT;TIENGD
DEN;DEN;PRINT;TIENGD
DEN;DEN;PRINT;TIENGD
DEN;DEN;PRINT;TIENGD
DEN;DEN;PRINT;TIENGD
DEN;DEN;PRINT;TIENGD
DEN;DEN;PRINT;TIENGD
DEN;DEN;PRINT;TIENGD
DEN;DEN;PRINT;TIENGD
DEN;DEN;PRINT;TIENGD
DEN;DEN;PRINT;TIENGD
DEN;DEN;PRINT;TIENGD
DEN;DEN;PRINT;TIENGD
DEN;DEN;PRINT;TIENGD
DEN;DEN;PRINT;TIENGD
DEN;DEN;PRINT;TIENGD
DEN;DEN;PRINT;TIENGD
DEN;DEN;PRINT;TIENGD
DEN;DEN;PRINT;TIENGD
DEN;DEN;PRINT;TIENGD
DEN;DEN;PRINT;TIENGD
DEN;DEN;PRINT;TIENGD
DEN;DEN;PRINT;TIENGD
DEN;DEN;PRINT;TIENGD
DEN;DEN;PRINT;TIENGD
DEN;DEN;PRINT;TIENGD
DEN;DEN;PRINT;TIENGD
DEN;DEN;PRINT;TIENGD
DEN;DEN;PRINT;TIENGD
DEN;DEN;PRINT;TIENGD
DEN;DEN;PRINT;TIENGD
DEN;DEN;PRINT;TIENGD
DEN;DEN;PRINT;TIENGD
DEN;DEN;PRINT;TIENGD
DEN;DEN;PRINT;TIENGD
DEN;DEN;PRINT;TIENGD
DEN;DEN;PRINT;TIENGD
DEN;DEN;PRINT;TIENGD
DEN;DEN;PRINT;TIENGD
DEN;DEN;PRINT;TIENGD
DEN;DEN;PRINT;TIENGD
DEN;DEN;PRINT;TIENGD
DEN;DEN;PRINT;TIENGD
DEN;DEN;PRINT;TIENGD
DEN;DEN;PRINT;TIENGD
DEN;DEN;PRINT;TIENGD
DEN;DEN;PRINT;TIENGD
DEN;DEN;PRINT;TIENGD
DEN;DEN;PRINT;TIENGD
DEN;DEN;PRINT;TIENGD
DEN;DEN;PRINT;TIENGD
DEN;DEN;PRINT;TIENGD
DEN;DEN;PRINT;TIENGD
DEN;DEN;PRINT;TIENGD
DEN;DEN;PRINT;TIENGD
DEN;DEN;PRINT;TIENGD
DEN;DEN;PRINT;TIENGD
DEN;DEN;PRINT;TIENGD
DEN;DEN;PRINT;TIENGD
DEN;DEN;PRINT;TIENGD
DEN;DEN;PRINT;TIENGD
DEN;DEN;PRINT;TIENGD
DEN;DEN;PRINT;TIENGD
DEN;DEN;PRINT;TIENGD
DEN;DEN;PRINT;TIENGD
DEN;DEN;PRINT;TIENGD
DEN;DEN;PRINT;TIENGD
DEN;DEN;PRINT;TIENGD
DEN;DEN;PRINT;TIENGD
DEN;DEN;PRINT;TIENGD
DEN;DEN;PRINT;TIENGD
DEN;DEN;PRINT;TIENGD
DEN;DEN;PRINT;TIENGD
DEN;DEN;PRINT;TIENGD
DEN;DEN;PRINT;TIENGD
DEN;DEN;PRINT;TIENGD
DEN;DEN;PRINT;TIENGD
DEN;DEN;PRINT;TIENGD
DEN;DEN;PRINT;TIENGD
DEN;DEN;PRINT;TIENGD
DEN;DEN;PRINT;TIENGD
DEN;DEN;PRINT;TIENGD
DEN;DEN;PRINT;TIENGD
DEN;DEN;PRINT;TIENGD
DEN;DEN;PRINT;TIENGD
DEN;DEN;PRINT;TIENGD
DEN;DEN;PRINT;TIENGD
DEN;DEN;PRINT;TIENGD
DEN;DEN;PRINT;TIENGD
DEN;DEN;PRINT;TIENGD
DEN;DEN;PRINT;TIENGD
DEN;DEN;PRINT;TIENGD
DEN;DEN;PRINT;TIENGD
DEN;DEN;PRINT;TIENGD
DEN;DEN;PRINT;TIENGD
DEN;DEN;PRINT;TIENGD
DEN;DEN;PRINT;TIENGD
DEN;DEN;PRINT;TIENGD
DEN;DEN;PRINT;TIENGD
DEN;DEN;PRINT;TIENGD
DEN;DEN;PRINT;TIENGD
DEN;DEN;PRINT;TIENGD
DEN;DEN;PRINT;TIENGD
DEN;DEN;PRINT;TIENGD
DEN;DEN;PRINT;TIENGD
DEN;DEN;PRINT;TIENGD
DEN;DEN;PRINT;TIENGD
DEN;DEN;PRINT;TIENGD
DEN;DEN;PRINT;TIENGD
DEN;DEN;PRINT;TIENGD
DEN;DEN;PRINT;TIENGD
DEN;DEN;PRINT;TIENGD
DEN;DEN;PRINT;TIENGD
DEN;DEN;PRINT;TIENGD
DEN;DEN;PRINT;TIENGD
DEN;DEN;PRINT;TIENGD
DEN;DEN;PRINT;TIENGD
DEN;DEN;PRINT;TIENGD
DEN;DEN;PRINT;TIENGD
DEN;DEN;PRINT;TIENGD
DEN;DEN;PRINT;TIENGD
DEN;DEN;PRINT;TIENGD
DEN;DEN;PRINT;TIENGD
DEN;DEN;PRINT;TIENGD
DEN;DEN;PRINT;TIENGD
DEN;DEN;PRINT;TIENGD
DEN;DEN;PRINT;TIENGD
DEN;DEN;PRINT;TIENGD
DEN;DEN;PRINT;TIENGD
DEN;DEN;PRINT;TIENGD
DEN;DEN;PRINT;TIENGD
DEN;DEN;PRINT;TIENGD
DEN;DEN;PRINT;TIENGD
DEN;DEN;PRINT;TIENGD
DEN;DEN;PRINT;TIENGD
DEN;DEN;PRINT;TIENGD
DEN;DEN;PRINT;TIENGD
DEN;DEN;PRINT;TIENGD
DEN;DEN;PRINT;TIENGD
DEN;DEN;PRINT;TIENGD
DEN;DEN;PRINT;TIENGD
DEN;DEN;PRINT;TIENGD
DEN;DEN;PRINT;TIENGD
DEN;DEN;PRINT;TIENGD
DEN;DEN;PRINT;TIENGD
DEN;DEN;PRINT;TIENGD
DEN;DEN;PRINT;TIENGD
DEN;DEN;PRINT;TIENGD
DEN;DEN;PRINT;TIENGD
DEN;DEN;PRINT;TIENGD
DEN;DEN;PRINT;TIENGD
DEN;DEN;PRINT;TIENGD
DEN;DEN;PRINT;TIENGD
DEN;DEN;PRINT;TIENGD
DEN;DEN;PRINT;TIENGD
DEN;DEN;PRINT;TIENGD
DEN;DEN;PRINT;TIENGD
DEN;DEN;PRINT;TIENGD
DEN;DEN;PRINT;TIENGD
DEN;DEN;PRINT;TIENGD
DEN;DEN;PRINT;TIENGD
DEN;DEN;PRINT;TIENGD
DEN;DEN;PRINT;TIENGD
DEN;DEN;PRINT;TIENGD
DEN;DEN;PRINT;TIENGD
DEN;DEN;PRINT;TIENGD
DEN;DEN;PRINT;TIENGD
DEN;DEN;PRINT;TIENGD
DEN;DEN;PRINT;TIENGD
DEN;DEN;PRINT;TIENGD
DEN;DEN;PRINT;TIENGD
DEN;DEN;PRINT;TIENGD
DEN;DEN;PRINT;TIENGD
DEN;DEN;PRINT;TIENGD
DEN;DEN;PRINT;TIENGD
DEN;DEN;PRINT;TIENGD
DEN;DEN;PRINT;TIENGD
DEN;DEN;PRINT;TIENGD
DEN;DEN;PRINT;TIENGD
DEN;DEN;PRINT;TIENGD
DEN;DEN;PRINT;TIENGD
DEN;DEN;PRINT;TIENGD
DEN;DEN;PRINT;TIENGD
DEN;DEN;PRINT;TIENGD
DEN;DEN;PRINT;TIENGD
DEN;DEN;PRINT;TIENGD
DEN;DEN;PRINT;TIENGD
DEN;DEN;PRINT;TIENGD
DEN;DEN;PRINT;TIENGD
DEN;DEN;PRINT;TIENGD
DEN;DEN;PRINT;TIENGD
DEN;DEN;PRINT;TIENGD
DEN;DEN;PRINT;TIENGD
DEN;DEN;PRINT;TIENGD
DEN;DEN;PRINT;TIENGD
DEN;DEN;PRINT;TIENGD
DEN;DEN;PRINT;TIENGD
DEN;DEN;PRINT;TIENGD
DEN;DEN;PRINT;TIENGD
DEN;DEN;PRINT;TIENGD
DEN;DEN;PRINT;TIENGD
DEN;DEN;PRINT;TIENGD
DEN;DEN;PRINT;TIENGD
DEN;DEN;PRINT;TIENGD
DEN;DEN;PRINT;TIENGD
DEN;DEN;PRINT;TIENGD
DEN;DEN;PRINT;TIENGD
DEN;DEN;PRINT;TIENGD
DEN;DEN;PRINT;TIENGD